year,code,amount,name,topname,depname,depcat,cat,ref
2014,3202010100,848062000,無細項,總統府主管,總統府,一般行政,國務支出,1.1.1
2014,3202010200,30000000,無細項,總統府主管,總統府,國務機要,國務支出,1.1.2
2014,3202010300,14618000,無細項,總統府主管,總統府,國家慶典,國務支出,1.1.3
2014,3202010401,10285000,國家發展研究及諮詢,總統府主管,總統府,研究發展,國務支出,1.1.4.1
2014,3202010500,11722000,無細項,總統府主管,總統府,新聞發布,國務支出,1.1.5
2014,3202010600,19240000,無細項,總統府主管,總統府,卸任禮遇,國務支出,1.1.6
2014,3202010800,14897000,無細項,總統府主管,總統府,公報編印及印信勳章鑄造,國務支出,1.1.7
2014,3202019800,2073000,無細項,總統府主管,總統府,第一預備金,國務支出,1.1.8
2014,3202100100,183301000,無細項,總統府主管,國家安全會議,一般行政,國務支出,1.2.1
2014,3202102000,19561000,無細項,總統府主管,國家安全會議,諮詢研究業務,國務支出,1.2.2
2014,3202109011,2043000,交通及運輸設備,總統府主管,國家安全會議,一般建築及設備,國務支出,1.2.3.1
2014,3202109800,500000,無細項,總統府主管,國家安全會議,第一預備金,國務支出,1.2.4
2014,5302300100,181201000,無細項,總統府主管,國史館,一般行政,文化支出,1.3.1
2014,5302301001,7457000,史料採集,總統府主管,國史館,史料採集與典藏,文化支出,1.3.2.1
2014,5302301002,6511000,史料整編典藏閱覽,總統府主管,國史館,史料採集與典藏,文化支出,1.3.2.2
2014,5302302000,8805000,無細項,總統府主管,國史館,國史編纂,文化支出,1.3.3
2014,5302309800,340000,無細項,總統府主管,國史館,第一預備金,文化支出,1.3.4
2014,5302313000,102278000,無細項,總統府主管,國史館臺灣文獻館,一般行政,文化支出,1.4.1
2014,5302314002,6481000,採集文獻暨文物大樓營運,總統府主管,國史館臺灣文獻館,文獻業務,文化支出,1.4.2.1
2014,5302314003,5123000,整理文獻暨文獻大樓營運,總統府主管,國史館臺灣文獻館,文獻業務,文化支出,1.4.2.2
2014,5302314004,7623000,編輯文獻暨史蹟大樓營運,總統府主管,國史館臺灣文獻館,文獻業務,文化支出,1.4.2.3
2014,5202400100,429124000,無細項,總統府主管,中央研究院,一般行政,科學支出,1.5.1
2014,5202401020,3009988000,學術審議及研究獎助,總統府主管,中央研究院,一般學術研究及評議,科學支出,1.5.2.1
2014,5202401023,3104756000,主題研究與人才培育,總統府主管,中央研究院,一般學術研究及評議,科學支出,1.5.2.2
2014,5202402010,1789712000,數理科學研究,總統府主管,中央研究院,自然及人文社會科學研究,科學支出,1.5.3.1
2014,5202402020,1892395000,生命科學研究,總統府主管,中央研究院,自然及人文社會科學研究,科學支出,1.5.3.2
2014,5202402030,936863000,人文及社會科學研究,總統府主管,中央研究院,自然及人文社會科學研究,科學支出,1.5.3.3
2014,5202403000,3676000000,無細項,總統府主管,中央研究院,國家生技研究園區,科學支出,1.5.4
2014,5202409002,209000000,營建工程,總統府主管,中央研究院,一般建築及設備,科學支出,1.5.5.1
2014,5202409011,2118000,交通及運輸設備,總統府主管,中央研究院,一般建築及設備,科學支出,1.5.5.2
2014,5202409800,5410000,無細項,總統府主管,中央研究院,第一預備金,科學支出,1.5.6
2014,3303010100,913265000,無細項,行政院主管,行政院,一般行政,行政支出,2.1.1
2014,3303010700,12730000,無細項,行政院主管,行政院,施政及法制業務,行政支出,2.1.2
2014,3303011100,6750000,無細項,行政院主管,行政院,施政推展聯繫,行政支出,2.1.3
2014,3303011500,39991000,無細項,行政院主管,行政院,科技發展研究諮詢,行政支出,2.1.4
2014,3303011600,35738000,無細項,行政院主管,行政院,聯合服務業務,行政支出,2.1.5
2014,3303011800,8915000,無細項,行政院主管,行政院,國土及資通安全業務,行政支出,2.1.6
2014,3303011900,8492000,無細項,行政院主管,行政院,災害防救業務,行政支出,2.1.7
2014,3303012000,16437000,無細項,行政院主管,行政院,性別平等業務,行政支出,2.1.8
2014,3303012200,13825000,無細項,行政院主管,行政院,消費者保護業務,行政支出,2.1.9
2014,3303012300,68565000,無細項,行政院主管,行政院,資訊管理,行政支出,2.1.10
2014,3303012400,60924000,無細項,行政院主管,行政院,新聞傳播業務,行政支出,2.1.11
2014,3303019002,10544000,營建工程,行政院主管,行政院,一般建築及設備,行政支出,2.1.12.1
2014,3303019011,180000,交通及運輸設備,行政院主管,行政院,一般建築及設備,行政支出,2.1.12.2
2014,3303019019,3715000,其他設備,行政院主管,行政院,一般建築及設備,行政支出,2.1.12.3
2014,3303019800,3700000,無細項,行政院主管,行政院,第一預備金,行政支出,2.1.13
2014,3303100100,811594000,無細項,行政院主管,主計總處,一般行政,行政支出,2.2.1
2014,3303101000,4001000,無細項,行政院主管,主計總處,中央總預算核編及執行,行政支出,2.2.2
2014,3303101100,1928000,無細項,行政院主管,主計總處,特種基金預算核編及執行,行政支出,2.2.3
2014,3303101200,2586000,無細項,行政院主管,主計總處,會計及決算業務,行政支出,2.2.4
2014,3303101300,33295000,無細項,行政院主管,主計總處,綜合統計業務,行政支出,2.2.5
2014,3303101400,74157000,無細項,行政院主管,主計總處,國勢普查業務,行政支出,2.2.6
2014,3303101500,14647000,無細項,行政院主管,主計總處,主計訓練業務,行政支出,2.2.7
2014,3303101600,40664000,無細項,行政院主管,主計總處,主計資訊業務,行政支出,2.2.8
2014,3303109002,10500000,營建工程,行政院主管,主計總處,一般建築及設備,行政支出,2.2.9.1
2014,3303109011,0,交通及運輸設備,行政院主管,主計總處,一般建築及設備,行政支出,2.2.9.2
2014,3303109019,40737000,其他設備,行政院主管,主計總處,一般建築及設備,行政支出,2.2.9.3
2014,3303109800,1850000,無細項,行政院主管,主計總處,第一預備金,行政支出,2.2.10
2014,3303300100,360872000,無細項,行政院主管,人事行政總處,一般行政,行政支出,2.3.1
2014,3303300201,5103000,人事行政綜合規劃,行政院主管,人事行政總處,人事行政之政策規劃執行及發展,行政支出,2.3.2.1
2014,3303300202,3216000,加強組編人力運用,行政院主管,人事行政總處,人事行政之政策規劃執行及發展,行政支出,2.3.2.2
2014,3303300203,70726000,公務人員培訓與考用,行政院主管,人事行政總處,人事行政之政策規劃執行及發展,行政支出,2.3.2.3
2014,3303300204,7716000,給與福利制度規劃,行政院主管,人事行政總處,人事行政之政策規劃執行及發展,行政支出,2.3.2.4
2014,3303300205,54222000,創新e化人事服務,行政院主管,人事行政總處,人事行政之政策規劃執行及發展,行政支出,2.3.2.5
2014,3303309800,2000000,無細項,行政院主管,人事行政總處,第一預備金,行政支出,2.3.3
2014,7503303400,20328000,無細項,行政院主管,人事行政總處,第一屆資深中央民代自願退職給付,退休撫卹給付支出,2.3.4
2014,7503303600,9461000,無細項,行政院主管,人事行政總處,因公殘廢死亡慰問給付,退休撫卹給付支出,2.3.5
2014,7503304300,20000000,無細項,行政院主管,人事行政總處,公教員工資遣退職給付,退休撫卹給付支出,2.3.6
2014,7503304400,0,無細項,行政院主管,人事行政總處,退休公教人員年終慰問金調整準備,退休撫卹給付支出,2.3.7
2014,8903304500,1970000000,無細項,行政院主管,人事行政總處,公教人員婚喪生育及子女教育補助,其他支出,2.3.8
2014,3303310100,57738000,無細項,行政院主管,公務人力發展中心,一般行政,行政支出,2.4.1
2014,3303311000,64141000,無細項,行政院主管,公務人力發展中心,訓練輔導及研究,行政支出,2.4.2
2014,3303319800,600000,無細項,行政院主管,公務人力發展中心,第一預備金,行政支出,2.4.3
2014,3303330100,86754000,無細項,行政院主管,地方行政研習中心,一般行政,行政支出,2.5.1
2014,3303330200,37227000,無細項,行政院主管,地方行政研習中心,地方公務人員訓練,行政支出,2.5.2
2014,3303339002,4968000,營建工程,行政院主管,地方行政研習中心,一般建築及設備,行政支出,2.5.3.1
2014,3303339800,600000,無細項,行政院主管,地方行政研習中心,第一預備金,行政支出,2.5.4
2014,5303400100,542257000,無細項,行政院主管,國立故宮博物院,一般行政,文化支出,2.6.1
2014,5303400201,14312000,器物管理研究及展覽,行政院主管,國立故宮博物院,文物管理及展覽,文化支出,2.6.2.1
2014,5303400202,5883000,書畫管理研究及展覽,行政院主管,國立故宮博物院,文物管理及展覽,文化支出,2.6.2.2
2014,5303400203,18322000,圖書管理研究及展覽,行政院主管,國立故宮博物院,文物管理及展覽,文化支出,2.6.2.3
2014,5303400204,13008000,南院文物管理研究及展覽,行政院主管,國立故宮博物院,文物管理及展覽,文化支出,2.6.2.4
2014,5303400205,17352000,展示服務與社教推廣,行政院主管,國立故宮博物院,文物管理及展覽,文化支出,2.6.2.5
2014,5303400300,22258000,無細項,行政院主管,國立故宮博物院,文物登錄與科技研析,文化支出,2.6.3
2014,5303400400,4870000,無細項,行政院主管,國立故宮博物院,文物加值運用與管理,文化支出,2.6.4
2014,5303400500,25607000,無細項,行政院主管,國立故宮博物院,資訊管理維護,文化支出,2.6.5
2014,5303400600,31851000,無細項,行政院主管,國立故宮博物院,安全管理維護,文化支出,2.6.6
2014,5303400700,1632200000,無細項,行政院主管,國立故宮博物院,故宮南部院區籌建,文化支出,2.6.7
2014,5303409002,30600000,營建工程,行政院主管,國立故宮博物院,一般建築及設備,文化支出,2.6.8.1
2014,5303409011,126000,交通及運輸設備,行政院主管,國立故宮博物院,一般建築及設備,文化支出,2.6.8.2
2014,5303409019,3018000,其他設備,行政院主管,國立故宮博物院,一般建築及設備,文化支出,2.6.8.3
2014,5303409800,4000000,無細項,行政院主管,國立故宮博物院,第一預備金,文化支出,2.6.9
2014,6103410100,747163000,無細項,行政院主管,國家發展委員會,一般行政,其他經濟服務支出,2.7.1
2014,6103411000,17999000,無細項,行政院主管,國家發展委員會,國家發展計畫之規劃,其他經濟服務支出,2.7.2
2014,6103411100,31276000,無細項,行政院主管,國家發展委員會,研擬經濟政策、協調推動財經措施,其他經濟服務支出,2.7.3
2014,6103411200,61104000,無細項,行政院主管,國家發展委員會,社會發展,其他經濟服務支出,2.7.4
2014,6103411300,29802000,無細項,行政院主管,國家發展委員會,促進產業發展,其他經濟服務支出,2.7.5
2014,6103411400,6956000,無細項,行政院主管,國家發展委員會,促進人力資源發展、完善老年經濟安全制度,其他經濟服務支出,2.7.6
2014,6103411500,151749000,無細項,行政院主管,國家發展委員會,健全國土規劃及經營管理,其他經濟服務支出,2.7.7
2014,6103411600,11237000,無細項,行政院主管,國家發展委員會,管制考核,其他經濟服務支出,2.7.8
2014,6103411700,217166000,無細項,行政院主管,國家發展委員會,資訊管理,其他經濟服務支出,2.7.9
2014,6103411800,282214000,無細項,行政院主管,國家發展委員會,政府資通訊應用建設,其他經濟服務支出,2.7.10
2014,6103411900,8213000,無細項,行政院主管,國家發展委員會,推動法規鬆綁與革新、強化經貿競爭力,其他經濟服務支出,2.7.11
2014,6103418102,2300000000,花東地區永續發展基金,行政院主管,國家發展委員會,非營業特種基金,其他經濟服務支出,2.7.12.1
2014,6103419002,1727000,營建工程,行政院主管,國家發展委員會,一般建築及設備,其他經濟服務支出,2.7.13.1
2014,6103419800,2200000,無細項,行政院主管,國家發展委員會,第一預備金,其他經濟服務支出,2.7.14
2014,3303420100,159098000,無細項,行政院主管,檔案管理局,一般行政,行政支出,2.8.1
2014,3303421000,2435000,無細項,行政院主管,檔案管理局,檔案管理綜合企劃與管考,行政支出,2.8.2
2014,3303421100,835000,無細項,行政院主管,檔案管理局,檔案徵集作業,行政支出,2.8.3
2014,3303421200,1083000,無細項,行政院主管,檔案管理局,檔案典藏維護,行政支出,2.8.4
2014,3303421300,1901000,無細項,行政院主管,檔案管理局,檔案應用服務,行政支出,2.8.5
2014,3303421400,1714000,無細項,行政院主管,檔案管理局,檔案資訊作業,行政支出,2.8.6
2014,3303421800,120802000,無細項,行政院主管,檔案管理局,文書檔案資訊網路合一計畫,行政支出,2.8.7
2014,3303421900,66222000,無細項,行政院主管,檔案管理局,國家檔案永續典藏與多元服務計畫,行政支出,2.8.8
2014,3303429019,1628000,其他設備,行政院主管,檔案管理局,一般建築及設備,行政支出,2.8.9.1
2014,3303429800,100000,無細項,行政院主管,檔案管理局,第一預備金,行政支出,2.8.10
2014,3803610100,237158000,無細項,行政院主管,原住民族委員會,一般行政,民政支出,2.9.1
2014,3803610200,74391000,無細項,行政院主管,原住民族委員會,綜合規劃發展,民政支出,2.9.2
2014,3803610500,772718000,無細項,行政院主管,原住民族委員會,經濟發展業務,民政支出,2.9.3
2014,3803610600,99402000,無細項,行政院主管,原住民族委員會,土地規劃管理利用業務,民政支出,2.9.4
2014,3803610700,979501000,無細項,行政院主管,原住民族委員會,公共建設業務,民政支出,2.9.5
2014,3803610800,546000000,無細項,行政院主管,原住民族委員會,補助原住民鄉鎮市,民政支出,2.9.6
2014,3803618101,260261000,原住民族綜合發展基金,行政院主管,原住民族委員會,非營業特種基金,民政支出,2.9.7.1
2014,3803619800,10000000,無細項,行政院主管,原住民族委員會,第一預備金,民政支出,2.9.8
2014,5103610300,1398116000,無細項,行政院主管,原住民族委員會,原住民教育推展,教育支出,2.9.9
2014,6703610400,2213496000,無細項,行政院主管,原住民族委員會,社會服務推展,社會救助支出,2.9.10
2014,6703610900,307452000,無細項,行政院主管,原住民族委員會,促進原住民就業,社會救助支出,2.9.11
2014,3803620100,62610000,無細項,行政院主管,文化園區管理局,一般行政,民政支出,2.10.1
2014,3803620200,43967000,無細項,行政院主管,文化園區管理局,藝術展示表演及教育推廣業務,民政支出,2.10.2
2014,3803629002,17846000,營建工程,行政院主管,文化園區管理局,一般建築及設備,民政支出,2.10.3.1
2014,3803629011,425000,交通及運輸設備,行政院主管,文化園區管理局,一般建築及設備,民政支出,2.10.3.2
2014,3803629800,500000,無細項,行政院主管,文化園區管理局,第一預備金,民政支出,2.10.4
2014,3803640100,144471000,無細項,行政院主管,客家委員會及所屬,一般行政,民政支出,2.11.1
2014,3803641000,120776000,無細項,行政院主管,客家委員會及所屬,綜合規劃發展,民政支出,2.11.2
2014,3803649800,2000000,無細項,行政院主管,客家委員會及所屬,第一預備金,民政支出,2.11.3
2014,5303642000,198094000,無細項,行政院主管,客家委員會及所屬,客家文化產業發展,文化支出,2.11.4
2014,5303643000,1130059000,無細項,行政院主管,客家委員會及所屬,文化教育推展,文化支出,2.11.5
2014,5303644000,599726000,無細項,行政院主管,客家委員會及所屬,傳播行銷推展,文化支出,2.11.6
2014,5303645000,673991000,無細項,行政院主管,客家委員會及所屬,客家文化發展中心規劃與營運,文化支出,2.11.7
2014,3803670100,86038000,無細項,行政院主管,中央選舉委員會及所屬,一般行政,民政支出,2.12.1
2014,3803671000,34399000,無細項,行政院主管,中央選舉委員會及所屬,選舉業務,民政支出,2.12.2
2014,3803671100,337383000,無細項,行政院主管,中央選舉委員會及所屬,地方選舉委員會行政業務,民政支出,2.12.3
2014,3803671300,616030000,無細項,行政院主管,中央選舉委員會及所屬,政黨競選經費補助,民政支出,2.12.4
2014,3803679011,63000,交通及運輸設備,行政院主管,中央選舉委員會及所屬,一般建築及設備,民政支出,2.12.5.1
2014,3803679019,417000,其他設備,行政院主管,中央選舉委員會及所屬,一般建築及設備,民政支出,2.12.5.2
2014,3803679800,651000,無細項,行政院主管,中央選舉委員會及所屬,第一預備金,民政支出,2.12.6
2014,6103820100,300422000,無細項,行政院主管,公平交易委員會,一般行政,其他經濟服務支出,2.13.1
2014,6103821010,6135000,限制競爭行為調查處理,行政院主管,公平交易委員會,公平交易業務,其他經濟服務支出,2.13.2.1
2014,6103821020,3690000,不公平競爭行為調查處理及多層次傳銷管理,行政院主管,公平交易委員會,公平交易業務,其他經濟服務支出,2.13.2.2
2014,6103821030,2938000,法務及行政救濟業務,行政院主管,公平交易委員會,公平交易業務,其他經濟服務支出,2.13.2.3
2014,6103821040,11962000,綜合規劃及宣導業務,行政院主管,公平交易委員會,公平交易業務,其他經濟服務支出,2.13.2.4
2014,6103821050,7095000,政策擬訂及國際交流業務,行政院主管,公平交易委員會,公平交易業務,其他經濟服務支出,2.13.2.5
2014,6103821070,10884000,產業調查經濟分析及資訊管理,行政院主管,公平交易委員會,公平交易業務,其他經濟服務支出,2.13.2.6
2014,6103829019,971000,其他設備,行政院主管,公平交易委員會,一般建築及設備,其他經濟服務支出,2.13.3.1
2014,6103829800,500000,無細項,行政院主管,公平交易委員會,第一預備金,其他經濟服務支出,2.13.4
2014,6003850100,602316000,無細項,行政院主管,國家通訊傳播委員會,一般行政,交通支出,2.14.1
2014,6003859800,78000,無細項,行政院主管,國家通訊傳播委員會,第一預備金,交通支出,2.14.2
2014,3303900100,361428000,無細項,行政院主管,大陸委員會,一般行政,行政支出,2.15.1
2014,3303901000,37638000,無細項,行政院主管,大陸委員會,企劃業務,行政支出,2.15.2
2014,3303901200,37348000,無細項,行政院主管,大陸委員會,經濟業務,行政支出,2.15.3
2014,3303901300,223224000,無細項,行政院主管,大陸委員會,法政業務,行政支出,2.15.4
2014,3303901400,225997000,無細項,行政院主管,大陸委員會,港澳業務,行政支出,2.15.5
2014,3303901500,28232000,無細項,行政院主管,大陸委員會,聯絡業務,行政支出,2.15.6
2014,3303909800,1800000,無細項,行政院主管,大陸委員會,第一預備金,行政支出,2.15.7
2014,5203902100,9662000,無細項,行政院主管,大陸委員會,經濟發展政策研究,科學支出,2.15.8
2014,5303901100,54711000,無細項,行政院主管,大陸委員會,文教業務,文化支出,2.15.9
2014,3303910100,45933000,無細項,行政院主管,飛航安全調查委員會,一般行政,行政支出,2.16.1
2014,3303910200,7248000,無細項,行政院主管,飛航安全調查委員會,飛航安全業務,行政支出,2.16.2
2014,3303919800,50000,無細項,行政院主管,飛航安全調查委員會,第一預備金,行政支出,2.16.3
2014,3303950100,269213000,無細項,行政院主管,公共工程委員會,一般行政,行政支出,2.17.1
2014,3303951000,56152000,無細項,行政院主管,公共工程委員會,公共工程企劃及法規業務,行政支出,2.17.2
2014,3303952000,16792000,無細項,行政院主管,公共工程委員會,公共工程技術業務,行政支出,2.17.3
2014,3303953000,14985000,無細項,行政院主管,公共工程委員會,公共工程管理業務,行政支出,2.17.4
2014,3303959800,2100000,無細項,行政院主管,公共工程委員會,第一預備金,行政支出,2.17.5
2014,3404010100,1765381000,無細項,立法院主管,立法院,一般行政,立法支出,3.1.1
2014,3404010201,292725000,委員歲費及公費,立法院主管,立法院,委員問政業務,立法支出,3.1.2.1
2014,3404010203,772994000,公費助理,立法院主管,立法院,委員問政業務,立法支出,3.1.2.2
2014,3404010204,42600000,國會交流事務,立法院主管,立法院,委員問政業務,立法支出,3.1.2.3
2014,3404010205,116655000,委員會館,立法院主管,立法院,委員問政業務,立法支出,3.1.2.4
2014,3404010206,152150000,問政相關業務,立法院主管,立法院,委員問政業務,立法支出,3.1.2.5
2014,3404010300,9542000,無細項,立法院主管,立法院,議事業務,立法支出,3.1.3
2014,3404010400,5380000,無細項,立法院主管,立法院,立法諮詢業務,立法支出,3.1.4
2014,3404010500,42722000,無細項,立法院主管,立法院,國會圖書業務,立法支出,3.1.5
2014,3404010600,29067000,無細項,立法院主管,立法院,公報業務,立法支出,3.1.6
2014,3404010700,13560000,無細項,立法院主管,立法院,黨團補助,立法支出,3.1.7
2014,3404019002,31500000,營建工程,立法院主管,立法院,一般建築及設備,立法支出,3.1.8.1
2014,3404019019,264679000,其他設備,立法院主管,立法院,一般建築及設備,立法支出,3.1.8.2
2014,3404019800,3000000,無細項,立法院主管,立法院,第一預備金,立法支出,3.1.9
2014,3505010100,885700000,無細項,司法院主管,司法院,一般行政,司法支出,4.1.1
2014,3505011000,5569000,無細項,司法院主管,司法院,大法官議事業務,司法支出,4.1.2
2014,3505011300,3524000,無細項,司法院主管,司法院,民事審判行政,司法支出,4.1.3
2014,3505011400,33057000,無細項,司法院主管,司法院,刑事審判行政,司法支出,4.1.4
2014,3505011500,6445000,無細項,司法院主管,司法院,行政訴訟及懲戒行政,司法支出,4.1.5
2014,3505011600,14819000,無細項,司法院主管,司法院,少年及家事審判行政,司法支出,4.1.6
2014,3505011700,13756000,無細項,司法院主管,司法院,司法業務規劃研考,司法支出,4.1.7
2014,3505019011,143000,交通及運輸設備,司法院主管,司法院,一般建築及設備,司法支出,4.1.8.1
2014,3505019019,10749000,其他設備,司法院主管,司法院,一般建築及設備,司法支出,4.1.8.2
2014,3505019800,1017000,無細項,司法院主管,司法院,第一預備金,司法支出,4.1.9
2014,6805011900,946867000,無細項,司法院主管,司法院,對財團法人法律扶助基金會捐助,福利服務支出,4.1.10
2014,7505011900,177868000,無細項,司法院主管,司法院,司法官退休退養給付,退休撫卹給付支出,4.1.11
2014,3505050100,524777000,無細項,司法院主管,最高法院,一般行政,司法支出,4.2.1
2014,3505051000,6622000,無細項,司法院主管,最高法院,審判業務,司法支出,4.2.2
2014,3505059011,63000,交通及運輸設備,司法院主管,最高法院,一般建築及設備,司法支出,4.2.3.1
2014,3505059019,645000,其他設備,司法院主管,最高法院,一般建築及設備,司法支出,4.2.3.2
2014,3505059800,770000,無細項,司法院主管,最高法院,第一預備金,司法支出,4.2.4
2014,3505100100,173104000,無細項,司法院主管,最高行政法院,一般行政,司法支出,4.3.1
2014,3505101000,3581000,無細項,司法院主管,最高行政法院,行政訴訟審判,司法支出,4.3.2
2014,3505109019,343000,其他設備,司法院主管,最高行政法院,一般建築及設備,司法支出,4.3.3.1
2014,3505109800,238000,無細項,司法院主管,最高行政法院,第一預備金,司法支出,4.3.4
2014,3505110100,319444000,無細項,司法院主管,臺北高等行政法院,一般行政,司法支出,4.4.1
2014,3505111000,5787000,無細項,司法院主管,臺北高等行政法院,行政訴訟審判,司法支出,4.4.2
2014,3505118500,16985000,無細項,司法院主管,臺北高等行政法院,司法機關擴遷建計畫,司法支出,4.4.3
2014,3505119011,0,交通及運輸設備,司法院主管,臺北高等行政法院,一般建築及設備,司法支出,4.4.4.1
2014,3505119800,865000,無細項,司法院主管,臺北高等行政法院,第一預備金,司法支出,4.4.5
2014,3505120100,119415000,無細項,司法院主管,臺中高等行政法院,一般行政,司法支出,4.5.1
2014,3505121000,2615000,無細項,司法院主管,臺中高等行政法院,行政訴訟審判,司法支出,4.5.2
2014,3505129019,440000,其他設備,司法院主管,臺中高等行政法院,一般建築及設備,司法支出,4.5.3.1
2014,3505129800,357000,無細項,司法院主管,臺中高等行政法院,第一預備金,司法支出,4.5.4
2014,3505130100,147843000,無細項,司法院主管,高雄高等行政法院,一般行政,司法支出,4.6.1
2014,3505131000,4315000,無細項,司法院主管,高雄高等行政法院,行政訴訟審判,司法支出,4.6.2
2014,3505139019,534000,其他設備,司法院主管,高雄高等行政法院,一般建築及設備,司法支出,4.6.3.1
2014,3505139800,374000,無細項,司法院主管,高雄高等行政法院,第一預備金,司法支出,4.6.4
2014,3505200100,93344000,無細項,司法院主管,公務員懲戒委員會,一般行政,司法支出,4.7.1
2014,3505201000,1277000,無細項,司法院主管,公務員懲戒委員會,懲戒案件處理,司法支出,4.7.2
2014,3505209019,93000,其他設備,司法院主管,公務員懲戒委員會,一般建築及設備,司法支出,4.7.3.1
2014,3505209800,231000,無細項,司法院主管,公務員懲戒委員會,第一預備金,司法支出,4.7.4
2014,3505250100,91871000,無細項,司法院主管,法官學院,一般行政,司法支出,4.8.1
2014,3505251000,59465000,無細項,司法院主管,法官學院,研習業務,司法支出,4.8.2
2014,3505258500,59984000,無細項,司法院主管,法官學院,司法機關擴遷建計畫,司法支出,4.8.3
2014,3505259800,300000,無細項,司法院主管,法官學院,第一預備金,司法支出,4.8.4
2014,3505260100,195217000,無細項,司法院主管,智慧財產法院,一般行政,司法支出,4.9.1
2014,3505261000,4595000,無細項,司法院主管,智慧財產法院,審判業務,司法支出,4.9.2
2014,3505269019,1377000,其他設備,司法院主管,智慧財產法院,一般建築及設備,司法支出,4.9.3.1
2014,3505269800,200000,無細項,司法院主管,智慧財產法院,第一預備金,司法支出,4.9.4
2014,3505300100,1482416000,無細項,司法院主管,臺灣高等法院,一般行政,司法支出,4.10.1
2014,3505301000,38736000,無細項,司法院主管,臺灣高等法院,審判業務,司法支出,4.10.2
2014,3505301500,45036000,無細項,司法院主管,臺灣高等法院,刑事補償,司法支出,4.10.3
2014,3505308500,3300000,無細項,司法院主管,臺灣高等法院,司法機關擴遷建計畫,司法支出,4.10.4
2014,3505309002,26360000,營建工程,司法院主管,臺灣高等法院,一般建築及設備,司法支出,4.10.5.1
2014,3505309011,0,交通及運輸設備,司法院主管,臺灣高等法院,一般建築及設備,司法支出,4.10.5.2
2014,3505309019,5235000,其他設備,司法院主管,臺灣高等法院,一般建築及設備,司法支出,4.10.5.3
2014,3505309800,1511000,無細項,司法院主管,臺灣高等法院,第一預備金,司法支出,4.10.6
2014,3505310100,621474000,無細項,司法院主管,臺灣高等法院臺中分院,一般行政,司法支出,4.11.1
2014,3505311000,16114000,無細項,司法院主管,臺灣高等法院臺中分院,審判業務,司法支出,4.11.2
2014,3505319011,360000,交通及運輸設備,司法院主管,臺灣高等法院臺中分院,一般建築及設備,司法支出,4.11.3.1
2014,3505319019,1388000,其他設備,司法院主管,臺灣高等法院臺中分院,一般建築及設備,司法支出,4.11.3.2
2014,3505319800,423000,無細項,司法院主管,臺灣高等法院臺中分院,第一預備金,司法支出,4.11.4
2014,3505320100,385623000,無細項,司法院主管,臺灣高等法院臺南分院,一般行政,司法支出,4.12.1
2014,3505321000,11912000,無細項,司法院主管,臺灣高等法院臺南分院,審判業務,司法支出,4.12.2
2014,3505329011,6561000,交通及運輸設備,司法院主管,臺灣高等法院臺南分院,一般建築及設備,司法支出,4.12.3.1
2014,3505329019,0,其他設備,司法院主管,臺灣高等法院臺南分院,一般建築及設備,司法支出,4.12.3.2
2014,3505329800,466000,無細項,司法院主管,臺灣高等法院臺南分院,第一預備金,司法支出,4.12.4
2014,3505330100,458856000,無細項,司法院主管,臺灣高等法院高雄分院,一般行政,司法支出,4.13.1
2014,3505331000,17785000,無細項,司法院主管,臺灣高等法院高雄分院,審判業務,司法支出,4.13.2
2014,3505339011,0,交通及運輸設備,司法院主管,臺灣高等法院高雄分院,一般建築及設備,司法支出,4.13.3.1
2014,3505339019,652000,其他設備,司法院主管,臺灣高等法院高雄分院,一般建築及設備,司法支出,4.13.3.2
2014,3505339800,385000,無細項,司法院主管,臺灣高等法院高雄分院,第一預備金,司法支出,4.13.4
2014,3505340100,140138000,無細項,司法院主管,臺灣高等法院花蓮分院,一般行政,司法支出,4.14.1
2014,3505341000,7012000,無細項,司法院主管,臺灣高等法院花蓮分院,審判業務,司法支出,4.14.2
2014,3505349011,848000,交通及運輸設備,司法院主管,臺灣高等法院花蓮分院,一般建築及設備,司法支出,4.14.3.1
2014,3505349019,158000,其他設備,司法院主管,臺灣高等法院花蓮分院,一般建築及設備,司法支出,4.14.3.2
2014,3505349800,127000,無細項,司法院主管,臺灣高等法院花蓮分院,第一預備金,司法支出,4.14.4
2014,3505410100,1413425000,無細項,司法院主管,臺灣臺北地方法院,一般行政,司法支出,4.15.1
2014,3505411000,99419000,無細項,司法院主管,臺灣臺北地方法院,審判業務,司法支出,4.15.2
2014,3505411200,10977000,無細項,司法院主管,臺灣臺北地方法院,少年事件處理,司法支出,4.15.3
2014,3505411400,2512000,無細項,司法院主管,臺灣臺北地方法院,公證及提存事件處理,司法支出,4.15.4
2014,3505419002,1668000,營建工程,司法院主管,臺灣臺北地方法院,一般建築及設備,司法支出,4.15.5.1
2014,3505419011,5573000,交通及運輸設備,司法院主管,臺灣臺北地方法院,一般建築及設備,司法支出,4.15.5.2
2014,3505419019,1448000,其他設備,司法院主管,臺灣臺北地方法院,一般建築及設備,司法支出,4.15.5.3
2014,3505419800,1223000,無細項,司法院主管,臺灣臺北地方法院,第一預備金,司法支出,4.15.6
2014,3505420100,626461000,無細項,司法院主管,臺灣士林地方法院,一般行政,司法支出,4.16.1
2014,3505421000,65408000,無細項,司法院主管,臺灣士林地方法院,審判業務,司法支出,4.16.2
2014,3505421200,7710000,無細項,司法院主管,臺灣士林地方法院,少年事件處理,司法支出,4.16.3
2014,3505421400,624000,無細項,司法院主管,臺灣士林地方法院,公證及提存事件處理,司法支出,4.16.4
2014,3505429011,668000,交通及運輸設備,司法院主管,臺灣士林地方法院,一般建築及設備,司法支出,4.16.5.1
2014,3505429019,2887000,其他設備,司法院主管,臺灣士林地方法院,一般建築及設備,司法支出,4.16.5.2
2014,3505429800,390000,無細項,司法院主管,臺灣士林地方法院,第一預備金,司法支出,4.16.6
2014,3505430100,1102311000,無細項,司法院主管,臺灣新北地方法院,一般行政,司法支出,4.17.1
2014,3505431000,92432000,無細項,司法院主管,臺灣新北地方法院,審判業務,司法支出,4.17.2
2014,3505431200,8305000,無細項,司法院主管,臺灣新北地方法院,少年事件處理,司法支出,4.17.3
2014,3505431400,637000,無細項,司法院主管,臺灣新北地方法院,公證及提存事件處理,司法支出,4.17.4
2014,3505439011,0,交通及運輸設備,司法院主管,臺灣新北地方法院,一般建築及設備,司法支出,4.17.5.1
2014,3505439019,5629000,其他設備,司法院主管,臺灣新北地方法院,一般建築及設備,司法支出,4.17.5.2
2014,3505439800,561000,無細項,司法院主管,臺灣新北地方法院,第一預備金,司法支出,4.17.6
2014,3505470100,815740000,無細項,司法院主管,臺灣桃園地方法院,一般行政,司法支出,4.18.1
2014,3505471000,80349000,無細項,司法院主管,臺灣桃園地方法院,審判業務,司法支出,4.18.2
2014,3505471200,14148000,無細項,司法院主管,臺灣桃園地方法院,少年事件處理,司法支出,4.18.3
2014,3505471400,1222000,無細項,司法院主管,臺灣桃園地方法院,公證及提存事件處理,司法支出,4.18.4
2014,3505478500,235173000,無細項,司法院主管,臺灣桃園地方法院,司法機關擴遷建計畫,司法支出,4.18.5
2014,3505479011,1273000,交通及運輸設備,司法院主管,臺灣桃園地方法院,一般建築及設備,司法支出,4.18.6.1
2014,3505479019,3518000,其他設備,司法院主管,臺灣桃園地方法院,一般建築及設備,司法支出,4.18.6.2
2014,3505479800,340000,無細項,司法院主管,臺灣桃園地方法院,第一預備金,司法支出,4.18.7
2014,3505480100,405161000,無細項,司法院主管,臺灣新竹地方法院,一般行政,司法支出,4.19.1
2014,3505481000,33328000,無細項,司法院主管,臺灣新竹地方法院,審判業務,司法支出,4.19.2
2014,3505481200,4902000,無細項,司法院主管,臺灣新竹地方法院,少年事件處理,司法支出,4.19.3
2014,3505481400,441000,無細項,司法院主管,臺灣新竹地方法院,公證及提存事件處理,司法支出,4.19.4
2014,3505488500,770000000,無細項,司法院主管,臺灣新竹地方法院,司法機關擴遷建計畫,司法支出,4.19.5
2014,3505489011,4930000,交通及運輸設備,司法院主管,臺灣新竹地方法院,一般建築及設備,司法支出,4.19.6.1
2014,3505489019,2262000,其他設備,司法院主管,臺灣新竹地方法院,一般建築及設備,司法支出,4.19.6.2
2014,3505489800,335000,無細項,司法院主管,臺灣新竹地方法院,第一預備金,司法支出,4.19.7
2014,3505490100,281191000,無細項,司法院主管,臺灣苗栗地方法院,一般行政,司法支出,4.20.1
2014,3505491000,23355000,無細項,司法院主管,臺灣苗栗地方法院,審判業務,司法支出,4.20.2
2014,3505491200,3940000,無細項,司法院主管,臺灣苗栗地方法院,少年事件處理,司法支出,4.20.3
2014,3505491400,300000,無細項,司法院主管,臺灣苗栗地方法院,公證及提存事件處理,司法支出,4.20.4
2014,3505499011,0,交通及運輸設備,司法院主管,臺灣苗栗地方法院,一般建築及設備,司法支出,4.20.5.1
2014,3505499019,1224000,其他設備,司法院主管,臺灣苗栗地方法院,一般建築及設備,司法支出,4.20.5.2
2014,3505499800,527000,無細項,司法院主管,臺灣苗栗地方法院,第一預備金,司法支出,4.20.6
2014,3505500100,1167198000,無細項,司法院主管,臺灣臺中地方法院,一般行政,司法支出,4.21.1
2014,3505501000,102310000,無細項,司法院主管,臺灣臺中地方法院,審判業務,司法支出,4.21.2
2014,3505501200,6523000,無細項,司法院主管,臺灣臺中地方法院,少年事件處理,司法支出,4.21.3
2014,3505501400,797000,無細項,司法院主管,臺灣臺中地方法院,公證及提存事件處理,司法支出,4.21.4
2014,3505509011,63000,交通及運輸設備,司法院主管,臺灣臺中地方法院,一般建築及設備,司法支出,4.21.5.1
2014,3505509019,1340000,其他設備,司法院主管,臺灣臺中地方法院,一般建築及設備,司法支出,4.21.5.2
2014,3505509800,708000,無細項,司法院主管,臺灣臺中地方法院,第一預備金,司法支出,4.21.6
2014,3505510100,272129000,無細項,司法院主管,臺灣南投地方法院,一般行政,司法支出,4.22.1
2014,3505511000,23758000,無細項,司法院主管,臺灣南投地方法院,審判業務,司法支出,4.22.2
2014,3505511200,4162000,無細項,司法院主管,臺灣南投地方法院,少年事件處理,司法支出,4.22.3
2014,3505511400,310000,無細項,司法院主管,臺灣南投地方法院,公證及提存事件處理,司法支出,4.22.4
2014,3505519019,1344000,其他設備,司法院主管,臺灣南投地方法院,一般建築及設備,司法支出,4.22.5.1
2014,3505519800,513000,無細項,司法院主管,臺灣南投地方法院,第一預備金,司法支出,4.22.6
2014,3505520100,509241000,無細項,司法院主管,臺灣彰化地方法院,一般行政,司法支出,4.23.1
2014,3505521000,45070000,無細項,司法院主管,臺灣彰化地方法院,審判業務,司法支出,4.23.2
2014,3505521200,4104000,無細項,司法院主管,臺灣彰化地方法院,少年事件處理,司法支出,4.23.3
2014,3505521400,453000,無細項,司法院主管,臺灣彰化地方法院,公證及提存事件處理,司法支出,4.23.4
2014,3505528500,800000000,無細項,司法院主管,臺灣彰化地方法院,司法機關擴遷建計畫,司法支出,4.23.5
2014,3505529011,126000,交通及運輸設備,司法院主管,臺灣彰化地方法院,一般建築及設備,司法支出,4.23.6.1
2014,3505529019,2445000,其他設備,司法院主管,臺灣彰化地方法院,一般建築及設備,司法支出,4.23.6.2
2014,3505529800,283000,無細項,司法院主管,臺灣彰化地方法院,第一預備金,司法支出,4.23.7
2014,3505530100,341274000,無細項,司法院主管,臺灣雲林地方法院,一般行政,司法支出,4.24.1
2014,3505531000,31019000,無細項,司法院主管,臺灣雲林地方法院,審判業務,司法支出,4.24.2
2014,3505531200,5420000,無細項,司法院主管,臺灣雲林地方法院,少年事件處理,司法支出,4.24.3
2014,3505531400,267000,無細項,司法院主管,臺灣雲林地方法院,公證及提存事件處理,司法支出,4.24.4
2014,3505539019,1534000,其他設備,司法院主管,臺灣雲林地方法院,一般建築及設備,司法支出,4.24.5.1
2014,3505539800,263000,無細項,司法院主管,臺灣雲林地方法院,第一預備金,司法支出,4.24.6
2014,3505540100,401237000,無細項,司法院主管,臺灣嘉義地方法院,一般行政,司法支出,4.25.1
2014,3505541000,37390000,無細項,司法院主管,臺灣嘉義地方法院,審判業務,司法支出,4.25.2
2014,3505541200,4221000,無細項,司法院主管,臺灣嘉義地方法院,少年事件處理,司法支出,4.25.3
2014,3505541400,383000,無細項,司法院主管,臺灣嘉義地方法院,公證及提存事件處理,司法支出,4.25.4
2014,3505549019,966000,其他設備,司法院主管,臺灣嘉義地方法院,一般建築及設備,司法支出,4.25.5.1
2014,3505549800,258000,無細項,司法院主管,臺灣嘉義地方法院,第一預備金,司法支出,4.25.6
2014,3505560100,797721000,無細項,司法院主管,臺灣臺南地方法院,一般行政,司法支出,4.26.1
2014,3505561000,83333000,無細項,司法院主管,臺灣臺南地方法院,審判業務,司法支出,4.26.2
2014,3505561200,8386000,無細項,司法院主管,臺灣臺南地方法院,少年事件處理,司法支出,4.26.3
2014,3505561400,887000,無細項,司法院主管,臺灣臺南地方法院,公證及提存事件處理,司法支出,4.26.4
2014,3505569002,55670000,營建工程,司法院主管,臺灣臺南地方法院,一般建築及設備,司法支出,4.26.5.1
2014,3505569011,2420000,交通及運輸設備,司法院主管,臺灣臺南地方法院,一般建築及設備,司法支出,4.26.5.2
2014,3505569019,2610000,其他設備,司法院主管,臺灣臺南地方法院,一般建築及設備,司法支出,4.26.5.3
2014,3505569800,456000,無細項,司法院主管,臺灣臺南地方法院,第一預備金,司法支出,4.26.6
2014,3505580100,1159196000,無細項,司法院主管,臺灣高雄地方法院,一般行政,司法支出,4.27.1
2014,3505581000,128744000,無細項,司法院主管,臺灣高雄地方法院,審判業務,司法支出,4.27.2
2014,3505581400,1094000,無細項,司法院主管,臺灣高雄地方法院,公證及提存事件處理,司法支出,4.27.3
2014,3505588500,838000000,無細項,司法院主管,臺灣高雄地方法院,司法機關擴遷建計畫,司法支出,4.27.4
2014,3505589011,0,交通及運輸設備,司法院主管,臺灣高雄地方法院,一般建築及設備,司法支出,4.27.5.1
2014,3505589019,5563000,其他設備,司法院主管,臺灣高雄地方法院,一般建築及設備,司法支出,4.27.5.2
2014,3505589800,791000,無細項,司法院主管,臺灣高雄地方法院,第一預備金,司法支出,4.27.6
2014,3505590100,441949000,無細項,司法院主管,臺灣屏東地方法院,一般行政,司法支出,4.28.1
2014,3505591000,42396000,無細項,司法院主管,臺灣屏東地方法院,審判業務,司法支出,4.28.2
2014,3505591200,6838000,無細項,司法院主管,臺灣屏東地方法院,少年事件處理,司法支出,4.28.3
2014,3505591400,323000,無細項,司法院主管,臺灣屏東地方法院,公證及提存事件處理,司法支出,4.28.4
2014,3505599011,668000,交通及運輸設備,司法院主管,臺灣屏東地方法院,一般建築及設備,司法支出,4.28.5.1
2014,3505599019,1715000,其他設備,司法院主管,臺灣屏東地方法院,一般建築及設備,司法支出,4.28.5.2
2014,3505599800,280000,無細項,司法院主管,臺灣屏東地方法院,第一預備金,司法支出,4.28.6
2014,3505600100,199799000,無細項,司法院主管,臺灣臺東地方法院,一般行政,司法支出,4.29.1
2014,3505601000,12704000,無細項,司法院主管,臺灣臺東地方法院,審判業務,司法支出,4.29.2
2014,3505601200,3940000,無細項,司法院主管,臺灣臺東地方法院,少年事件處理,司法支出,4.29.3
2014,3505601400,213000,無細項,司法院主管,臺灣臺東地方法院,公證及提存事件處理,司法支出,4.29.4
2014,3505609011,0,交通及運輸設備,司法院主管,臺灣臺東地方法院,一般建築及設備,司法支出,4.29.5.1
2014,3505609019,1025000,其他設備,司法院主管,臺灣臺東地方法院,一般建築及設備,司法支出,4.29.5.2
2014,3505609800,133000,無細項,司法院主管,臺灣臺東地方法院,第一預備金,司法支出,4.29.6
2014,3505610100,249291000,無細項,司法院主管,臺灣花蓮地方法院,一般行政,司法支出,4.30.1
2014,3505611000,18647000,無細項,司法院主管,臺灣花蓮地方法院,審判業務,司法支出,4.30.2
2014,3505611200,7981000,無細項,司法院主管,臺灣花蓮地方法院,少年事件處理,司法支出,4.30.3
2014,3505611400,155000,無細項,司法院主管,臺灣花蓮地方法院,公證及提存事件處理,司法支出,4.30.4
2014,3505619011,2558000,交通及運輸設備,司法院主管,臺灣花蓮地方法院,一般建築及設備,司法支出,4.30.5.1
2014,3505619019,0,其他設備,司法院主管,臺灣花蓮地方法院,一般建築及設備,司法支出,4.30.5.2
2014,3505619800,162000,無細項,司法院主管,臺灣花蓮地方法院,第一預備金,司法支出,4.30.6
2014,3505620100,239789000,無細項,司法院主管,臺灣宜蘭地方法院,一般行政,司法支出,4.31.1
2014,3505621000,19338000,無細項,司法院主管,臺灣宜蘭地方法院,審判業務,司法支出,4.31.2
2014,3505621200,3554000,無細項,司法院主管,臺灣宜蘭地方法院,少年事件處理,司法支出,4.31.3
2014,3505621400,100000,無細項,司法院主管,臺灣宜蘭地方法院,公證及提存事件處理,司法支出,4.31.4
2014,3505629011,3577000,交通及運輸設備,司法院主管,臺灣宜蘭地方法院,一般建築及設備,司法支出,4.31.5.1
2014,3505629019,1306000,其他設備,司法院主管,臺灣宜蘭地方法院,一般建築及設備,司法支出,4.31.5.2
2014,3505629800,153000,無細項,司法院主管,臺灣宜蘭地方法院,第一預備金,司法支出,4.31.6
2014,3505630100,282419000,無細項,司法院主管,臺灣基隆地方法院,一般行政,司法支出,4.32.1
2014,3505631000,24557000,無細項,司法院主管,臺灣基隆地方法院,審判業務,司法支出,4.32.2
2014,3505631200,3469000,無細項,司法院主管,臺灣基隆地方法院,少年事件處理,司法支出,4.32.3
2014,3505631400,176000,無細項,司法院主管,臺灣基隆地方法院,公證及提存事件處理,司法支出,4.32.4
2014,3505639011,63000,交通及運輸設備,司法院主管,臺灣基隆地方法院,一般建築及設備,司法支出,4.32.5.1
2014,3505639019,1355000,其他設備,司法院主管,臺灣基隆地方法院,一般建築及設備,司法支出,4.32.5.2
2014,3505639800,196000,無細項,司法院主管,臺灣基隆地方法院,第一預備金,司法支出,4.32.6
2014,3505640100,107512000,無細項,司法院主管,臺灣澎湖地方法院,一般行政,司法支出,4.33.1
2014,3505641000,4610000,無細項,司法院主管,臺灣澎湖地方法院,審判業務,司法支出,4.33.2
2014,3505641200,576000,無細項,司法院主管,臺灣澎湖地方法院,少年事件處理,司法支出,4.33.3
2014,3505641400,154000,無細項,司法院主管,臺灣澎湖地方法院,公證及提存事件處理,司法支出,4.33.4
2014,3505649019,236000,其他設備,司法院主管,臺灣澎湖地方法院,一般建築及設備,司法支出,4.33.5.1
2014,3505649800,89000,無細項,司法院主管,臺灣澎湖地方法院,第一預備金,司法支出,4.33.6
2014,3505800100,220884000,無細項,司法院主管,臺灣高雄少年及家事法院,一般行政,司法支出,4.34.1
2014,3505801000,8384000,無細項,司法院主管,臺灣高雄少年及家事法院,審判業務,司法支出,4.34.2
2014,3505801200,18135000,無細項,司法院主管,臺灣高雄少年及家事法院,少年事件處理,司法支出,4.34.3
2014,3505809019,1018000,其他設備,司法院主管,臺灣高雄少年及家事法院,一般建築及設備,司法支出,4.34.4.1
2014,3505809800,966000,無細項,司法院主管,臺灣高雄少年及家事法院,第一預備金,司法支出,4.34.5
2014,3505900100,25390000,無細項,司法院主管,福建高等法院金門分院,一般行政,司法支出,4.35.1
2014,3505901000,1367000,無細項,司法院主管,福建高等法院金門分院,審判業務,司法支出,4.35.2
2014,3505909001,0,土地購置,司法院主管,福建高等法院金門分院,一般建築及設備,司法支出,4.35.3.1
2014,3505909019,65000,其他設備,司法院主管,福建高等法院金門分院,一般建築及設備,司法支出,4.35.3.2
2014,3505909800,28000,無細項,司法院主管,福建高等法院金門分院,第一預備金,司法支出,4.35.4
2014,3505910100,77981000,無細項,司法院主管,福建金門地方法院,一般行政,司法支出,4.36.1
2014,3505911000,3201000,無細項,司法院主管,福建金門地方法院,審判業務,司法支出,4.36.2
2014,3505911200,886000,無細項,司法院主管,福建金門地方法院,少年事件處理,司法支出,4.36.3
2014,3505911400,92000,無細項,司法院主管,福建金門地方法院,公證及提存事件處理,司法支出,4.36.4
2014,3505919001,0,土地購置,司法院主管,福建金門地方法院,一般建築及設備,司法支出,4.36.5.1
2014,3505919011,126000,交通及運輸設備,司法院主管,福建金門地方法院,一般建築及設備,司法支出,4.36.5.2
2014,3505919019,649000,其他設備,司法院主管,福建金門地方法院,一般建築及設備,司法支出,4.36.5.3
2014,3505919800,67000,無細項,司法院主管,福建金門地方法院,第一預備金,司法支出,4.36.6
2014,3505930100,23436000,無細項,司法院主管,福建連江地方法院,一般行政,司法支出,4.37.1
2014,3505931000,813000,無細項,司法院主管,福建連江地方法院,審判業務,司法支出,4.37.2
2014,3505931200,171000,無細項,司法院主管,福建連江地方法院,少年事件處理,司法支出,4.37.3
2014,3505931400,27000,無細項,司法院主管,福建連江地方法院,公證及提存事件處理,司法支出,4.37.4
2014,3505939019,61000,其他設備,司法院主管,福建連江地方法院,一般建築及設備,司法支出,4.37.5.1
2014,3505939800,28000,無細項,司法院主管,福建連江地方法院,第一預備金,司法支出,4.37.6
2014,3606010100,332531000,無細項,考試院主管,考試院,一般行政,考試支出,5.1.1
2014,3606011200,3562000,無細項,考試院主管,考試院,議事業務,考試支出,5.1.2
2014,3606011300,1327000,無細項,考試院主管,考試院,法制業務,考試支出,5.1.3
2014,3606011400,12241000,無細項,考試院主管,考試院,施政業務及督導,考試支出,5.1.4
2014,3606019011,710000,交通及運輸設備,考試院主管,考試院,一般建築及設備,考試支出,5.1.5.1
2014,3606019800,1050000,無細項,考試院主管,考試院,第一預備金,考試支出,5.1.6
2014,3606100100,287171000,無細項,考試院主管,考選部,一般行政,考試支出,5.2.1
2014,3606101401,11063000,試題研編及審查,考試院主管,考選部,考試業務研究改進,考試支出,5.2.2.1
2014,3606101402,12898000,考選資料處理,考試院主管,考選部,考試業務研究改進,考試支出,5.2.2.2
2014,3606101403,5834000,研究發展及宣導,考試院主管,考選部,考試業務研究改進,考試支出,5.2.2.3
2014,3606109011,63000,交通及運輸設備,考試院主管,考選部,一般建築及設備,考試支出,5.2.3.1
2014,3606109800,784000,無細項,考試院主管,考選部,第一預備金,考試支出,5.2.4
2014,3606200100,374307000,無細項,考試院主管,銓敘部,一般行政,考試支出,5.3.1
2014,3606200200,7834000,無細項,考試院主管,銓敘部,人事法制及銓敘,考試支出,5.3.2
2014,3606209011,0,交通及運輸設備,考試院主管,銓敘部,一般建築及設備,考試支出,5.3.3.1
2014,3606209800,776000,無細項,考試院主管,銓敘部,第一預備金,考試支出,5.3.4
2014,6606200300,215187000,無細項,考試院主管,銓敘部,公務人員保險管理及監理,社會保險支出,5.3.5
2014,6806205800,21451000,無細項,考試院主管,銓敘部,早期退休公教人員生活困難照護金,福利服務支出,5.3.6
2014,7506205300,23479037000,無細項,考試院主管,銓敘部,公務人員退休撫卹給付,退休撫卹給付支出,5.3.7
2014,7606200601,1867000,公務人員退休撫卹管理,考試院主管,銓敘部,退休撫卹業務,退休撫卹業務支出,5.3.8.1
2014,3606300100,139155000,無細項,考試院主管,公務人員保障暨培訓委員會,一般行政,考試支出,5.4.1
2014,3606301101,2813000,保障業務,考試院主管,公務人員保障暨培訓委員會,保障暨培訓,考試支出,5.4.2.1
2014,3606301102,28737000,訓練與進修業務,考試院主管,公務人員保障暨培訓委員會,保障暨培訓,考試支出,5.4.2.2
2014,3606309011,710000,交通及運輸設備,考試院主管,公務人員保障暨培訓委員會,一般建築及設備,考試支出,5.4.3.1
2014,3606309800,1018000,無細項,考試院主管,公務人員保障暨培訓委員會,第一預備金,考試支出,5.4.4
2014,3606400100,99849000,無細項,考試院主管,國家文官學院及所屬,一般行政,考試支出,5.5.1
2014,3606401100,158056000,無細項,考試院主管,國家文官學院及所屬,國家文官培訓業務,考試支出,5.5.2
2014,3606401200,64278000,無細項,考試院主管,國家文官學院及所屬,中區公務人員培訓,考試支出,5.5.3
2014,3606409002,2900000,營建工程,考試院主管,國家文官學院及所屬,一般建築及設備,考試支出,5.5.4.1
2014,3606409800,422000,無細項,考試院主管,國家文官學院及所屬,第一預備金,考試支出,5.5.5
2014,7606500100,38389000,無細項,考試院主管,公務人員退休撫卹基金監理委員會,一般行政,退休撫卹業務支出,5.6.1
2014,7606502100,2504000,無細項,考試院主管,公務人員退休撫卹基金監理委員會,退撫基金監理,退休撫卹業務支出,5.6.2
2014,7606509800,100000,無細項,考試院主管,公務人員退休撫卹基金監理委員會,第一預備金,退休撫卹業務支出,5.6.3
2014,7506605300,740000000,無細項,考試院主管,公務人員退休撫卹基金管理委員會,公務人員退休撫卹給付,退休撫卹給付支出,5.7.1
2014,7606600100,110661000,無細項,考試院主管,公務人員退休撫卹基金管理委員會,一般行政,退休撫卹業務支出,5.7.2
2014,7606600600,24979000,無細項,考試院主管,公務人員退休撫卹基金管理委員會,退撫基金管理,退休撫卹業務支出,5.7.3
2014,7606609800,300000,無細項,考試院主管,公務人員退休撫卹基金管理委員會,第一預備金,退休撫卹業務支出,5.7.4
2014,3707010100,658414000,無細項,監察院主管,監察院,一般行政,監察支出,6.1.1
2014,3707010300,8000000,無細項,監察院主管,監察院,議事業務,監察支出,6.1.2
2014,3707010900,21741000,無細項,監察院主管,監察院,調查巡察業務,監察支出,6.1.3
2014,3707011200,9474000,無細項,監察院主管,監察院,財產申報業務,監察支出,6.1.4
2014,3707019002,8378000,營建工程,監察院主管,監察院,一般建築及設備,監察支出,6.1.5.1
2014,3707019019,13772000,其他設備,監察院主管,監察院,一般建築及設備,監察支出,6.1.5.2
2014,3707019800,922000,無細項,監察院主管,監察院,第一預備金,監察支出,6.1.6
2014,3707100100,914677000,無細項,監察院主管,審計部,一般行政,監察支出,6.2.1
2014,3707101000,31523000,無細項,監察院主管,審計部,中央政府審計,監察支出,6.2.2
2014,3707102000,9888000,無細項,監察院主管,審計部,縣市地方審計,監察支出,6.2.3
2014,3707109002,84589000,營建工程,監察院主管,審計部,一般建築及設備,監察支出,6.2.4.1
2014,3707109011,0,交通及運輸設備,監察院主管,審計部,一般建築及設備,監察支出,6.2.4.2
2014,3707109019,4090000,其他設備,監察院主管,審計部,一般建築及設備,監察支出,6.2.4.3
2014,3707109800,3375000,無細項,監察院主管,審計部,第一預備金,監察支出,6.2.5
2014,3707600100,67549000,無細項,監察院主管,審計部臺北市審計處,一般行政,監察支出,6.3.1
2014,3707601000,2135000,無細項,監察院主管,審計部臺北市審計處,審計業務,監察支出,6.3.2
2014,3707609800,136000,無細項,監察院主管,審計部臺北市審計處,第一預備金,監察支出,6.3.3
2014,3707620100,53657000,無細項,監察院主管,審計部新北市審計處,一般行政,監察支出,6.4.1
2014,3707621000,2049000,無細項,監察院主管,審計部新北市審計處,審計業務,監察支出,6.4.2
2014,3707629011,0,交通及運輸設備,監察院主管,審計部新北市審計處,一般建築及設備,監察支出,6.4.3.1
2014,3707629800,80000,無細項,監察院主管,審計部新北市審計處,第一預備金,監察支出,6.4.4
2014,3707630100,35546000,無細項,監察院主管,審計部桃園市審計處,一般行政,監察支出,6.5.1
2014,3707631000,940000,無細項,監察院主管,審計部桃園市審計處,審計業務,監察支出,6.5.2
2014,3707639800,0,無細項,監察院主管,審計部桃園市審計處,第一預備金,監察支出,6.5.3
2014,3707640100,54911000,無細項,監察院主管,審計部臺中市審計處,一般行政,監察支出,6.6.1
2014,3707641000,1598000,無細項,監察院主管,審計部臺中市審計處,審計業務,監察支出,6.6.2
2014,3707649800,80000,無細項,監察院主管,審計部臺中市審計處,第一預備金,監察支出,6.6.3
2014,3707660100,56910000,無細項,監察院主管,審計部臺南市審計處,一般行政,監察支出,6.7.1
2014,3707661000,1816000,無細項,監察院主管,審計部臺南市審計處,審計業務,監察支出,6.7.2
2014,3707669800,80000,無細項,監察院主管,審計部臺南市審計處,第一預備金,監察支出,6.7.3
2014,3707700100,73340000,無細項,監察院主管,審計部高雄市審計處,一般行政,監察支出,6.8.1
2014,3707701000,1538000,無細項,監察院主管,審計部高雄市審計處,審計業務,監察支出,6.8.2
2014,3707709011,0,交通及運輸設備,監察院主管,審計部高雄市審計處,一般建築及設備,監察支出,6.8.3.1
2014,3707709800,80000,無細項,監察院主管,審計部高雄市審計處,第一預備金,監察支出,6.8.4
2014,3808010100,892096000,無細項,內政部主管,內政部,一般行政,民政支出,7.1.1
2014,3808011000,1311293000,無細項,內政部主管,內政部,民政業務,民政支出,7.1.2
2014,3808011500,48180000,無細項,內政部主管,內政部,戶政業務,民政支出,7.1.3
2014,3808012501,198747000,測量及方域,內政部主管,內政部,地政業務,民政支出,7.1.4.1
2014,3808012502,64386000,地籍及不動產服務業管理,內政部主管,內政部,地政業務,民政支出,7.1.4.2
2014,3808012503,12118000,平均地權及土地利用,內政部主管,內政部,地政業務,民政支出,7.1.4.3
2014,3808012700,973160000,無細項,內政部主管,內政部,土地測量,民政支出,7.1.5
2014,3808012800,150718000,無細項,內政部主管,內政部,土地開發,民政支出,7.1.6
2014,3808013000,208644000,無細項,內政部主管,內政部,內政資訊業務,民政支出,7.1.7
2014,3808019011,1766000,交通及運輸設備,內政部主管,內政部,一般建築及設備,民政支出,7.1.8.1
2014,3808019800,28603000,無細項,內政部主管,內政部,第一預備金,民政支出,7.1.9
2014,6608013700,26523679000,無細項,內政部主管,內政部,社會保險業務,社會保險支出,7.1.10
2014,6808013500,33052000,無細項,內政部主管,內政部,社會行政業務,福利服務支出,7.1.11
2014,5808112000,206757000,無細項,內政部主管,營建署及所屬,公園規劃業務,農業支出,7.2.1
2014,5808113001,283933000,墾丁國家公園經營管理,內政部主管,營建署及所屬,國家公園經營管理,農業支出,7.2.2.1
2014,5808113002,211814000,玉山國家公園經營管理,內政部主管,營建署及所屬,國家公園經營管理,農業支出,7.2.2.2
2014,5808113003,310222000,陽明山國家公園經營管理,內政部主管,營建署及所屬,國家公園經營管理,農業支出,7.2.2.3
2014,5808113004,397827000,太魯閣國家公園經營管理,內政部主管,營建署及所屬,國家公園經營管理,農業支出,7.2.2.4
2014,5808113005,191313000,雪霸國家公園經營管理,內政部主管,營建署及所屬,國家公園經營管理,農業支出,7.2.2.5
2014,5808113006,283295000,金門國家公園經營管理,內政部主管,營建署及所屬,國家公園經營管理,農業支出,7.2.2.6
2014,5808113007,119289000,海洋國家公園經營管理,內政部主管,營建署及所屬,國家公園經營管理,農業支出,7.2.2.7
2014,5808113008,209726000,台江國家公園經營管理,內政部主管,營建署及所屬,國家公園經營管理,農業支出,7.2.2.8
2014,5908110100,1008912000,無細項,內政部主管,營建署及所屬,一般行政,工業支出,7.2.3
2014,5908111000,2359974000,無細項,內政部主管,營建署及所屬,營建業務,工業支出,7.2.4
2014,5908112100,269124000,無細項,內政部主管,營建署及所屬,區域及都市規劃業務,工業支出,7.2.5
2014,5908119002,9000000,營建工程,內政部主管,營建署及所屬,一般建築及設備,工業支出,7.2.6.1
2014,5908119011,0,交通及運輸設備,內政部主管,營建署及所屬,一般建築及設備,工業支出,7.2.6.2
2014,5908119800,3017000,無細項,內政部主管,營建署及所屬,第一預備金,工業支出,7.2.7
2014,6008115500,7979505000,無細項,內政部主管,營建署及所屬,道路建設及養護,交通支出,7.2.8
2014,7208114000,11376172000,無細項,內政部主管,營建署及所屬,下水道管理業務,環境保護支出,7.2.9
2014,3808210100,15414334000,無細項,內政部主管,警政署及所屬,一般行政,民政支出,7.3.1
2014,3808211000,870977000,無細項,內政部主管,警政署及所屬,警政業務,民政支出,7.3.2
2014,3808211200,273837000,無細項,內政部主管,警政署及所屬,警務管理,民政支出,7.3.3
2014,3808211300,556753000,無細項,內政部主管,警政署及所屬,保安警察業務,民政支出,7.3.4
2014,3808211400,326739000,無細項,內政部主管,警政署及所屬,國道警察業務,民政支出,7.3.5
2014,3808211500,729727000,無細項,內政部主管,警政署及所屬,刑事警察業務,民政支出,7.3.6
2014,3808211600,1478302000,無細項,內政部主管,警政署及所屬,初級警察教育,民政支出,7.3.7
2014,3808219001,7620000,土地購置,內政部主管,警政署及所屬,一般建築及設備,民政支出,7.3.8.1
2014,3808219002,163363000,營建工程,內政部主管,警政署及所屬,一般建築及設備,民政支出,7.3.8.2
2014,3808219011,2760000,交通及運輸設備,內政部主管,警政署及所屬,一般建築及設備,民政支出,7.3.8.3
2014,3808219019,530706000,其他設備,內政部主管,警政署及所屬,一般建築及設備,民政支出,7.3.8.4
2014,3808219800,47000000,無細項,內政部主管,警政署及所屬,第一預備金,民政支出,7.3.9
2014,3808410100,549753000,無細項,內政部主管,中央警察大學,一般行政,民政支出,7.4.1
2014,3808410200,526667000,無細項,內政部主管,中央警察大學,高級警察教育,民政支出,7.4.2
2014,3808419002,412708000,營建工程,內政部主管,中央警察大學,一般建築及設備,民政支出,7.4.3.1
2014,3808419011,0,交通及運輸設備,內政部主管,中央警察大學,一般建築及設備,民政支出,7.4.3.2
2014,3808419800,1459000,無細項,內政部主管,中央警察大學,第一預備金,民政支出,7.4.4
2014,3808510100,485247000,無細項,內政部主管,消防署及所屬,一般行政,民政支出,7.5.1
2014,3808511000,671820000,無細項,內政部主管,消防署及所屬,消防救災業務,民政支出,7.5.2
2014,3808512000,288528000,無細項,內政部主管,消防署及所屬,港務消防業務,民政支出,7.5.3
2014,3808519800,1620000,無細項,內政部主管,消防署及所屬,第一預備金,民政支出,7.5.4
2014,3808550100,189698000,無細項,內政部主管,役政署,一般行政,民政支出,7.6.1
2014,3808551000,5705783000,無細項,內政部主管,役政署,役政業務,民政支出,7.6.2
2014,3808559800,2000000,無細項,內政部主管,役政署,第一預備金,民政支出,7.6.3
2014,3808580100,3083793000,無細項,內政部主管,入出國及移民署,一般行政,民政支出,7.7.1
2014,3808581100,1197485000,無細項,內政部主管,入出國及移民署,入出國及移民管理業務,民政支出,7.7.2
2014,3808589011,1945000,交通及運輸設備,內政部主管,入出國及移民署,一般建築及設備,民政支出,7.7.3.1
2014,3808589800,2000000,無細項,內政部主管,入出國及移民署,第一預備金,民政支出,7.7.4
2014,5208610100,84431000,無細項,內政部主管,建築研究所,一般行政,科學支出,7.8.1
2014,5208615500,376447000,無細項,內政部主管,建築研究所,建築研究業務,科學支出,7.8.2
2014,5208619800,180000,無細項,內政部主管,建築研究所,第一預備金,科學支出,7.8.3
2014,3808650100,383959000,無細項,內政部主管,空中勤務總隊,一般行政,民政支出,7.9.1
2014,3808651000,1062473000,無細項,內政部主管,空中勤務總隊,空中勤務業務,民政支出,7.9.2
2014,3808659002,403468000,營建工程,內政部主管,空中勤務總隊,一般建築及設備,民政支出,7.9.3.1
2014,3808659011,24302000,交通及運輸設備,內政部主管,空中勤務總隊,一般建築及設備,民政支出,7.9.3.2
2014,3808659800,1000000,無細項,內政部主管,空中勤務總隊,第一預備金,民政支出,7.9.4
2014,3911010100,7786438000,無細項,外交部主管,外交部,一般行政,外交支出,8.1.1
2014,3911011020,255165000,外交業務管理,外交部主管,外交部,外交業務,外交支出,8.1.2.1
2014,3911011300,3412654000,無細項,外交部主管,外交部,駐外機構業務,外交支出,8.1.3
2014,3911011400,1680024000,無細項,外交部主管,外交部,國際會議及交流,外交支出,8.1.4
2014,3911011500,8452716000,無細項,外交部主管,外交部,國際合作,外交支出,8.1.5
2014,3911016100,189530000,無細項,外交部主管,外交部,國際關懷與救助,外交支出,8.1.6
2014,3911019002,252834000,營建工程,外交部主管,外交部,一般建築及設備,外交支出,8.1.7.1
2014,3911019011,53702000,交通及運輸設備,外交部主管,外交部,一般建築及設備,外交支出,8.1.7.2
2014,3911019800,90000000,無細項,外交部主管,外交部,第一預備金,外交支出,8.1.8
2014,391101A000,551265000,無細項,外交部主管,外交部,外交支出機密預算,外交支出,8.1.9
2014,3911100100,257919000,無細項,外交部主管,領事事務局,一般行政,外交支出,8.2.1
2014,3911101000,1145108000,無細項,外交部主管,領事事務局,領事事務管理,外交支出,8.2.2
2014,3911109011,0,交通及運輸設備,外交部主管,領事事務局,一般建築及設備,外交支出,8.2.3.1
2014,3911109019,1950000,其他設備,外交部主管,領事事務局,一般建築及設備,外交支出,8.2.3.2
2014,3911109800,1500000,無細項,外交部主管,領事事務局,第一預備金,外交支出,8.2.4
2014,3911200100,74004000,無細項,外交部主管,外交及國際事務學院,一般行政,外交支出,8.3.1
2014,3911201025,22574000,外交領事人員訓練,外交部主管,外交及國際事務學院,外交領事人員講習,外交支出,8.3.2.1
2014,3911209800,125000,無細項,外交部主管,外交及國際事務學院,第一預備金,外交支出,8.3.3
2014,4814010100,589487000,無細項,國防部主管,國防部,一般行政,國防支出,9.1.1
2014,4814011000,143615000,無細項,國防部主管,國防部,國防政策規劃與督導,國防支出,9.1.2
2014,4814019011,14410000,交通及運輸設備,國防部主管,國防部,一般建築及設備,國防支出,9.1.3.1
2014,4814019019,228790000,其他設備,國防部主管,國防部,一般建築及設備,國防支出,9.1.3.2
2014,5214011000,0,無細項,國防部主管,國防部,一般科學研究,科學支出,9.1.4
2014,5214012000,0,無細項,國防部主管,國防部,科技專案,科學支出,9.1.5
2014,4814020100,3399537000,無細項,國防部主管,國防部所屬,軍事行政,國防支出,9.2.1
2014,4814020200,958450000,無細項,國防部主管,國防部所屬,情報行政,國防支出,9.2.2
2014,4814021200,5757889000,無細項,國防部主管,國防部所屬,教育訓練業務,國防支出,9.2.3
2014,4814021400,54876809000,無細項,國防部主管,國防部所屬,後勤及通資業務,國防支出,9.2.4
2014,4814021500,72602812000,無細項,國防部主管,國防部所屬,一般裝備,國防支出,9.2.5
2014,4814021900,148804913000,無細項,國防部主管,國防部所屬,軍事人員,國防支出,9.2.6
2014,4814028104,838386000,國軍營舍及設施改建基金,國防部主管,國防部所屬,非營業特種基金,國防支出,9.2.7.1
2014,4814029001,492471000,土地購置,國防部主管,國防部所屬,一般建築及設備,國防支出,9.2.8.1
2014,4814029002,245992000,營建工程,國防部主管,國防部所屬,一般建築及設備,國防支出,9.2.8.2
2014,4814029011,200115000,交通及運輸設備,國防部主管,國防部所屬,一般建築及設備,國防支出,9.2.8.3
2014,4814029019,440990000,其他設備,國防部主管,國防部所屬,一般建築及設備,國防支出,9.2.8.4
2014,4814029800,800000000,無細項,國防部主管,國防部所屬,第一預備金,國防支出,9.2.9
2014,481402B000,13868610000,無細項,國防部主管,國防部所屬,國防支出(機密計畫),國防支出,9.2.10
2014,5214021800,136168000,無細項,國防部主管,國防部所屬,一般科學研究,科學支出,9.2.11
2014,521402C000,2719863000,無細項,國防部主管,國防部所屬,科學支出(機密計畫),科學支出,9.2.12
2014,7214022300,809631000,無細項,國防部主管,國防部所屬,環保業務,環境保護支出,9.2.13
2014,7514022100,1345000000,無細項,國防部主管,國防部所屬,退休撫卹,退休撫卹給付支出,9.2.14
2014,8914022200,1772000000,無細項,國防部主管,國防部所屬,軍眷維持,其他支出,9.2.15
2014,4017010100,457363000,無細項,財政部主管,財政部,一般行政,財務支出,10.1.1
2014,4017010200,45549000,無細項,財政部主管,財政部,財政人員訓練,財務支出,10.1.2
2014,4017010300,63133000,無細項,財政部主管,財政部,促參業務,財務支出,10.1.3
2014,4017017400,32653000,無細項,財政部主管,財政部,投資事業股權移轉,財務支出,10.1.4
2014,4017019011,0,交通及運輸設備,財政部主管,財政部,一般建築及設備,財務支出,10.1.5.1
2014,4017019800,4200000,無細項,財政部主管,財政部,第一預備金,財務支出,10.1.6
2014,6117016000,173500000,無細項,財政部主管,財政部,捐助支出,其他經濟服務支出,10.1.7
2014,6117018110,7014000000,行政院公營事業民營化基金,財政部主管,財政部,非營業特種基金,其他經濟服務支出,10.1.8.1
2014,6117018201,30526000,中美洲銀行股本,財政部主管,財政部,投資支出,其他經濟服務支出,10.1.9.1
2014,6117018221,149222000,亞洲開發銀行股本,財政部主管,財政部,投資支出,其他經濟服務支出,10.1.9.2
2014,6617015500,18385135000,無細項,財政部主管,財政部,對公教人員保險養老給付補助,社會保險支出,10.1.10
2014,4017100100,361856000,無細項,財政部主管,國庫署,一般行政,財務支出,10.2.1
2014,4017101000,539225000,無細項,財政部主管,國庫署,國庫業務,財務支出,10.2.2
2014,4017109011,0,交通及運輸設備,財政部主管,國庫署,一般建築及設備,財務支出,10.2.3.1
2014,4017109800,1340000,無細項,財政部主管,國庫署,第一預備金,財務支出,10.2.4
2014,7917104500,126965620000,無細項,財政部主管,國庫署,國債付息,債務付息支出,10.2.5
2014,8017104600,572000000,無細項,財政部主管,國庫署,國債經理,還本付息事務支出,10.2.6
2014,8417102000,9002000000,無細項,財政部主管,國庫署,地方政府統籌分配稅款短少補助,專案補助支出,10.2.7
2014,4017200100,395778000,無細項,財政部主管,賦稅署,一般行政,財務支出,10.3.1
2014,4017201000,45151000,無細項,財政部主管,賦稅署,賦稅業務,財務支出,10.3.2
2014,4017205000,7980407000,無細項,財政部主管,賦稅署,統一發票給獎及推行,財務支出,10.3.3
2014,4017209800,100000,無細項,財政部主管,賦稅署,第一預備金,財務支出,10.3.4
2014,8417202000,4856615000,無細項,財政部主管,賦稅署,地方政府稅款短少補助,專案補助支出,10.3.5
2014,4017250100,2084285000,無細項,財政部主管,臺北國稅局,一般行政,財務支出,10.4.1
2014,4017250200,313461000,無細項,財政部主管,臺北國稅局,國稅稽徵業務,財務支出,10.4.2
2014,4017259011,3025000,交通及運輸設備,財政部主管,臺北國稅局,一般建築及設備,財務支出,10.4.3.1
2014,4017259800,400000,無細項,財政部主管,臺北國稅局,第一預備金,財務支出,10.4.4
2014,4017270100,1396885000,無細項,財政部主管,高雄國稅局,一般行政,財務支出,10.5.1
2014,4017270200,167791000,無細項,財政部主管,高雄國稅局,國稅稽徵業務,財務支出,10.5.2
2014,4017279011,2295000,交通及運輸設備,財政部主管,高雄國稅局,一般建築及設備,財務支出,10.5.3.1
2014,4017279800,200000,無細項,財政部主管,高雄國稅局,第一預備金,財務支出,10.5.4
2014,4017290100,2197424000,無細項,財政部主管,北區國稅局及所屬,一般行政,財務支出,10.6.1
2014,4017290200,340912000,無細項,財政部主管,北區國稅局及所屬,國稅稽徵業務,財務支出,10.6.2
2014,4017299002,25300000,營建工程,財政部主管,北區國稅局及所屬,一般建築及設備,財務支出,10.6.3.1
2014,4017299011,493000,交通及運輸設備,財政部主管,北區國稅局及所屬,一般建築及設備,財務支出,10.6.3.2
2014,4017299800,400000,無細項,財政部主管,北區國稅局及所屬,第一預備金,財務支出,10.6.4
2014,4017310100,1898711000,無細項,財政部主管,中區國稅局及所屬,一般行政,財務支出,10.7.1
2014,4017310200,257416000,無細項,財政部主管,中區國稅局及所屬,國稅稽徵業務,財務支出,10.7.2
2014,4017319002,260104000,營建工程,財政部主管,中區國稅局及所屬,一般建築及設備,財務支出,10.7.3.1
2014,4017319011,1592000,交通及運輸設備,財政部主管,中區國稅局及所屬,一般建築及設備,財務支出,10.7.3.2
2014,4017319800,500000,無細項,財政部主管,中區國稅局及所屬,第一預備金,財務支出,10.7.4
2014,4017330100,1498118000,無細項,財政部主管,南區國稅局及所屬,一般行政,財務支出,10.8.1
2014,4017330200,190977000,無細項,財政部主管,南區國稅局及所屬,國稅稽徵業務,財務支出,10.8.2
2014,4017339011,610000,交通及運輸設備,財政部主管,南區國稅局及所屬,一般建築及設備,財務支出,10.8.3.1
2014,4017339800,500000,無細項,財政部主管,南區國稅局及所屬,第一預備金,財務支出,10.8.4
2014,4017350100,5171481000,無細項,財政部主管,關務署及所屬,一般行政,財務支出,10.9.1
2014,4017350200,579641000,無細項,財政部主管,關務署及所屬,關稅業務,財務支出,10.9.2
2014,4017359800,12850000,無細項,財政部主管,關務署及所屬,第一預備金,財務支出,10.9.3
2014,6117350300,185480000,無細項,財政部主管,關務署及所屬,優質經貿網絡,其他經濟服務支出,10.9.4
2014,4017400100,839975000,無細項,財政部主管,國有財產署及所屬,一般行政,財務支出,10.10.1
2014,4017400200,1135731000,無細項,財政部主管,國有財產署及所屬,國有財產業務,財務支出,10.10.2
2014,4017409002,1080000,營建工程,財政部主管,國有財產署及所屬,一般建築及設備,財務支出,10.10.3.1
2014,4017409011,2350000,交通及運輸設備,財政部主管,國有財產署及所屬,一般建築及設備,財務支出,10.10.3.2
2014,4017409800,600000,無細項,財政部主管,國有財產署及所屬,第一預備金,財務支出,10.10.4
2014,4017600100,482973000,無細項,財政部主管,財政資訊中心,一般行政,財務支出,10.11.1
2014,4017601000,466569000,無細項,財政部主管,財政資訊中心,財政資訊業務,財務支出,10.11.2
2014,4017609011,0,交通及運輸設備,財政部主管,財政資訊中心,一般建築及設備,財務支出,10.11.3.1
2014,4017609800,1655000,無細項,財政部主管,財政資訊中心,第一預備金,財務支出,10.11.4
2014,5120010100,857289000,無細項,教育部主管,教育部,一般行政,教育支出,11.1.1
2014,5120010201,11679763000,高等教育行政及督導,教育部主管,教育部,高等教育,教育支出,11.1.2.1
2014,5120010202,5979792000,技術職業教育行政及督導,教育部主管,教育部,高等教育,教育支出,11.1.2.2
2014,5120010203,41612082000,國立大學校院教學與研究輔助,教育部主管,教育部,高等教育,教育支出,11.1.2.3
2014,5120010204,22503331000,私立學校教學獎助,教育部主管,教育部,高等教育,教育支出,11.1.2.4
2014,5120010301,900224000,師資培育與藝術教育行政及督導,教育部主管,教育部,中等教育,教育支出,11.1.3.1
2014,5120010501,1008915000,終身教育行政及督導,教育部主管,教育部,終身教育,教育支出,11.1.4.1
2014,5120010507,76228000,國立臺灣藝術教育館行政及推展,教育部主管,教育部,終身教育,教育支出,11.1.4.2
2014,5120010701,1674187000,學生事務與特殊教育行政及督導,教育部主管,教育部,訓育與輔導,教育支出,11.1.5.1
2014,5120010904,2318619000,資訊與科技教育行政及督導,教育部主管,教育部,各項教育推展,教育支出,11.1.6.1
2014,5120010908,1710423000,國際及兩岸教育交流,教育部主管,教育部,各項教育推展,教育支出,11.1.6.2
2014,5120018110,6183489000,國立大學校院校務及附設醫院基金,教育部主管,教育部,非營業特種基金,教育支出,11.1.7.1
2014,5120019011,1845000,交通及運輸設備,教育部主管,教育部,一般建築及設備,教育支出,11.1.8.1
2014,5120019800,466292000,無細項,教育部主管,教育部,第一預備金,教育支出,11.1.9
2014,5320011101,570721000,充實國立社教機構及公立圖書館功能,教育部主管,教育部,加強文化與育樂活動,文化支出,11.1.10.1
2014,5320011103,1033874000,國立社教館所維持及發展輔助,教育部主管,教育部,加強文化與育樂活動,文化支出,11.1.10.2
2014,7520012100,15920381000,無細項,教育部主管,教育部,學校教職員暨社教機構聘任人員退休撫卹給付,退休撫卹給付支出,11.1.11
2014,5120100100,264419000,無細項,教育部主管,國民及學前教育署,一般行政,教育支出,11.2.1
2014,5120100201,54125730000,國民及學前教育行政及督導,教育部主管,國民及學前教育署,國民及學前教育,教育支出,11.2.2.1
2014,5120100202,29139852000,國立高級中等學校教學與訓輔輔助,教育部主管,國民及學前教育署,國民及學前教育,教育支出,11.2.2.2
2014,5120108110,1147730000,國立高級中等學校校務基金,教育部主管,國民及學前教育署,非營業特種基金,教育支出,11.2.3.1
2014,5120109800,40000000,無細項,教育部主管,國民及學前教育署,第一預備金,教育支出,11.2.4
2014,5120203000,1661997000,無細項,教育部主管,體育署,學校體育教育,教育支出,11.3.1
2014,5320200100,177664000,無細項,教育部主管,體育署,一般行政,文化支出,11.3.2
2014,5320201000,23541000,無細項,教育部主管,體育署,體育行政業務,文化支出,11.3.3
2014,5320202000,3535236000,無細項,教育部主管,體育署,國家體育建設,文化支出,11.3.4
2014,5320209011,0,交通及運輸設備,教育部主管,體育署,一般建築及設備,文化支出,11.3.5.1
2014,5320209800,3200000,無細項,教育部主管,體育署,第一預備金,文化支出,11.3.6
2014,5120300100,97427000,無細項,教育部主管,青年發展署,一般行政,教育支出,11.4.1
2014,5120301020,138375000,青年生涯輔導,教育部主管,青年發展署,青年發展工作,教育支出,11.4.2.1
2014,5120301021,60424000,青年公共參與,教育部主管,青年發展署,青年發展工作,教育支出,11.4.2.2
2014,5120301022,99917000,青年國際及體驗學習,教育部主管,青年發展署,青年發展工作,教育支出,11.4.2.3
2014,5120309019,101000,其他設備,教育部主管,青年發展署,一般建築及設備,教育支出,11.4.3.1
2014,5120309800,720000,無細項,教育部主管,青年發展署,第一預備金,教育支出,11.4.4
2014,5321730100,193402000,無細項,教育部主管,國家圖書館,一般行政,文化支出,11.5.1
2014,5321731020,31670000,館藏發展及書目管理,教育部主管,國家圖書館,館務業務活動,文化支出,11.5.2.1
2014,5321731021,32899000,知識服務與典藏,教育部主管,國家圖書館,館務業務活動,文化支出,11.5.2.2
2014,5321731022,3353000,特藏文獻典藏與服務,教育部主管,國家圖書館,館務業務活動,文化支出,11.5.2.3
2014,5321731023,15182000,數位知識系統服務,教育部主管,國家圖書館,館務業務活動,文化支出,11.5.2.4
2014,5321731024,13113000,漢學研究業務,教育部主管,國家圖書館,館務業務活動,文化支出,11.5.2.5
2014,5321731025,2885000,圖書館事業發展,教育部主管,國家圖書館,館務業務活動,文化支出,11.5.2.6
2014,5321731026,6747000,國際合作及交流,教育部主管,國家圖書館,館務業務活動,文化支出,11.5.2.7
2014,5321739019,699000,其他設備,教育部主管,國家圖書館,一般建築及設備,文化支出,11.5.3.1
2014,5321739800,771000,無細項,教育部主管,國家圖書館,第一預備金,文化支出,11.5.4
2014,5321800100,114754000,無細項,教育部主管,國立公共資訊圖書館,一般行政,文化支出,11.6.1
2014,5321801000,41460000,無細項,教育部主管,國立公共資訊圖書館,館務業務活動,文化支出,11.6.2
2014,5321809800,100000,無細項,教育部主管,國立公共資訊圖書館,第一預備金,文化支出,11.6.3
2014,5321870100,147420000,無細項,教育部主管,國立教育廣播電臺,一般行政,文化支出,11.7.1
2014,5321870200,37407000,無細項,教育部主管,國立教育廣播電臺,臺務業務活動,文化支出,11.7.2
2014,5321879800,245000,無細項,教育部主管,國立教育廣播電臺,第一預備金,文化支出,11.7.3
2014,5121900100,302936000,無細項,教育部主管,國家教育研究院,一般行政,教育支出,11.8.1
2014,5121900201,232732000,教育研究研習與推廣,教育部主管,國家教育研究院,院務業務活動,教育支出,11.8.2.1
2014,5121909800,1182000,無細項,教育部主管,國家教育研究院,第一預備金,教育支出,11.8.3
2014,5121950100,72805000,無細項,教育部主管,國立海洋科技博物館,一般行政,教育支出,11.9.1
2014,5121950200,7242000,無細項,教育部主管,國立海洋科技博物館,館務業務活動,教育支出,11.9.2
2014,5121959011,0,交通及運輸設備,教育部主管,國立海洋科技博物館,一般建築及設備,教育支出,11.9.3.1
2014,5121959800,0,無細項,教育部主管,國立海洋科技博物館,第一預備金,教育支出,11.9.4
2014,3523010100,549752000,無細項,法務部主管,法務部,一般行政,司法支出,12.1.1
2014,3523011400,291901000,無細項,法務部主管,法務部,法務行政,司法支出,12.1.2
2014,3523018110,0,矯正機關作業基金,法務部主管,法務部,非營業特種基金,司法支出,12.1.3.1
2014,3523019019,170005000,其他設備,法務部主管,法務部,一般建築及設備,司法支出,12.1.4.1
2014,3523019800,7700000,無細項,法務部主管,法務部,第一預備金,司法支出,12.1.5
2014,5223015000,15667000,無細項,法務部主管,法務部,司法科技業務,科學支出,12.1.6
2014,7523012000,45000000,無細項,法務部主管,法務部,司法官退休退養給付,退休撫卹給付支出,12.1.7
2014,8923013000,50607000,無細項,法務部主管,法務部,國家賠償金,其他支出,12.1.8
2014,3523100100,60734000,無細項,法務部主管,司法官學院,一般行政,司法支出,12.2.1
2014,3523101000,156145000,無細項,法務部主管,司法官學院,司法人員訓練,司法支出,12.2.2
2014,3523109800,361000,無細項,法務部主管,司法官學院,第一預備金,司法支出,12.2.3
2014,3523150100,62272000,無細項,法務部主管,法醫研究所,一般行政,司法支出,12.3.1
2014,3523151000,46339000,無細項,法務部主管,法醫研究所,法醫業務,司法支出,12.3.2
2014,3523159011,0,交通及運輸設備,法務部主管,法醫研究所,一般建築及設備,司法支出,12.3.3.1
2014,3523159800,244000,無細項,法務部主管,法醫研究所,第一預備金,司法支出,12.3.4
2014,5223151100,23044000,無細項,法務部主管,法醫研究所,鑑識科技業務,科學支出,12.3.5
2014,3523160100,370641000,無細項,法務部主管,廉政署,一般行政,司法支出,12.4.1
2014,3523161000,49729000,無細項,法務部主管,廉政署,廉政業務,司法支出,12.4.2
2014,3523169011,1280000,交通及運輸設備,法務部主管,廉政署,一般建築及設備,司法支出,12.4.3.1
2014,3523169800,736000,無細項,法務部主管,廉政署,第一預備金,司法支出,12.4.4
2014,5223161000,8133000,無細項,法務部主管,廉政署,司法科技業務,科學支出,12.4.5
2014,3523170100,172392000,無細項,法務部主管,矯正署及所屬,一般行政,司法支出,12.5.1
2014,3523174100,11088925000,無細項,法務部主管,矯正署及所屬,矯正業務,司法支出,12.5.2
2014,3523178700,115049000,無細項,法務部主管,矯正署及所屬,改善監所計畫,司法支出,12.5.3
2014,3523179011,11570000,交通及運輸設備,法務部主管,矯正署及所屬,一般建築及設備,司法支出,12.5.4.1
2014,3523179800,27324000,無細項,法務部主管,矯正署及所屬,第一預備金,司法支出,12.5.5
2014,5223175000,0,無細項,法務部主管,矯正署及所屬,司法科技業務,科學支出,12.5.6
2014,3523180100,96534000,無細項,法務部主管,行政執行署及所屬,一般行政,司法支出,12.6.1
2014,3523181000,19330000,無細項,法務部主管,行政執行署及所屬,執行業務,司法支出,12.6.2
2014,3523184000,1106015000,無細項,法務部主管,行政執行署及所屬,執行案件處理,司法支出,12.6.3
2014,3523188500,13623000,無細項,法務部主管,行政執行署及所屬,行政執行機關擴(遷)建計畫,司法支出,12.6.4
2014,3523189011,0,交通及運輸設備,法務部主管,行政執行署及所屬,一般建築及設備,司法支出,12.6.5.1
2014,3523189800,9112000,無細項,法務部主管,行政執行署及所屬,第一預備金,司法支出,12.6.6
2014,3523200100,161375000,無細項,法務部主管,最高法院檢察署,一般行政,司法支出,12.7.1
2014,3523201000,59138000,無細項,法務部主管,最高法院檢察署,檢察業務,司法支出,12.7.2
2014,3523209800,220000,無細項,法務部主管,最高法院檢察署,第一預備金,司法支出,12.7.3
2014,3523300100,647002000,無細項,法務部主管,臺灣高等法院檢察署,一般行政,司法支出,12.8.1
2014,3523301000,140789000,無細項,法務部主管,臺灣高等法院檢察署,檢察業務,司法支出,12.8.2
2014,3523309011,0,交通及運輸設備,法務部主管,臺灣高等法院檢察署,一般建築及設備,司法支出,12.8.3.1
2014,3523309800,6044000,無細項,法務部主管,臺灣高等法院檢察署,第一預備金,司法支出,12.8.4
2014,5223301000,16220000,無細項,法務部主管,臺灣高等法院檢察署,司法科技業務,科學支出,12.8.5
2014,3523310100,179128000,無細項,法務部主管,臺灣高等法院臺中分院檢察署,一般行政,司法支出,12.9.1
2014,3523311000,3726000,無細項,法務部主管,臺灣高等法院臺中分院檢察署,檢察業務,司法支出,12.9.2
2014,3523319800,236000,無細項,法務部主管,臺灣高等法院臺中分院檢察署,第一預備金,司法支出,12.9.3
2014,3523320100,138328000,無細項,法務部主管,臺灣高等法院臺南分院檢察署,一般行政,司法支出,12.10.1
2014,3523321000,2705000,無細項,法務部主管,臺灣高等法院臺南分院檢察署,檢察業務,司法支出,12.10.2
2014,3523329800,150000,無細項,法務部主管,臺灣高等法院臺南分院檢察署,第一預備金,司法支出,12.10.3
2014,3523330100,166327000,無細項,法務部主管,臺灣高等法院高雄分院檢察署,一般行政,司法支出,12.11.1
2014,3523331000,3528000,無細項,法務部主管,臺灣高等法院高雄分院檢察署,檢察業務,司法支出,12.11.2
2014,3523339800,170000,無細項,法務部主管,臺灣高等法院高雄分院檢察署,第一預備金,司法支出,12.11.3
2014,3523340100,51999000,無細項,法務部主管,臺灣高等法院花蓮分院檢察署,一般行政,司法支出,12.12.1
2014,3523341000,1472000,無細項,法務部主管,臺灣高等法院花蓮分院檢察署,檢察業務,司法支出,12.12.2
2014,3523349800,63000,無細項,法務部主管,臺灣高等法院花蓮分院檢察署,第一預備金,司法支出,12.12.3
2014,3523350100,16384000,無細項,法務部主管,臺灣高等法院檢察署智慧財產分署,一般行政,司法支出,12.13.1
2014,3523351000,858000,無細項,法務部主管,臺灣高等法院檢察署智慧財產分署,檢察業務,司法支出,12.13.2
2014,3523359800,64000,無細項,法務部主管,臺灣高等法院檢察署智慧財產分署,第一預備金,司法支出,12.13.3
2014,3523410100,862880000,無細項,法務部主管,臺灣臺北地方法院檢察署,一般行政,司法支出,12.14.1
2014,3523411000,29081000,無細項,法務部主管,臺灣臺北地方法院檢察署,檢察業務,司法支出,12.14.2
2014,3523419011,0,交通及運輸設備,法務部主管,臺灣臺北地方法院檢察署,一般建築及設備,司法支出,12.14.3.1
2014,3523419800,959000,無細項,法務部主管,臺灣臺北地方法院檢察署,第一預備金,司法支出,12.14.4
2014,5223411000,0,無細項,法務部主管,臺灣臺北地方法院檢察署,司法科技業務,科學支出,12.14.5
2014,3523420100,379552000,無細項,法務部主管,臺灣士林地方法院檢察署,一般行政,司法支出,12.15.1
2014,3523421000,19346000,無細項,法務部主管,臺灣士林地方法院檢察署,檢察業務,司法支出,12.15.2
2014,3523428500,80000000,無細項,法務部主管,臺灣士林地方法院檢察署,檢察機關擴(遷)建計畫,司法支出,12.15.3
2014,3523429800,401000,無細項,法務部主管,臺灣士林地方法院檢察署,第一預備金,司法支出,12.15.4
2014,3523430100,666840000,無細項,法務部主管,臺灣新北地方法院檢察署,一般行政,司法支出,12.16.1
2014,3523431000,26077000,無細項,法務部主管,臺灣新北地方法院檢察署,檢察業務,司法支出,12.16.2
2014,3523439011,2770000,交通及運輸設備,法務部主管,臺灣新北地方法院檢察署,一般建築及設備,司法支出,12.16.3.1
2014,3523439800,683000,無細項,法務部主管,臺灣新北地方法院檢察署,第一預備金,司法支出,12.16.4
2014,3523470100,508039000,無細項,法務部主管,臺灣桃園地方法院檢察署,一般行政,司法支出,12.17.1
2014,3523471000,24012000,無細項,法務部主管,臺灣桃園地方法院檢察署,檢察業務,司法支出,12.17.2
2014,3523478500,349549000,無細項,法務部主管,臺灣桃園地方法院檢察署,檢察機關擴(遷)建計畫,司法支出,12.17.3
2014,3523479011,0,交通及運輸設備,法務部主管,臺灣桃園地方法院檢察署,一般建築及設備,司法支出,12.17.4.1
2014,3523479800,1082000,無細項,法務部主管,臺灣桃園地方法院檢察署,第一預備金,司法支出,12.17.5
2014,3523480100,253398000,無細項,法務部主管,臺灣新竹地方法院檢察署,一般行政,司法支出,12.18.1
2014,3523481000,11463000,無細項,法務部主管,臺灣新竹地方法院檢察署,檢察業務,司法支出,12.18.2
2014,3523488500,132423000,無細項,法務部主管,臺灣新竹地方法院檢察署,檢察機關擴(遷)建計畫,司法支出,12.18.3
2014,3523489800,278000,無細項,法務部主管,臺灣新竹地方法院檢察署,第一預備金,司法支出,12.18.4
2014,3523490100,167905000,無細項,法務部主管,臺灣苗栗地方法院檢察署,一般行政,司法支出,12.19.1
2014,3523491000,10697000,無細項,法務部主管,臺灣苗栗地方法院檢察署,檢察業務,司法支出,12.19.2
2014,3523499800,193000,無細項,法務部主管,臺灣苗栗地方法院檢察署,第一預備金,司法支出,12.19.3
2014,3523500100,708171000,無細項,法務部主管,臺灣臺中地方法院檢察署,一般行政,司法支出,12.20.1
2014,3523501000,33196000,無細項,法務部主管,臺灣臺中地方法院檢察署,檢察業務,司法支出,12.20.2
2014,3523509800,739000,無細項,法務部主管,臺灣臺中地方法院檢察署,第一預備金,司法支出,12.20.3
2014,3523510100,164541000,無細項,法務部主管,臺灣南投地方法院檢察署,一般行政,司法支出,12.21.1
2014,3523511000,9783000,無細項,法務部主管,臺灣南投地方法院檢察署,檢察業務,司法支出,12.21.2
2014,3523519800,189000,無細項,法務部主管,臺灣南投地方法院檢察署,第一預備金,司法支出,12.21.3
2014,3523520100,293908000,無細項,法務部主管,臺灣彰化地方法院檢察署,一般行政,司法支出,12.22.1
2014,3523521000,17231000,無細項,法務部主管,臺灣彰化地方法院檢察署,檢察業務,司法支出,12.22.2
2014,3523529800,337000,無細項,法務部主管,臺灣彰化地方法院檢察署,第一預備金,司法支出,12.22.3
2014,3523530100,175826000,無細項,法務部主管,臺灣雲林地方法院檢察署,一般行政,司法支出,12.23.1
2014,3523531000,9968000,無細項,法務部主管,臺灣雲林地方法院檢察署,檢察業務,司法支出,12.23.2
2014,3523539800,207000,無細項,法務部主管,臺灣雲林地方法院檢察署,第一預備金,司法支出,12.23.3
2014,3523540100,241467000,無細項,法務部主管,臺灣嘉義地方法院檢察署,一般行政,司法支出,12.24.1
2014,3523541000,9819000,無細項,法務部主管,臺灣嘉義地方法院檢察署,檢察業務,司法支出,12.24.2
2014,3523549800,269000,無細項,法務部主管,臺灣嘉義地方法院檢察署,第一預備金,司法支出,12.24.3
2014,3523560100,451108000,無細項,法務部主管,臺灣臺南地方法院檢察署,一般行政,司法支出,12.25.1
2014,3523561000,24783000,無細項,法務部主管,臺灣臺南地方法院檢察署,檢察業務,司法支出,12.25.2
2014,3523569800,516000,無細項,法務部主管,臺灣臺南地方法院檢察署,第一預備金,司法支出,12.25.3
2014,3523580100,779577000,無細項,法務部主管,臺灣高雄地方法院檢察署,一般行政,司法支出,12.26.1
2014,3523581000,35985000,無細項,法務部主管,臺灣高雄地方法院檢察署,檢察業務,司法支出,12.26.2
2014,3523588500,0,無細項,法務部主管,臺灣高雄地方法院檢察署,檢察機關擴(遷)建計畫,司法支出,12.26.3
2014,3523589011,640000,交通及運輸設備,法務部主管,臺灣高雄地方法院檢察署,一般建築及設備,司法支出,12.26.4.1
2014,3523589800,880000,無細項,法務部主管,臺灣高雄地方法院檢察署,第一預備金,司法支出,12.26.5
2014,3523590100,237304000,無細項,法務部主管,臺灣屏東地方法院檢察署,一般行政,司法支出,12.27.1
2014,3523591000,11838000,無細項,法務部主管,臺灣屏東地方法院檢察署,檢察業務,司法支出,12.27.2
2014,3523599011,0,交通及運輸設備,法務部主管,臺灣屏東地方法院檢察署,一般建築及設備,司法支出,12.27.3.1
2014,3523599800,254000,無細項,法務部主管,臺灣屏東地方法院檢察署,第一預備金,司法支出,12.27.4
2014,3523600100,126346000,無細項,法務部主管,臺灣臺東地方法院檢察署,一般行政,司法支出,12.28.1
2014,3523601000,6785000,無細項,法務部主管,臺灣臺東地方法院檢察署,檢察業務,司法支出,12.28.2
2014,3523609800,351000,無細項,法務部主管,臺灣臺東地方法院檢察署,第一預備金,司法支出,12.28.3
2014,3523610100,152379000,無細項,法務部主管,臺灣花蓮地方法院檢察署,一般行政,司法支出,12.29.1
2014,3523611000,8975000,無細項,法務部主管,臺灣花蓮地方法院檢察署,檢察業務,司法支出,12.29.2
2014,3523619800,326000,無細項,法務部主管,臺灣花蓮地方法院檢察署,第一預備金,司法支出,12.29.3
2014,3523620100,150377000,無細項,法務部主管,臺灣宜蘭地方法院檢察署,一般行政,司法支出,12.30.1
2014,3523621000,7614000,無細項,法務部主管,臺灣宜蘭地方法院檢察署,檢察業務,司法支出,12.30.2
2014,3523629800,400000,無細項,法務部主管,臺灣宜蘭地方法院檢察署,第一預備金,司法支出,12.30.3
2014,3523630100,175406000,無細項,法務部主管,臺灣基隆地方法院檢察署,一般行政,司法支出,12.31.1
2014,3523631000,9453000,無細項,法務部主管,臺灣基隆地方法院檢察署,檢察業務,司法支出,12.31.2
2014,3523639800,503000,無細項,法務部主管,臺灣基隆地方法院檢察署,第一預備金,司法支出,12.31.3
2014,3523640100,73701000,無細項,法務部主管,臺灣澎湖地方法院檢察署,一般行政,司法支出,12.32.1
2014,3523641000,3143000,無細項,法務部主管,臺灣澎湖地方法院檢察署,檢察業務,司法支出,12.32.2
2014,3523649011,0,交通及運輸設備,法務部主管,臺灣澎湖地方法院檢察署,一般建築及設備,司法支出,12.32.3.1
2014,3523649800,86000,無細項,法務部主管,臺灣澎湖地方法院檢察署,第一預備金,司法支出,12.32.4
2014,3523900100,20076000,無細項,法務部主管,福建高等法院金門分院檢察署,一般行政,司法支出,12.33.1
2014,3523901000,1066000,無細項,法務部主管,福建高等法院金門分院檢察署,檢察業務,司法支出,12.33.2
2014,3523908500,2500000,無細項,法務部主管,福建高等法院金門分院檢察署,檢察機關擴(遷)建計畫,司法支出,12.33.3
2014,3523909800,20000,無細項,法務部主管,福建高等法院金門分院檢察署,第一預備金,司法支出,12.33.4
2014,3523910100,43837000,無細項,法務部主管,福建金門地方法院檢察署,一般行政,司法支出,12.34.1
2014,3523911000,1910000,無細項,法務部主管,福建金門地方法院檢察署,檢察業務,司法支出,12.34.2
2014,3523919800,95000,無細項,法務部主管,福建金門地方法院檢察署,第一預備金,司法支出,12.34.3
2014,3523920100,13266000,無細項,法務部主管,福建連江地方法院檢察署,一般行政,司法支出,12.35.1
2014,3523921000,857000,無細項,法務部主管,福建連江地方法院檢察署,檢察業務,司法支出,12.35.2
2014,3523929011,700000,交通及運輸設備,法務部主管,福建連江地方法院檢察署,一般建築及設備,司法支出,12.35.3.1
2014,3523929800,80000,無細項,法務部主管,福建連江地方法院檢察署,第一預備金,司法支出,12.35.4
2014,3523950100,4816854000,無細項,法務部主管,調查局,一般行政,司法支出,12.36.1
2014,3523951000,197596000,無細項,法務部主管,調查局,司法調查業務,司法支出,12.36.2
2014,3523952000,109250000,無細項,法務部主管,調查局,鑑識科學及通訊監察業務,司法支出,12.36.3
2014,3523959002,48800000,營建工程,法務部主管,調查局,一般建築及設備,司法支出,12.36.4.1
2014,3523959011,2820000,交通及運輸設備,法務部主管,調查局,一般建築及設備,司法支出,12.36.4.2
2014,3523959019,130963000,其他設備,法務部主管,調查局,一般建築及設備,司法支出,12.36.4.3
2014,3523959800,5382000,無細項,法務部主管,調查局,第一預備金,司法支出,12.36.5
2014,5223953000,12023000,無細項,法務部主管,調查局,鑑識科技業務,科學支出,12.36.6
2014,4026015000,11063000,無細項,經濟部主管,經濟部,投資事業股權移轉,財務支出,13.1.1
2014,5226011300,854767000,無細項,經濟部主管,經濟部,推動商業科技發展,科學支出,13.1.2
2014,5226014000,17603242000,無細項,經濟部主管,經濟部,科技專案,科學支出,13.1.3
2014,5226014200,8277000,無細項,經濟部主管,經濟部,延攬海外科技人才,科學支出,13.1.4
2014,5226014400,5413000,無細項,經濟部主管,經濟部,礦業及土石科技發展,科學支出,13.1.5
2014,5926012000,37042000,無細項,經濟部主管,經濟部,礦務行政與管理,工業支出,13.1.6
2014,6126010100,2164521000,無細項,經濟部主管,經濟部,一般行政,其他經濟服務支出,13.1.7
2014,6126011000,6924000,無細項,經濟部主管,經濟部,國營事業管理,其他經濟服務支出,13.1.8
2014,6126011100,11663000,無細項,經濟部主管,經濟部,投資審議,其他經濟服務支出,13.1.9
2014,6126011200,319052000,無細項,經濟部主管,經濟部,推動商業現代化,其他經濟服務支出,13.1.10
2014,6126011500,53099000,無細項,經濟部主管,經濟部,經濟行政與管理,其他經濟服務支出,13.1.11
2014,6126011600,6918000,無細項,經濟部主管,經濟部,貿易調查業務,其他經濟服務支出,13.1.12
2014,6126011700,1386279000,無細項,經濟部主管,經濟部,配合中興新村高等研究園區推動計畫,其他經濟服務支出,13.1.13
2014,6126012410,17183000,國際經濟合作,經濟部主管,經濟部,國際經濟合作與促進投資,其他經濟服務支出,13.1.14.1
2014,6126012420,152226000,促進投資,經濟部主管,經濟部,國際經濟合作與促進投資,其他經濟服務支出,13.1.14.2
2014,6126018005,1000000,臺灣中興紙業股份有限公司,經濟部主管,經濟部,營業基金,其他經濟服務支出,13.1.15.1
2014,6126019002,203222000,營建工程,經濟部主管,經濟部,一般建築及設備,其他經濟服務支出,13.1.16.1
2014,6126019011,0,交通及運輸設備,經濟部主管,經濟部,一般建築及設備,其他經濟服務支出,13.1.16.2
2014,6126019800,77927000,無細項,經濟部主管,經濟部,第一預備金,其他經濟服務支出,13.1.17
2014,6826016200,4938000,無細項,經濟部主管,經濟部,早期退休人員生活困難照護金,福利服務支出,13.1.18
2014,7526016000,6213000,無細項,經濟部主管,經濟部,退休撫卹給付,退休撫卹給付支出,13.1.19
2014,5226102200,6219864000,無細項,經濟部主管,工業局,工業技術升級輔導,科學支出,13.2.1
2014,5926100100,351399000,無細項,經濟部主管,工業局,一般行政,工業支出,13.2.2
2014,5926102000,55854000,無細項,經濟部主管,工業局,工業管理,工業支出,13.2.3
2014,5926109011,605000,交通及運輸設備,經濟部主管,工業局,一般建築及設備,工業支出,13.2.4.1
2014,5926109800,3000000,無細項,經濟部主管,工業局,第一預備金,工業支出,13.2.5
2014,6126200100,537044000,無細項,經濟部主管,國際貿易局及所屬,一般行政,其他經濟服務支出,13.3.1
2014,6126201020,324650000,輸出入貿易,經濟部主管,國際貿易局及所屬,國際貿易,其他經濟服務支出,13.3.2.1
2014,6126201021,36994000,國際貿易發展,經濟部主管,國際貿易局及所屬,國際貿易,其他經濟服務支出,13.3.2.2
2014,6126209800,3000000,無細項,經濟部主管,國際貿易局及所屬,第一預備金,其他經濟服務支出,13.3.3
2014,5226310400,410861000,無細項,經濟部主管,標準檢驗局及所屬,建立及維持度量衡標準,科學支出,13.4.1
2014,5226310500,152727000,無細項,經濟部主管,標準檢驗局及所屬,建立及維護國家標準,科學支出,13.4.2
2014,6126310100,1274733000,無細項,經濟部主管,標準檢驗局及所屬,一般行政,其他經濟服務支出,13.4.3
2014,6126310200,489547000,無細項,經濟部主管,標準檢驗局及所屬,標準檢驗及度政管理,其他經濟服務支出,13.4.4
2014,6126319011,46000,交通及運輸設備,經濟部主管,標準檢驗局及所屬,一般建築及設備,其他經濟服務支出,13.4.5.1
2014,6126319800,3000000,無細項,經濟部主管,標準檢驗局及所屬,第一預備金,其他經濟服務支出,13.4.6
2014,5226413000,197097000,無細項,經濟部主管,智慧財產局,智慧財產權科技發展,科學支出,13.5.1
2014,6126410100,1120197000,無細項,經濟部主管,智慧財產局,一般行政,其他經濟服務支出,13.5.2
2014,6126411000,379496000,無細項,經濟部主管,智慧財產局,推動保護智慧財產權,其他經濟服務支出,13.5.3
2014,6126419800,2208000,無細項,經濟部主管,智慧財產局,第一預備金,其他經濟服務支出,13.5.4
2014,5226551100,183944000,無細項,經濟部主管,水利署及所屬,水資源科技發展,科學支出,13.6.1
2014,5826550100,1921249000,無細項,經濟部主管,水利署及所屬,一般行政,農業支出,13.6.2
2014,5826551201,539793000,水資源企劃及保育,經濟部主管,水利署及所屬,水利建設及保育管理,農業支出,13.6.3.1
2014,5826551202,99509000,水利行政業務,經濟部主管,水利署及所屬,水利建設及保育管理,農業支出,13.6.3.2
2014,5826551203,4878391000,水資源開發及維護,經濟部主管,水利署及所屬,水利建設及保育管理,農業支出,13.6.3.3
2014,5826551204,9440782000,河川海岸及排水環境營造,經濟部主管,水利署及所屬,水利建設及保育管理,農業支出,13.6.3.4
2014,5826551301,2460000,交通及運輸設備,經濟部主管,水利署及所屬,一般建築及設備,農業支出,13.6.4.1
2014,5826559800,6935000,無細項,經濟部主管,水利署及所屬,第一預備金,農業支出,13.6.5
2014,5226752000,471098000,無細項,經濟部主管,中小企業處,中小企業科技應用,科學支出,13.7.1
2014,6126750100,149250000,無細項,經濟部主管,中小企業處,一般行政,其他經濟服務支出,13.7.2
2014,6126751000,3891152000,無細項,經濟部主管,中小企業處,中小企業發展,其他經濟服務支出,13.7.3
2014,6126759800,4881000,無細項,經濟部主管,中小企業處,第一預備金,其他經濟服務支出,13.7.4
2014,5926800100,342286000,無細項,經濟部主管,加工出口區管理處及所屬,一般行政,工業支出,13.8.1
2014,5926801020,110195000,加工出口區管理,經濟部主管,加工出口區管理處及所屬,加工出口區業務,工業支出,13.8.2.1
2014,5926809011,0,交通及運輸設備,經濟部主管,加工出口區管理處及所屬,一般建築及設備,工業支出,13.8.3.1
2014,5926809800,100000,無細項,經濟部主管,加工出口區管理處及所屬,第一預備金,工業支出,13.8.4
2014,5226904000,240035000,無細項,經濟部主管,中央地質調查所,地質科技研究發展,科學支出,13.9.1
2014,5926900100,124119000,無細項,經濟部主管,中央地質調查所,一般行政,工業支出,13.9.2
2014,5926901000,190012000,無細項,經濟部主管,中央地質調查所,地質調查研究,工業支出,13.9.3
2014,5926909800,300000,無細項,經濟部主管,中央地質調查所,第一預備金,工業支出,13.9.4
2014,5926960100,200305000,無細項,經濟部主管,能源局,一般行政,工業支出,13.10.1
2014,5926969800,250000,無細項,經濟部主管,能源局,第一預備金,工業支出,13.10.2
2014,4029015100,35400000,無細項,交通部主管,交通部,投資事業股權移轉,財務支出,14.1.1
2014,5229011800,132359000,無細項,交通部主管,交通部,交通科技研究發展,科學支出,14.1.2
2014,6029010100,775697000,無細項,交通部主管,交通部,一般行政,交通支出,14.1.3
2014,6029011000,174387000,無細項,交通部主管,交通部,航政業務規劃及督導,交通支出,14.1.4
2014,6029011100,1954000,無細項,交通部主管,交通部,郵電業務規劃及督導,交通支出,14.1.5
2014,6029011220,45267000,路政管理,交通部主管,交通部,路政業務規劃及督導,交通支出,14.1.6.1
2014,6029011222,11981000,汽車燃料使用費經徵管理,交通部主管,交通部,路政業務規劃及督導,交通支出,14.1.6.2
2014,6029014800,270457000,無細項,交通部主管,交通部,道路交通安全,交通支出,14.1.7
2014,6029016500,374061000,無細項,交通部主管,交通部,軌道工程興建管理,交通支出,14.1.8
2014,6029017200,108143000,無細項,交通部主管,交通部,軌道安全提升與改善,交通支出,14.1.9
2014,6029017700,1180474000,無細項,交通部主管,交通部,航政港政業務管理及執行,交通支出,14.1.10
2014,6029018020,11534286000,臺灣鐵路管理局,交通部主管,交通部,營業基金,交通支出,14.1.11.1
2014,6029018050,900000000,國際機場園區股份有限公司,交通部主管,交通部,營業基金,交通支出,14.1.11.2
2014,6029018610,23671892000,鐵路建設計畫,交通部主管,交通部,鐵公路重要交通工程,交通支出,14.1.12.1
2014,6029018640,18242974000,都市大眾捷運系統建設計畫,交通部主管,交通部,鐵公路重要交通工程,交通支出,14.1.12.2
2014,6029018700,1010800000,無細項,交通部主管,交通部,偏遠地區交通建設,交通支出,14.1.13
2014,6029019011,739000,交通及運輸設備,交通部主管,交通部,一般建築及設備,交通支出,14.1.14.1
2014,6029019800,17343000,無細項,交通部主管,交通部,第一預備金,交通支出,14.1.15
2014,6029110100,310254000,無細項,交通部主管,民用航空局,一般行政,交通支出,14.2.1
2014,6029110200,246000,無細項,交通部主管,民用航空局,空運管理業務,交通支出,14.2.2
2014,6029119800,1200000,無細項,交通部主管,民用航空局,第一預備金,交通支出,14.2.3
2014,5229212020,159566000,氣象科技研究,交通部主管,中央氣象局,氣象科技研究發展,科學支出,14.3.1.1
2014,5229212021,572192000,氣象資訊處理研究與開發,交通部主管,中央氣象局,氣象科技研究發展,科學支出,14.3.1.2
2014,5229212022,19055000,應用氣象研究,交通部主管,中央氣象局,氣象科技研究發展,科學支出,14.3.1.3
2014,5229212023,251029000,地震測報,交通部主管,中央氣象局,氣象科技研究發展,科學支出,14.3.1.4
2014,5229212024,0,強化災防環境監測,交通部主管,中央氣象局,氣象科技研究發展,科學支出,14.3.1.5
2014,6129210100,578648000,無細項,交通部主管,中央氣象局,一般行政,其他經濟服務支出,14.3.2
2014,6129211000,185699000,無細項,交通部主管,中央氣象局,氣象測報,其他經濟服務支出,14.3.3
2014,6129219002,36737000,營建工程,交通部主管,中央氣象局,一般建築及設備,其他經濟服務支出,14.3.4.1
2014,6129219800,880000,無細項,交通部主管,中央氣象局,第一預備金,其他經濟服務支出,14.3.5
2014,6129310100,918183000,無細項,交通部主管,觀光局及所屬,一般行政,其他經濟服務支出,14.4.1
2014,6129311000,247845000,無細項,交通部主管,觀光局及所屬,觀光業務,其他經濟服務支出,14.4.2
2014,6129311100,2806873000,無細項,交通部主管,觀光局及所屬,國家風景區開發與管理,其他經濟服務支出,14.4.3
2014,6129319011,605000,交通及運輸設備,交通部主管,觀光局及所屬,一般建築及設備,其他經濟服務支出,14.4.4.1
2014,6129319800,7008000,無細項,交通部主管,觀光局及所屬,第一預備金,其他經濟服務支出,14.4.5
2014,5229512000,122416000,無細項,交通部主管,運輸研究所,運輸科技應用研究業務,科學支出,14.5.1
2014,6029510100,157526000,無細項,交通部主管,運輸研究所,一般行政,交通支出,14.5.2
2014,6029511000,45601000,無細項,交通部主管,運輸研究所,運輸研究業務,交通支出,14.5.3
2014,6029512100,85576000,無細項,交通部主管,運輸研究所,港研中心管理業務,交通支出,14.5.4
2014,6029519800,200000,無細項,交通部主管,運輸研究所,第一預備金,交通支出,14.5.5
2014,6029710100,4885106000,無細項,交通部主管,公路總局及所屬,一般行政,交通支出,14.6.1
2014,6029711000,6985775000,無細項,交通部主管,公路總局及所屬,公路及監理業務管理,交通支出,14.6.2
2014,6029712021,33158992000,公路新建及養護計畫,交通部主管,公路總局及所屬,公路建設及改善計畫,交通支出,14.6.3.1
2014,6029719002,17468000,營建工程,交通部主管,公路總局及所屬,一般建築及設備,交通支出,14.6.4.1
2014,6029719800,2142000,無細項,交通部主管,公路總局及所屬,第一預備金,交通支出,14.6.5
2014,6630011300,120706981000,無細項,勞動部主管,勞動部,勞動保險業務,社會保險支出,15.1.1
2014,6830010100,507085000,無細項,勞動部主管,勞動部,一般行政,福利服務支出,15.1.2
2014,6830011100,21772000,無細項,勞動部主管,勞動部,綜合規劃業務,福利服務支出,15.1.3
2014,6830011200,105391000,無細項,勞動部主管,勞動部,勞動關係業務,福利服務支出,15.1.4
2014,6830011400,48407000,無細項,勞動部主管,勞動部,勞動福祉退休業務,福利服務支出,15.1.5
2014,6830011500,8021000,無細項,勞動部主管,勞動部,勞動條件及就業平等業務,福利服務支出,15.1.6
2014,6830011600,7750000,無細項,勞動部主管,勞動部,勞動法務業務,福利服務支出,15.1.7
2014,6830019800,5709000,無細項,勞動部主管,勞動部,第一預備金,福利服務支出,15.1.8
2014,6630100100,2677031000,無細項,勞動部主管,勞工保險局,一般行政,社會保險支出,15.2.1
2014,6630101100,636957000,無細項,勞動部主管,勞工保險局,保險業務,社會保險支出,15.2.2
2014,6630109011,0,交通及運輸設備,勞動部主管,勞工保險局,一般建築及設備,社會保險支出,15.2.3.1
2014,6630109800,0,無細項,勞動部主管,勞工保險局,第一預備金,社會保險支出,15.2.4
2014,6830101600,107778000,無細項,勞動部主管,勞工保險局,勞工退休金業務,福利服務支出,15.2.5
2014,6930200100,303236000,無細項,勞動部主管,勞動力發展署及所屬,一般行政,國民就業支出,15.3.1
2014,6930200201,6297000,綜合規劃,勞動部主管,勞動力發展署及所屬,勞動力發展業務,國民就業支出,15.3.2.1
2014,6930200202,8208000,訓練發展,勞動部主管,勞動力發展署及所屬,勞動力發展業務,國民就業支出,15.3.2.2
2014,6930200203,186827000,就業服務,勞動部主管,勞動力發展署及所屬,勞動力發展業務,國民就業支出,15.3.2.3
2014,6930200204,59455000,身心障礙者及特定對象業務,勞動部主管,勞動力發展署及所屬,勞動力發展業務,國民就業支出,15.3.2.4
2014,6930200205,4403000,外國人聘僱許可及管理,勞動部主管,勞動力發展署及所屬,勞動力發展業務,國民就業支出,15.3.2.5
2014,6930200206,48012000,勞動力發展創新業務,勞動部主管,勞動力發展署及所屬,勞動力發展業務,國民就業支出,15.3.2.6
2014,6930200301,251923000,北基宜花金馬分署管理,勞動部主管,勞動力發展署及所屬,分署管理,國民就業支出,15.3.3.1
2014,6930200302,230906000,桃竹苗分署管理,勞動部主管,勞動力發展署及所屬,分署管理,國民就業支出,15.3.3.2
2014,6930200303,391684000,中彰投分署管理,勞動部主管,勞動力發展署及所屬,分署管理,國民就業支出,15.3.3.3
2014,6930200304,268586000,雲嘉南分署管理,勞動部主管,勞動力發展署及所屬,分署管理,國民就業支出,15.3.3.4
2014,6930200305,177094000,高屏澎東分署管理,勞動部主管,勞動力發展署及所屬,分署管理,國民就業支出,15.3.3.5
2014,6930200400,111784000,無細項,勞動部主管,勞動力發展署及所屬,技能檢定中心管理,國民就業支出,15.3.4
2014,6930209800,2831000,無細項,勞動部主管,勞動力發展署及所屬,第一預備金,國民就業支出,15.3.5
2014,6630301400,70000000,無細項,勞動部主管,職業安全衛生署,職業災害保護業務,社會保險支出,15.4.1
2014,6830300100,348506000,無細項,勞動部主管,職業安全衛生署,一般行政,福利服務支出,15.4.2
2014,6830300200,283330000,無細項,勞動部主管,職業安全衛生署,職業安全衛生業務,福利服務支出,15.4.3
2014,6830309011,0,交通及運輸設備,勞動部主管,職業安全衛生署,一般建築及設備,福利服務支出,15.4.4.1
2014,6830309800,1000000,無細項,勞動部主管,職業安全衛生署,第一預備金,福利服務支出,15.4.5
2014,6830400100,163361000,無細項,勞動部主管,勞動基金運用局,一般行政,福利服務支出,15.5.1
2014,6830400200,15697000,無細項,勞動部主管,勞動基金運用局,勞動基金運用業務,福利服務支出,15.5.2
2014,6830409800,800000,無細項,勞動部主管,勞動基金運用局,第一預備金,福利服務支出,15.5.3
2014,5230500100,92139000,無細項,勞動部主管,勞動及職業安全衛生研究所,一般行政,科學支出,15.6.1
2014,5230501100,214429000,無細項,勞動部主管,勞動及職業安全衛生研究所,勞動及職業安全衛生研究,科學支出,15.6.2
2014,5230509019,9939000,其他設備,勞動部主管,勞動及職業安全衛生研究所,一般建築及設備,科學支出,15.6.3.1
2014,5230509800,100000,無細項,勞動部主管,勞動及職業安全衛生研究所,第一預備金,科學支出,15.6.4
2014,4136010100,90902000,無細項,蒙藏委員會主管,蒙藏委員會,一般行政,邊政支出,16.1.1
2014,4136012000,20042000,無細項,蒙藏委員會主管,蒙藏委員會,蒙事業務,邊政支出,16.1.2
2014,4136013000,14786000,無細項,蒙藏委員會主管,蒙藏委員會,藏事業務,邊政支出,16.1.3
2014,4136019800,582000,無細項,蒙藏委員會主管,蒙藏委員會,第一預備金,邊政支出,16.1.4
2014,4239010100,359088000,無細項,僑務委員會主管,僑務委員會,一般行政,僑務支出,17.1.1
2014,4239010900,46265000,無細項,僑務委員會主管,僑務委員會,綜合規劃業務,僑務支出,17.1.2
2014,4239011000,77364000,無細項,僑務委員會主管,僑務委員會,僑民及僑團聯繫服務與接待,僑務支出,17.1.3
2014,4239012420,67483000,華僑文化社教活動,僑務委員會主管,僑務委員會,僑民社教業務,僑務支出,17.1.4.1
2014,4239012421,283193000,華僑文教中心服務工作,僑務委員會主管,僑務委員會,僑民社教業務,僑務支出,17.1.4.2
2014,4239012500,91157000,無細項,僑務委員會主管,僑務委員會,回國升學僑生服務,僑務支出,17.1.5
2014,4239012600,175195000,無細項,僑務委員會主管,僑務委員會,華僑新聞資訊及傳媒服務,僑務支出,17.1.6
2014,4239012700,62980000,無細項,僑務委員會主管,僑務委員會,僑民經濟業務,僑務支出,17.1.7
2014,4239019800,8500000,無細項,僑務委員會主管,僑務委員會,第一預備金,僑務支出,17.1.8
2014,5139012320,191494000,僑校發展與輔助,僑務委員會主管,僑務委員會,僑民文教業務,教育支出,17.1.9.1
2014,5139012321,98947000,海外青年技訓研習,僑務委員會主管,僑務委員會,僑民文教業務,教育支出,17.1.9.2
2014,5248010100,386482000,無細項,原子能委員會主管,原子能委員會,一般行政,科學支出,18.1.1
2014,5248011020,37009000,原子能科學發展,原子能委員會主管,原子能委員會,原子能管理發展業務,科學支出,18.1.2.1
2014,5248011021,53161000,游離輻射安全防護,原子能委員會主管,原子能委員會,原子能管理發展業務,科學支出,18.1.2.2
2014,5248011022,81749000,核設施安全管制,原子能委員會主管,原子能委員會,原子能管理發展業務,科學支出,18.1.2.3
2014,5248011023,12912000,核子保安與應變,原子能委員會主管,原子能委員會,原子能管理發展業務,科學支出,18.1.2.4
2014,5248019011,0,交通及運輸設備,原子能委員會主管,原子能委員會,一般建築及設備,科學支出,18.1.3.1
2014,5248019800,392000,無細項,原子能委員會主管,原子能委員會,第一預備金,科學支出,18.1.4
2014,7248100100,53980000,無細項,原子能委員會主管,輻射偵測中心,一般行政,環境保護支出,18.2.1
2014,7248101020,9768000,天然游離輻射偵測,原子能委員會主管,輻射偵測中心,環境輻射偵測,環境保護支出,18.2.2.1
2014,7248101021,6647000,人造游離輻射偵測,原子能委員會主管,輻射偵測中心,環境輻射偵測,環境保護支出,18.2.2.2
2014,7248109011,0,交通及運輸設備,原子能委員會主管,輻射偵測中心,一般建築及設備,環境保護支出,18.2.3.1
2014,7248109800,10000,無細項,原子能委員會主管,輻射偵測中心,第一預備金,環境保護支出,18.2.4
2014,7248200100,57209000,無細項,原子能委員會主管,放射性物料管理局,一般行政,環境保護支出,18.3.1
2014,7248201020,19540000,放射性物料管理作業,原子能委員會主管,放射性物料管理局,放射性物料管理,環境保護支出,18.3.2.1
2014,7248201022,2257000,放射性廢棄物營運安全管制,原子能委員會主管,放射性物料管理局,放射性物料管理,環境保護支出,18.3.2.2
2014,7248201023,3576000,核物料及小產源廢棄物安全管制,原子能委員會主管,放射性物料管理局,放射性物料管理,環境保護支出,18.3.2.3
2014,7248209011,52000,交通及運輸設備,原子能委員會主管,放射性物料管理局,一般建築及設備,環境保護支出,18.3.3.1
2014,7248209800,10000,無細項,原子能委員會主管,放射性物料管理局,第一預備金,環境保護支出,18.3.4
2014,5248300100,1276712000,無細項,原子能委員會主管,核能研究所,一般行政,科學支出,18.4.1
2014,5248301220,16796000,綜合計畫,原子能委員會主管,核能研究所,核能科技計畫管考、設施運轉維護及安全,科學支出,18.4.2.1
2014,5248301221,90435000,設施運轉維護與改善,原子能委員會主管,核能研究所,核能科技計畫管考、設施運轉維護及安全,科學支出,18.4.2.2
2014,5248302170,203980000,輻射應用科技研究,原子能委員會主管,核能研究所,核能科技研發計畫,科學支出,18.4.3.1
2014,5248302171,315185000,環境與能源科技研究,原子能委員會主管,核能研究所,核能科技研發計畫,科學支出,18.4.3.2
2014,5248302172,169241000,核能安全科技研究,原子能委員會主管,核能研究所,核能科技研發計畫,科學支出,18.4.3.3
2014,5248303000,137970000,無細項,原子能委員會主管,核能研究所,推廣能源技術應用,科學支出,18.4.4
2014,5248309800,10000,無細項,原子能委員會主管,核能研究所,第一預備金,科學支出,18.4.5
2014,4051017400,8850000,無細項,農業委員會主管,農業委員會,投資事業股權移轉,財務支出,19.1.1
2014,5251011200,1007909000,無細項,農業委員會主管,農業委員會,農業科技研究發展,科學支出,19.1.2
2014,5851010100,577362000,無細項,農業委員會主管,農業委員會,一般行政,農業支出,19.1.3
2014,5851011000,3361761000,無細項,農業委員會主管,農業委員會,農業管理,農業支出,19.1.4
2014,5851011100,36170508000,無細項,農業委員會主管,農業委員會,農業發展,農業支出,19.1.5
2014,5851018120,6176398000,農業特別收入基金,農業委員會主管,農業委員會,非營業特種基金,農業支出,19.1.6.1
2014,5851019011,900000,交通及運輸設備,農業委員會主管,農業委員會,一般建築及設備,農業支出,19.1.7.1
2014,5851019800,62678000,無細項,農業委員會主管,農業委員會,第一預備金,農業支出,19.1.8
2014,6851012400,49447450000,無細項,農業委員會主管,農業委員會,老年農民福利津貼,福利服務支出,19.1.9
2014,5251021300,74516000,無細項,農業委員會主管,林務局,林業試驗研究,科學支出,19.2.1
2014,5851020100,2336507000,無細項,農業委員會主管,林務局,一般行政,農業支出,19.2.2
2014,5851021000,98760000,無細項,農業委員會主管,林務局,林業管理,農業支出,19.2.3
2014,5851021100,3803101000,無細項,農業委員會主管,林務局,林業發展,農業支出,19.2.4
2014,5851029002,10036000,營建工程,農業委員會主管,林務局,一般建築及設備,農業支出,19.2.5.1
2014,5851029800,1000000,無細項,農業委員會主管,林務局,第一預備金,農業支出,19.2.6
2014,5251031000,28581000,無細項,農業委員會主管,水土保持局,水土保持試驗研究,科學支出,19.3.1
2014,5851030100,595598000,無細項,農業委員會主管,水土保持局,一般行政,農業支出,19.3.2
2014,5851031000,3671008000,無細項,農業委員會主管,水土保持局,水土保持發展,農業支出,19.3.3
2014,5851039800,200000,無細項,農業委員會主管,水土保持局,第一預備金,農業支出,19.3.4
2014,5251041000,416229000,無細項,農業委員會主管,農業試驗所,農業試驗研究,科學支出,19.4.1
2014,5851040100,516038000,無細項,農業委員會主管,農業試驗所,一般行政,農業支出,19.4.2
2014,5851041100,37686000,無細項,農業委員會主管,農業試驗所,農業數位化發展,農業支出,19.4.3
2014,5851049011,420000,交通及運輸設備,農業委員會主管,農業試驗所,一般建築及設備,農業支出,19.4.4.1
2014,5851049800,300000,無細項,農業委員會主管,農業試驗所,第一預備金,農業支出,19.4.5
2014,5251051000,131964000,無細項,農業委員會主管,林業試驗所,林業科技試驗研究,科學支出,19.5.1
2014,5851050100,323092000,無細項,農業委員會主管,林業試驗所,一般行政,農業支出,19.5.2
2014,5851052000,145263000,無細項,農業委員會主管,林業試驗所,林業發展,農業支出,19.5.3
2014,5851059011,1026000,交通及運輸設備,農業委員會主管,林業試驗所,一般建築及設備,農業支出,19.5.4.1
2014,5851059800,200000,無細項,農業委員會主管,林業試驗所,第一預備金,農業支出,19.5.5
2014,5251061200,200181000,無細項,農業委員會主管,水產試驗所,水產試驗研究,科學支出,19.6.1
2014,5851060100,350615000,無細項,農業委員會主管,水產試驗所,一般行政,農業支出,19.6.2
2014,5851069011,551000,交通及運輸設備,農業委員會主管,水產試驗所,一般建築及設備,農業支出,19.6.3.1
2014,5851069800,200000,無細項,農業委員會主管,水產試驗所,第一預備金,農業支出,19.6.4
2014,5251071000,217093000,無細項,農業委員會主管,畜產試驗所,畜牧試驗研究,科學支出,19.7.1
2014,5851070100,402321000,無細項,農業委員會主管,畜產試驗所,一般行政,農業支出,19.7.2
2014,5851079011,913000,交通及運輸設備,農業委員會主管,畜產試驗所,一般建築及設備,農業支出,19.7.3.1
2014,5851079800,200000,無細項,農業委員會主管,畜產試驗所,第一預備金,農業支出,19.7.4
2014,5251081200,185384000,無細項,農業委員會主管,家畜衛生試驗所,動物衛生試驗研究,科學支出,19.8.1
2014,5851080100,169611000,無細項,農業委員會主管,家畜衛生試驗所,一般行政,農業支出,19.8.2
2014,5851089002,0,營建工程,農業委員會主管,家畜衛生試驗所,一般建築及設備,農業支出,19.8.3.1
2014,5851089019,0,其他設備,農業委員會主管,家畜衛生試驗所,一般建築及設備,農業支出,19.8.3.2
2014,5851089800,100000,無細項,農業委員會主管,家畜衛生試驗所,第一預備金,農業支出,19.8.4
2014,5251091000,123084000,無細項,農業委員會主管,農業藥物毒物試驗所,農業藥物及植物保護試驗研究,科學支出,19.9.1
2014,5851090100,143517000,無細項,農業委員會主管,農業藥物毒物試驗所,一般行政,農業支出,19.9.2
2014,5851092000,48448000,無細項,農業委員會主管,農業藥物毒物試驗所,農藥檢驗及登記管理,農業支出,19.9.3
2014,5851099800,100000,無細項,農業委員會主管,農業藥物毒物試驗所,第一預備金,農業支出,19.9.4
2014,5251101000,72191000,無細項,農業委員會主管,特有生物研究保育中心,特有生物研究,科學支出,19.10.1
2014,5851100100,180168000,無細項,農業委員會主管,特有生物研究保育中心,一般行政,農業支出,19.10.2
2014,5851109002,8400000,營建工程,農業委員會主管,特有生物研究保育中心,一般建築及設備,農業支出,19.10.3.1
2014,5851109800,80000,無細項,農業委員會主管,特有生物研究保育中心,第一預備金,農業支出,19.10.4
2014,5251111000,75326000,無細項,農業委員會主管,茶業改良場,茶業技術研究改良,科學支出,19.11.1
2014,5851110100,166731000,無細項,農業委員會主管,茶業改良場,一般行政,農業支出,19.11.2
2014,5851119011,0,交通及運輸設備,農業委員會主管,茶業改良場,一般建築及設備,農業支出,19.11.3.1
2014,5851119800,100000,無細項,農業委員會主管,茶業改良場,第一預備金,農業支出,19.11.4
2014,5251121000,70881000,無細項,農業委員會主管,種苗改良繁殖場,種苗研究與改良,科學支出,19.12.1
2014,5851120100,125874000,無細項,農業委員會主管,種苗改良繁殖場,一般行政,農業支出,19.12.2
2014,5851129002,24259000,營建工程,農業委員會主管,種苗改良繁殖場,一般建築及設備,農業支出,19.12.3.1
2014,5851129019,21741000,其他設備,農業委員會主管,種苗改良繁殖場,一般建築及設備,農業支出,19.12.3.2
2014,5851129800,100000,無細項,農業委員會主管,種苗改良繁殖場,第一預備金,農業支出,19.12.4
2014,5251131200,69984000,無細項,農業委員會主管,桃園區農業改良場,農作物改良,科學支出,19.13.1
2014,5851130100,133512000,無細項,農業委員會主管,桃園區農業改良場,一般行政,農業支出,19.13.2
2014,5851139011,0,交通及運輸設備,農業委員會主管,桃園區農業改良場,一般建築及設備,農業支出,19.13.3.1
2014,5851139800,100000,無細項,農業委員會主管,桃園區農業改良場,第一預備金,農業支出,19.13.4
2014,5251141000,28496000,無細項,農業委員會主管,苗栗區農業改良場,農作物改良,科學支出,19.14.1
2014,5851140100,100896000,無細項,農業委員會主管,苗栗區農業改良場,一般行政,農業支出,19.14.2
2014,5851149011,0,交通及運輸設備,農業委員會主管,苗栗區農業改良場,一般建築及設備,農業支出,19.14.3.1
2014,5851149800,100000,無細項,農業委員會主管,苗栗區農業改良場,第一預備金,農業支出,19.14.4
2014,5251151000,88746000,無細項,農業委員會主管,臺中區農業改良場,農作物改良,科學支出,19.15.1
2014,5851150100,141864000,無細項,農業委員會主管,臺中區農業改良場,一般行政,農業支出,19.15.2
2014,5851159800,100000,無細項,農業委員會主管,臺中區農業改良場,第一預備金,農業支出,19.15.3
2014,5251161000,85690000,無細項,農業委員會主管,臺南區農業改良場,農作物改良,科學支出,19.16.1
2014,5851160100,152939000,無細項,農業委員會主管,臺南區農業改良場,一般行政,農業支出,19.16.2
2014,5851169011,950000,交通及運輸設備,農業委員會主管,臺南區農業改良場,一般建築及設備,農業支出,19.16.3.1
2014,5851169800,100000,無細項,農業委員會主管,臺南區農業改良場,第一預備金,農業支出,19.16.4
2014,5251171000,77647000,無細項,農業委員會主管,高雄區農業改良場,農作物改良,科學支出,19.17.1
2014,5851170100,127708000,無細項,農業委員會主管,高雄區農業改良場,一般行政,農業支出,19.17.2
2014,5851179800,200000,無細項,農業委員會主管,高雄區農業改良場,第一預備金,農業支出,19.17.3
2014,5251181000,62120000,無細項,農業委員會主管,花蓮區農業改良場,農作物改良,科學支出,19.18.1
2014,5851180100,100062000,無細項,農業委員會主管,花蓮區農業改良場,一般行政,農業支出,19.18.2
2014,5851189800,100000,無細項,農業委員會主管,花蓮區農業改良場,第一預備金,農業支出,19.18.3
2014,5251191000,49045000,無細項,農業委員會主管,臺東區農業改良場,農作物改良,科學支出,19.19.1
2014,5851190100,86827000,無細項,農業委員會主管,臺東區農業改良場,一般行政,農業支出,19.19.2
2014,5851199800,100000,無細項,農業委員會主管,臺東區農業改良場,第一預備金,農業支出,19.19.3
2014,5251201200,121227000,無細項,農業委員會主管,漁業署及所屬,漁業科技研究發展,科學支出,19.20.1
2014,5851200100,311616000,無細項,農業委員會主管,漁業署及所屬,一般行政,農業支出,19.20.2
2014,5851202000,3287256000,無細項,農業委員會主管,漁業署及所屬,漁業管理,農業支出,19.20.3
2014,5851203000,927692000,無細項,農業委員會主管,漁業署及所屬,漁業發展,農業支出,19.20.4
2014,5851209011,1690000,交通及運輸設備,農業委員會主管,漁業署及所屬,一般建築及設備,農業支出,19.20.5.1
2014,5851209800,1140000,無細項,農業委員會主管,漁業署及所屬,第一預備金,農業支出,19.20.6
2014,5251503000,269214000,無細項,農業委員會主管,動植物防疫檢疫局及所屬,動植物防檢疫技術研發,科學支出,19.21.1
2014,5851500100,683723000,無細項,農業委員會主管,動植物防疫檢疫局及所屬,一般行政,農業支出,19.21.2
2014,5851501000,794565000,無細項,農業委員會主管,動植物防疫檢疫局及所屬,動植物防檢疫管理,農業支出,19.21.3
2014,5851509002,234595000,營建工程,農業委員會主管,動植物防疫檢疫局及所屬,一般建築及設備,農業支出,19.21.4.1
2014,5851509011,2761000,交通及運輸設備,農業委員會主管,動植物防疫檢疫局及所屬,一般建築及設備,農業支出,19.21.4.2
2014,5851509800,1500000,無細項,農業委員會主管,動植物防疫檢疫局及所屬,第一預備金,農業支出,19.21.5
2014,5251601000,615000,無細項,農業委員會主管,農業金融局,農業金融研發,科學支出,19.22.1
2014,5851600100,99583000,無細項,農業委員會主管,農業金融局,一般行政,農業支出,19.22.2
2014,5851601000,232592000,無細項,農業委員會主管,農業金融局,農業金融業務,農業支出,19.22.3
2014,5851609011,0,交通及運輸設備,農業委員會主管,農業金融局,一般建築及設備,農業支出,19.22.4.1
2014,5851609800,200000,無細項,農業委員會主管,農業金融局,第一預備金,農業支出,19.22.5
2014,5251701000,167459000,無細項,農業委員會主管,農糧署及所屬,農糧科技研發,科學支出,19.23.1
2014,5851700100,743834000,無細項,農業委員會主管,農糧署及所屬,一般行政,農業支出,19.23.2
2014,5851701000,868978000,無細項,農業委員會主管,農糧署及所屬,農糧管理,農業支出,19.23.3
2014,5851709011,3330000,交通及運輸設備,農業委員會主管,農糧署及所屬,一般建築及設備,農業支出,19.23.4.1
2014,5851709800,1000000,無細項,農業委員會主管,農糧署及所屬,第一預備金,農業支出,19.23.5
2014,5157011100,67360000,無細項,衛生福利部主管,衛生福利部,公費生培育工作,教育支出,20.1.1
2014,5257011710,879279000,科技發展工作,衛生福利部主管,衛生福利部,科技業務,科學支出,20.1.2.1
2014,5257011720,2188569000,財團法人國家衛生研究院發展計畫,衛生福利部主管,衛生福利部,科技業務,科學支出,20.1.2.2
2014,6657012010,45752000,社會保險行政工作,衛生福利部主管,衛生福利部,社會保險業務,社會保險支出,20.1.3.1
2014,6657012020,87884833000,社會保險補助,衛生福利部主管,衛生福利部,社會保險業務,社會保險支出,20.1.3.2
2014,6757011000,1591668000,無細項,衛生福利部主管,衛生福利部,社會救助業務,社會救助支出,20.1.4
2014,6857011000,147417000,無細項,衛生福利部主管,衛生福利部,社工及社區發展業務,福利服務支出,20.1.5
2014,6857012000,261571000,無細項,衛生福利部主管,衛生福利部,保護服務業務,福利服務支出,20.1.6
2014,7157010100,863907000,無細項,衛生福利部主管,衛生福利部,一般行政,醫療保健支出,20.1.7
2014,7157011000,2355231000,無細項,衛生福利部主管,衛生福利部,醫政業務,醫療保健支出,20.1.8
2014,7157011100,1091994000,無細項,衛生福利部主管,衛生福利部,心理及口腔健康業務,醫療保健支出,20.1.9
2014,7157011200,720302000,無細項,衛生福利部主管,衛生福利部,護理及健康照護業務,醫療保健支出,20.1.10
2014,7157011500,44135000,無細項,衛生福利部主管,衛生福利部,中醫藥業務,醫療保健支出,20.1.11
2014,7157011600,92309000,無細項,衛生福利部主管,衛生福利部,綜合規劃業務,醫療保健支出,20.1.12
2014,7157011700,64833000,無細項,衛生福利部主管,衛生福利部,國際衛生業務,醫療保健支出,20.1.13
2014,7157011800,133222000,無細項,衛生福利部主管,衛生福利部,衛生福利資訊業務,醫療保健支出,20.1.14
2014,7157011900,3789609000,無細項,衛生福利部主管,衛生福利部,醫院營運業務,醫療保健支出,20.1.15
2014,7157018110,48390000,國立臺灣大學附設醫院作業基金,衛生福利部主管,衛生福利部,非營業特種基金,醫療保健支出,20.1.16.1
2014,7157019011,820000,交通及運輸設備,衛生福利部主管,衛生福利部,一般建築及設備,醫療保健支出,20.1.17.1
2014,7157019800,20000000,無細項,衛生福利部主管,衛生福利部,第一預備金,醫療保健支出,20.1.18
2014,5257050400,251006000,無細項,衛生福利部主管,疾病管制署,科技發展工作,科學支出,20.2.1
2014,7157050100,998323000,無細項,衛生福利部主管,疾病管制署,一般行政,醫療保健支出,20.2.2
2014,7157050200,4505150000,無細項,衛生福利部主管,疾病管制署,防疫業務,醫療保健支出,20.2.3
2014,7157059011,3000000,交通及運輸設備,衛生福利部主管,疾病管制署,一般建築及設備,醫療保健支出,20.2.4.1
2014,7157059800,50000,無細項,衛生福利部主管,疾病管制署,第一預備金,醫療保健支出,20.2.5
2014,5257150300,502357000,無細項,衛生福利部主管,食品藥物管理署,科技發展工作,科學支出,20.3.1
2014,7157150100,603665000,無細項,衛生福利部主管,食品藥物管理署,一般行政,醫療保健支出,20.3.2
2014,7157150200,1106947000,無細項,衛生福利部主管,食品藥物管理署,食品藥物管理業務,醫療保健支出,20.3.3
2014,7157159002,17690000,營建工程,衛生福利部主管,食品藥物管理署,一般建築及設備,醫療保健支出,20.3.4.1
2014,7157159800,20000,無細項,衛生福利部主管,食品藥物管理署,第一預備金,醫療保健支出,20.3.5
2014,5257250300,48345000,無細項,衛生福利部主管,中央健康保險署,科技發展工作,科學支出,20.4.1
2014,6657250100,2896307000,無細項,衛生福利部主管,中央健康保險署,一般行政,社會保險支出,20.4.2
2014,6657250200,2497447000,無細項,衛生福利部主管,中央健康保險署,健保業務,社會保險支出,20.4.3
2014,6657259002,241600000,營建工程,衛生福利部主管,中央健康保險署,一般建築及設備,社會保險支出,20.4.4.1
2014,6657259800,10000,無細項,衛生福利部主管,中央健康保險署,第一預備金,社會保險支出,20.4.5
2014,5257301800,162149000,無細項,衛生福利部主管,國民健康署,科技發展工作,科學支出,20.5.1
2014,7157300100,409341000,無細項,衛生福利部主管,國民健康署,一般行政,醫療保健支出,20.5.2
2014,7157301000,2299098000,無細項,衛生福利部主管,國民健康署,國民健康業務,醫療保健支出,20.5.3
2014,7157309800,10000,無細項,衛生福利部主管,國民健康署,第一預備金,醫療保健支出,20.5.4
2014,5257351100,2700000,無細項,衛生福利部主管,社會及家庭署,科技業務,科學支出,20.6.1
2014,6657351200,5171748000,無細項,衛生福利部主管,社會及家庭署,社會保險業務,社會保險支出,20.6.2
2014,6857350100,144363000,無細項,衛生福利部主管,社會及家庭署,一般行政,福利服務支出,20.6.3
2014,6857351300,15880785000,無細項,衛生福利部主管,社會及家庭署,社會福利服務業務,福利服務支出,20.6.4
2014,6857359011,557000,交通及運輸設備,衛生福利部主管,社會及家庭署,一般建築及設備,福利服務支出,20.6.5.1
2014,6857359800,3000000,無細項,衛生福利部主管,社會及家庭署,第一預備金,福利服務支出,20.6.6
2014,5257451000,18838000,無細項,衛生福利部主管,國家中醫藥研究所,科技發展計畫,科學支出,20.7.1
2014,7157450100,87617000,無細項,衛生福利部主管,國家中醫藥研究所,一般行政,醫療保健支出,20.7.2
2014,7157452000,40365000,無細項,衛生福利部主管,國家中醫藥研究所,研究及實驗,醫療保健支出,20.7.3
2014,7157459800,150000,無細項,衛生福利部主管,國家中醫藥研究所,第一預備金,醫療保健支出,20.7.4
2014,5260011700,39028000,無細項,環境保護署主管,環境保護署,科技發展,科學支出,21.1.1
2014,7260010100,551667000,無細項,環境保護署主管,環境保護署,一般行政,環境保護支出,21.1.2
2014,7260011020,88573000,綜合企劃,環境保護署主管,環境保護署,綜合計畫,環境保護支出,21.1.3.1
2014,7260011023,2108716000,加強基層環保建設,環境保護署主管,環境保護署,綜合計畫,環境保護支出,21.1.3.2
2014,7260011100,24878000,無細項,環境保護署主管,環境保護署,空氣品質保護及噪音管制,環境保護支出,21.1.4
2014,7260011200,130654000,無細項,環境保護署主管,環境保護署,水質保護,環境保護支出,21.1.5
2014,7260011300,148449000,無細項,環境保護署主管,環境保護署,廢棄物管理,環境保護支出,21.1.6
2014,7260011400,351436000,無細項,環境保護署主管,環境保護署,環境衛生及毒物管理,環境保護支出,21.1.7
2014,7260011500,49341000,無細項,環境保護署主管,環境保護署,管制考核及糾紛處理,環境保護支出,21.1.8
2014,7260011600,183169000,無細項,環境保護署主管,環境保護署,環境監測資訊,環境保護支出,21.1.9
2014,7260018800,443756000,無細項,環境保護署主管,環境保護署,區域環境管理,環境保護支出,21.1.10
2014,7260019011,3750000,交通及運輸設備,環境保護署主管,環境保護署,一般建築及設備,環境保護支出,21.1.11.1
2014,7260019800,4000000,無細項,環境保護署主管,環境保護署,第一預備金,環境保護支出,21.1.12
2014,5260101100,9880000,無細項,環境保護署主管,環境檢驗所,科技發展,科學支出,21.2.1
2014,7260100100,143083000,無細項,環境保護署主管,環境檢驗所,一般行政,環境保護支出,21.2.2
2014,7260101020,122989000,檢驗業務規劃管理,環境保護署主管,環境檢驗所,環境檢驗,環境保護支出,21.2.3.1
2014,7260101021,4463000,空氣污染及噪音檢驗測定,環境保護署主管,環境檢驗所,環境檢驗,環境保護支出,21.2.3.2
2014,7260101022,4894000,水質檢驗,環境保護署主管,環境檢驗所,環境檢驗,環境保護支出,21.2.3.3
2014,7260101023,10847000,毒化物及廢棄物檢驗,環境保護署主管,環境檢驗所,環境檢驗,環境保護支出,21.2.3.4
2014,7260101024,12951000,環境生物檢定,環境保護署主管,環境檢驗所,環境檢驗,環境保護支出,21.2.3.5
2014,7260109800,200000,無細項,環境保護署主管,環境檢驗所,第一預備金,環境保護支出,21.2.4
2014,7260200100,50995000,無細項,環境保護署主管,環境保護人員訓練所,一般行政,環境保護支出,21.3.1
2014,7260201000,23093000,無細項,環境保護署主管,環境保護人員訓練所,環境保護人員訓練,環境保護支出,21.3.2
2014,7260209011,0,交通及運輸設備,環境保護署主管,環境保護人員訓練所,一般建築及設備,環境保護支出,21.3.3.1
2014,7260209800,200000,無細項,環境保護署主管,環境保護人員訓練所,第一預備金,環境保護支出,21.3.4
2014,5361010100,468364000,無細項,文化部主管,文化部,一般行政,文化支出,22.1.1
2014,5361012000,169426000,無細項,文化部主管,文化部,綜合規劃業務,文化支出,22.1.2
2014,5361013001,1015680000,文化設施規劃與設置,文化部主管,文化部,文化資源業務,文化支出,22.1.3.1
2014,5361013002,202828000,博物館業務推動與輔導,文化部主管,文化部,文化資源業務,文化支出,22.1.3.2
2014,5361013003,579010000,社區營造業務,文化部主管,文化部,文化資源業務,文化支出,22.1.3.3
2014,5361013004,204260000,臺灣歷史博物館業務,文化部主管,文化部,文化資源業務,文化支出,22.1.3.4
2014,5361014000,467344000,無細項,文化部主管,文化部,文化創意產業發展業務,文化支出,22.1.4
2014,5361015001,1935086000,影視及流行音樂策劃與發展,文化部主管,文化部,影視及流行音樂發展業務,文化支出,22.1.5.1
2014,5361015002,1382547000,影視及流行音樂推動與輔導,文化部主管,文化部,影視及流行音樂發展業務,文化支出,22.1.5.2
2014,5361016001,145767000,人文及文學發展業務,文化部主管,文化部,人文及出版業務,文化支出,22.1.6.1
2014,5361016002,434947000,出版業務推動與輔導,文化部主管,文化部,人文及出版業務,文化支出,22.1.6.2
2014,5361016004,156043000,臺灣文學館業務,文化部主管,文化部,人文及出版業務,文化支出,22.1.6.3
2014,5361016005,177718000,國家人權博物館籌備業務,文化部主管,文化部,人文及出版業務,文化支出,22.1.6.4
2014,5361017001,713889000,視覺及表演藝術之策劃與發展,文化部主管,文化部,藝術發展業務,文化支出,22.1.7.1
2014,5361017002,877905000,藝術業務推展與輔導,文化部主管,文化部,藝術發展業務,文化支出,22.1.7.2
2014,5361017004,251370000,交響樂團業務,文化部主管,文化部,藝術發展業務,文化支出,22.1.7.3
2014,5361017005,1528717000,衛武營藝術文化中心籌備業務,文化部主管,文化部,藝術發展業務,文化支出,22.1.7.4
2014,5361017100,305746000,無細項,文化部主管,文化部,文化交流業務,文化支出,22.1.8
2014,5361018101,26859000,國立文化機構作業基金,文化部主管,文化部,非營業特種基金,文化支出,22.1.9.1
2014,5361019011,0,交通及運輸設備,文化部主管,文化部,一般建築及設備,文化支出,22.1.10.1
2014,5361019800,23000000,無細項,文化部主管,文化部,第一預備金,文化支出,22.1.11
2014,5361100100,186660000,無細項,文化部主管,文化資產局,一般行政,文化支出,22.2.1
2014,5361100200,957696000,無細項,文化部主管,文化資產局,文化資產業務,文化支出,22.2.2
2014,5361109800,1000000,無細項,文化部主管,文化資產局,第一預備金,文化支出,22.2.3
2014,5361200100,120833000,無細項,文化部主管,影視及流行音樂產業局,一般行政,文化支出,22.3.1
2014,5361201000,506050000,無細項,文化部主管,影視及流行音樂產業局,電影事業輔導,文化支出,22.3.2
2014,5361201100,524817000,無細項,文化部主管,影視及流行音樂產業局,廣播電視事業輔導,文化支出,22.3.3
2014,5361201200,375982000,無細項,文化部主管,影視及流行音樂產業局,流行音樂產業輔導,文化支出,22.3.4
2014,5361209800,1000000,無細項,文化部主管,影視及流行音樂產業局,第一預備金,文化支出,22.3.5
2014,5361300100,297005000,無細項,文化部主管,國立傳統藝術中心,一般行政,文化支出,22.4.1
2014,5361300200,201079000,無細項,文化部主管,國立傳統藝術中心,傳統藝術中心業務,文化支出,22.4.2
2014,5361300300,819877000,無細項,文化部主管,國立傳統藝術中心,戲劇藝術中心籌建計畫,文化支出,22.4.3
2014,5361300400,605000,無細項,文化部主管,國立傳統藝術中心,交通及運輸設備,文化支出,22.4.4
2014,5361309800,1000000,無細項,文化部主管,國立傳統藝術中心,第一預備金,文化支出,22.4.5
2014,5361400100,143415000,無細項,文化部主管,國立臺灣美術館及所屬,一般行政,文化支出,22.5.1
2014,5361400200,214366000,無細項,文化部主管,國立臺灣美術館及所屬,美術館業務,文化支出,22.5.2
2014,5361400501,86657000,新竹生活美學館業務,文化部主管,國立臺灣美術館及所屬,生活美學業務,文化支出,22.5.3.1
2014,5361400502,69012000,彰化生活美學館業務,文化部主管,國立臺灣美術館及所屬,生活美學業務,文化支出,22.5.3.2
2014,5361400503,70572000,臺南生活美學館業務,文化部主管,國立臺灣美術館及所屬,生活美學業務,文化支出,22.5.3.3
2014,5361400504,56526000,臺東生活美學館業務,文化部主管,國立臺灣美術館及所屬,生活美學業務,文化支出,22.5.3.4
2014,5361409800,1000000,無細項,文化部主管,國立臺灣美術館及所屬,第一預備金,文化支出,22.5.4
2014,5361500100,121379000,無細項,文化部主管,國立臺灣工藝研究發展中心,一般行政,文化支出,22.6.1
2014,5361500200,140509000,無細項,文化部主管,國立臺灣工藝研究發展中心,工藝研究發展中心業務,文化支出,22.6.2
2014,5361509800,500000,無細項,文化部主管,國立臺灣工藝研究發展中心,第一預備金,文化支出,22.6.3
2014,5361600100,164532000,無細項,文化部主管,國立臺灣博物館,一般行政,文化支出,22.7.1
2014,5361600200,156286000,無細項,文化部主管,國立臺灣博物館,博物館業務,文化支出,22.7.2
2014,5361609011,605000,交通及運輸設備,文化部主管,國立臺灣博物館,一般建築及設備,文化支出,22.7.3.1
2014,5361609800,500000,無細項,文化部主管,國立臺灣博物館,第一預備金,文化支出,22.7.4
2014,5361700100,96618000,無細項,文化部主管,國立臺灣史前文化博物館,一般行政,文化支出,22.8.1
2014,5361702000,124376000,無細項,文化部主管,國立臺灣史前文化博物館,館務業務活動,文化支出,22.8.2
2014,5361709800,500000,無細項,文化部主管,國立臺灣史前文化博物館,第一預備金,文化支出,22.8.3
2014,3863010100,398525000,無細項,海岸巡防署主管,海岸巡防署,一般行政,民政支出,23.1.1
2014,3863010200,1048103000,無細項,海岸巡防署主管,海岸巡防署,海岸及海域巡防業務,民政支出,23.1.2
2014,3863019800,5000000,無細項,海岸巡防署主管,海岸巡防署,第一預備金,民政支出,23.1.3
2014,3863100100,3227993000,無細項,海岸巡防署主管,海洋巡防總局,一般行政,民政支出,23.2.1
2014,3863100200,3571665000,無細項,海岸巡防署主管,海洋巡防總局,海洋巡防業務,民政支出,23.2.2
2014,3863109011,3518000,交通及運輸設備,海岸巡防署主管,海洋巡防總局,一般建築及設備,民政支出,23.2.3.1
2014,3863109800,10000000,無細項,海岸巡防署主管,海洋巡防總局,第一預備金,民政支出,23.2.4
2014,3863200100,5312365000,無細項,海岸巡防署主管,海岸巡防總局及所屬,一般行政,民政支出,23.3.1
2014,3863200201,118596000,海岸巡防規劃及管理,海岸巡防署主管,海岸巡防總局及所屬,海岸巡防業務,民政支出,23.3.2.1
2014,3863200202,734304000,地區海岸巡防工作,海岸巡防署主管,海岸巡防總局及所屬,海岸巡防業務,民政支出,23.3.2.2
2014,3863209011,0,交通及運輸設備,海岸巡防署主管,海岸巡防總局及所屬,一般建築及設備,民政支出,23.3.3.1
2014,3863209800,10000000,無細項,海岸巡防署主管,海岸巡防總局及所屬,第一預備金,民政支出,23.3.4
2014,5265010100,427470000,無細項,科技部主管,科技部,一般行政,科學支出,24.1.1
2014,5265012100,160336000,無細項,科技部主管,科技部,國家災害防救科技中心發展計畫,科學支出,24.1.2
2014,5265013100,5456749000,無細項,科技部主管,科技部,財團法人國家實驗研究院發展計畫,科學支出,24.1.3
2014,5265013200,1759269000,無細項,科技部主管,科技部,財團法人國家同步輻射研究中心發展計畫,科學支出,24.1.4
2014,5265018110,32745847000,國家科學技術發展基金,科技部主管,科技部,非營業特種基金,科學支出,24.1.5.1
2014,5265019800,1510000,無細項,科技部主管,科技部,第一預備金,科學支出,24.1.6
2014,5165101101,378465000,行政管理,科技部主管,新竹科學工業園區管理局及所屬,國立科學工業園區實驗高級中學,教育支出,24.2.1.1
2014,5165101102,21129000,教學訓輔業務,科技部主管,新竹科學工業園區管理局及所屬,國立科學工業園區實驗高級中學,教育支出,24.2.1.2
2014,5165101104,20510000,教學建築及設備,科技部主管,新竹科學工業園區管理局及所屬,國立科學工業園區實驗高級中學,教育支出,24.2.1.3
2014,5265100100,262056000,無細項,科技部主管,新竹科學工業園區管理局及所屬,一般行政,科學支出,24.2.2
2014,5265101020,166979000,綜合企劃,科技部主管,新竹科學工業園區管理局及所屬,園區業務推展,科學支出,24.2.3.1
2014,5265101021,14773000,投資推廣,科技部主管,新竹科學工業園區管理局及所屬,園區業務推展,科學支出,24.2.3.2
2014,5265101022,37335000,社會行政,科技部主管,新竹科學工業園區管理局及所屬,園區業務推展,科學支出,24.2.3.3
2014,5265101023,3646000,工商行政,科技部主管,新竹科學工業園區管理局及所屬,園區業務推展,科學支出,24.2.3.4
2014,5265101024,5146000,營建行政,科技部主管,新竹科學工業園區管理局及所屬,園區業務推展,科學支出,24.2.3.5
2014,5265101026,7456000,地政及規劃,科技部主管,新竹科學工業園區管理局及所屬,園區業務推展,科學支出,24.2.3.6
2014,5265101500,262657000,無細項,科技部主管,新竹科學工業園區管理局及所屬,新竹生物醫學園區,科學支出,24.2.4
2014,5265109800,1000000,無細項,科技部主管,新竹科學工業園區管理局及所屬,第一預備金,科學支出,24.2.5
2014,5165201100,91548000,無細項,科技部主管,中部科學工業園區管理局及所屬,國立中科實驗高級中學,教育支出,24.3.1
2014,5265200100,199176000,無細項,科技部主管,中部科學工業園區管理局及所屬,一般行政,科學支出,24.3.2
2014,5265201019,240000,企劃行政,科技部主管,中部科學工業園區管理局及所屬,園區業務推展,科學支出,24.3.3.1
2014,5265201020,145716000,投資推廣,科技部主管,中部科學工業園區管理局及所屬,園區業務推展,科學支出,24.3.3.2
2014,5265201021,7988000,環安行政,科技部主管,中部科學工業園區管理局及所屬,園區業務推展,科學支出,24.3.3.3
2014,5265201022,31688000,工商行政,科技部主管,中部科學工業園區管理局及所屬,園區業務推展,科學支出,24.3.3.4
2014,5265201023,4865000,營建行政,科技部主管,中部科學工業園區管理局及所屬,園區業務推展,科學支出,24.3.3.5
2014,5265201024,10716000,建管行政,科技部主管,中部科學工業園區管理局及所屬,園區業務推展,科學支出,24.3.3.6
2014,5265201026,96024000,高等研究園區開發業務,科技部主管,中部科學工業園區管理局及所屬,園區業務推展,科學支出,24.3.3.7
2014,5265208120,613640000,科學工業園區管理局作業基金,科技部主管,中部科學工業園區管理局及所屬,非營業特種基金,科學支出,24.3.4.1
2014,5265209800,1000000,無細項,科技部主管,中部科學工業園區管理局及所屬,第一預備金,科學支出,24.3.5
2014,5165301100,261440000,無細項,科技部主管,南部科學工業園區管理局及所屬,國立南科國際實驗高級中學,教育支出,24.4.1
2014,5265300100,184063000,無細項,科技部主管,南部科學工業園區管理局及所屬,一般行政,科學支出,24.4.2
2014,5265301020,51047000,綜合企劃,科技部主管,南部科學工業園區管理局及所屬,園區業務推展,科學支出,24.4.3.1
2014,5265301021,238319000,投資推廣,科技部主管,南部科學工業園區管理局及所屬,園區業務推展,科學支出,24.4.3.2
2014,5265301022,15776000,社會行政,科技部主管,南部科學工業園區管理局及所屬,園區業務推展,科學支出,24.4.3.3
2014,5265301023,3052000,工商行政,科技部主管,南部科學工業園區管理局及所屬,園區業務推展,科學支出,24.4.3.4
2014,5265301024,3401000,營建行政,科技部主管,南部科學工業園區管理局及所屬,園區業務推展,科學支出,24.4.3.5
2014,5265301025,5538000,建管行政,科技部主管,南部科學工業園區管理局及所屬,園區業務推展,科學支出,24.4.3.6
2014,5265301026,17658000,高雄園區之運作,科技部主管,南部科學工業園區管理局及所屬,園區業務推展,科學支出,24.4.3.7
2014,5265308120,326600000,科學工業園區管理局作業基金,科技部主管,南部科學工業園區管理局及所屬,非營業特種基金,科學支出,24.4.4.1
2014,5265309800,1000000,無細項,科技部主管,南部科學工業園區管理局及所屬,第一預備金,科學支出,24.4.5
2014,4066010100,197563000,無細項,金融監督管理委員會主管,金融監督管理委員會,一般行政,財務支出,25.1.1
2014,4066010200,22565000,無細項,金融監督管理委員會主管,金融監督管理委員會,金融監理,財務支出,25.1.2
2014,4066018001,57000,中央存款保險股份有限公司,金融監督管理委員會主管,金融監督管理委員會,營業基金,財務支出,25.1.3.1
2014,4066019011,2280000,交通及運輸設備,金融監督管理委員會主管,金融監督管理委員會,一般建築及設備,財務支出,25.1.4.1
2014,4066019800,400000,無細項,金融監督管理委員會主管,金融監督管理委員會,第一預備金,財務支出,25.1.5
2014,4066100100,325994000,無細項,金融監督管理委員會主管,銀行局,一般行政,財務支出,25.2.1
2014,4066100300,8828000,無細項,金融監督管理委員會主管,銀行局,銀行監理,財務支出,25.2.2
2014,4066109800,300000,無細項,金融監督管理委員會主管,銀行局,第一預備金,財務支出,25.2.3
2014,4066200100,327295000,無細項,金融監督管理委員會主管,證券期貨局,一般行政,財務支出,25.3.1
2014,4066200400,10797000,無細項,金融監督管理委員會主管,證券期貨局,證券期貨市場監理,財務支出,25.3.2
2014,4066209002,3220000,營建工程,金融監督管理委員會主管,證券期貨局,一般建築及設備,財務支出,25.3.3.1
2014,4066209800,100000,無細項,金融監督管理委員會主管,證券期貨局,第一預備金,財務支出,25.3.4
2014,4066300100,136252000,無細項,金融監督管理委員會主管,保險局,一般行政,財務支出,25.4.1
2014,4066300500,6787000,無細項,金融監督管理委員會主管,保險局,保險監理,財務支出,25.4.2
2014,4066309800,50000,無細項,金融監督管理委員會主管,保險局,第一預備金,財務支出,25.4.3
2014,4066400100,385628000,無細項,金融監督管理委員會主管,檢查局,一般行政,財務支出,25.5.1
2014,4066400600,18532000,無細項,金融監督管理委員會主管,檢查局,金融機構檢查,財務支出,25.5.2
2014,4066409011,645000,交通及運輸設備,金融監督管理委員會主管,檢查局,一般建築及設備,財務支出,25.5.3.1
2014,4066409800,1371000,無細項,金融監督管理委員會主管,檢查局,第一預備金,財務支出,25.5.4
2014,5169010500,1026034000,無細項,國軍退除役官兵輔導委員會主管,國軍退除役官兵輔導委員會,醫學臨床教學研究,教育支出,26.1.1
2014,5169010700,86794000,無細項,國軍退除役官兵輔導委員會主管,國軍退除役官兵輔導委員會,退除役官兵就學、職訓,教育支出,26.1.2
2014,6669010400,10479932000,無細項,國軍退除役官兵輔導委員會主管,國軍退除役官兵輔導委員會,榮民及榮眷健康保險,社會保險支出,26.1.3
2014,6769010900,684252000,無細項,國軍退除役官兵輔導委員會主管,國軍退除役官兵輔導委員會,退除役官兵服務救助與照顧,社會救助支出,26.1.4
2014,6869010100,3618057000,無細項,國軍退除役官兵輔導委員會主管,國軍退除役官兵輔導委員會,一般行政,福利服務支出,26.1.5
2014,6869010300,2222761000,無細項,國軍退除役官兵輔導委員會主管,國軍退除役官兵輔導委員會,榮民醫療照護,福利服務支出,26.1.6
2014,6869010600,8721000,無細項,國軍退除役官兵輔導委員會主管,國軍退除役官兵輔導委員會,林區及農場永續經營,福利服務支出,26.1.7
2014,6869010800,10887287000,無細項,國軍退除役官兵輔導委員會主管,國軍退除役官兵輔導委員會,榮民安養及養護,福利服務支出,26.1.8
2014,6869019002,120169000,營建工程,國軍退除役官兵輔導委員會主管,國軍退除役官兵輔導委員會,一般建築及設備,福利服務支出,26.1.9.1
2014,6869019011,1720000,交通及運輸設備,國軍退除役官兵輔導委員會主管,國軍退除役官兵輔導委員會,一般建築及設備,福利服務支出,26.1.9.2
2014,6869019800,25000000,無細項,國軍退除役官兵輔導委員會主管,國軍退除役官兵輔導委員會,第一預備金,福利服務支出,26.1.10
2014,7569019600,96072556000,無細項,國軍退除役官兵輔導委員會主管,國軍退除役官兵輔導委員會,退除役官兵退休給付,退休撫卹給付支出,26.1.11
2014,7669019700,13751000,無細項,國軍退除役官兵輔導委員會主管,國軍退除役官兵輔導委員會,退除役官兵退休業務,退休撫卹業務支出,26.1.12
2014,3371150100,141873000,無細項,省市地方政府,臺灣省政府,一般行政,行政支出,27.1.1
2014,3371150200,12361000,無細項,省市地方政府,臺灣省政府,施政業務,行政支出,27.1.2
2014,3371159019,5244000,其他設備,省市地方政府,臺灣省政府,一般建築及設備,行政支出,27.1.3.1
2014,3371159800,10000,無細項,省市地方政府,臺灣省政府,第一預備金,行政支出,27.1.4
2014,3371160100,55089000,無細項,省市地方政府,臺灣省諮議會,一般行政,行政支出,27.2.1
2014,3371160201,2712000,諮議員費用,省市地方政府,臺灣省諮議會,議員諮詢業務,行政支出,27.2.2.1
2014,3371160202,432000,議會交流事務,省市地方政府,臺灣省諮議會,議員諮詢業務,行政支出,27.2.2.2
2014,3371160203,635000,諮議員會館,省市地方政府,臺灣省諮議會,議員諮詢業務,行政支出,27.2.2.3
2014,3371160301,1053000,召開大會,省市地方政府,臺灣省諮議會,議事業務,行政支出,27.2.3.1
2014,3371160302,349000,議事文物管理,省市地方政府,臺灣省諮議會,議事業務,行政支出,27.2.3.2
2014,3371160401,3975000,研究發展及諮詢,省市地方政府,臺灣省諮議會,研究業務,行政支出,27.2.4.1
2014,3371160402,3899000,資訊管理,省市地方政府,臺灣省諮議會,研究業務,行政支出,27.2.4.2
2014,3371169019,614000,其他設備,省市地方政府,臺灣省諮議會,一般建築及設備,行政支出,27.2.5.1
2014,3371169800,50000,無細項,省市地方政府,臺灣省諮議會,第一預備金,行政支出,27.2.6
2014,5371160500,2448000,無細項,省市地方政府,臺灣省諮議會,臺灣議政史料典藏及展示業務,文化支出,27.2.7
2014,5171185100,52995370000,無細項,省市地方政府,補助直轄市及縣市政府,直轄市及縣市教育補助,教育支出,27.3.1
2014,6071186000,12500000000,無細項,省市地方政府,補助直轄市及縣市政府,直轄市及縣市交通補助,交通支出,27.3.2
2014,6171186100,23500000000,無細項,省市地方政府,補助直轄市及縣市政府,直轄市及縣市其他經濟服務補助,其他經濟服務支出,27.3.3
2014,6671186600,916774000,無細項,省市地方政府,補助直轄市及縣市政府,直轄市及縣市社會保險補助,社會保險支出,27.3.4
2014,6771186700,5228896000,無細項,省市地方政府,補助直轄市及縣市政府,直轄市及縣市社會救助補助,社會救助支出,27.3.5
2014,6871186800,27589063000,無細項,省市地方政府,補助直轄市及縣市政府,直轄市及縣市福利服務補助,福利服務支出,27.3.6
2014,8471188400,20688307000,無細項,省市地方政府,補助直轄市及縣市政府,直轄市及縣市其他基本財政支出補助,專案補助支出,27.3.7
2014,8471189100,11236330000,無細項,省市地方政府,補助直轄市及縣市政府,直轄市及縣市保障財源補助,專案補助支出,27.3.8
2014,8471189200,7498057000,無細項,省市地方政府,補助直轄市及縣市政府,直轄市及縣市繳款專案補助,專案補助支出,27.3.9
2014,8571188500,22001943000,無細項,省市地方政府,補助直轄市及縣市政府,直轄市及縣市平衡預算補助,平衡預算補助支出,27.3.10
2014,3371550100,60675000,無細項,省市地方政府,福建省政府,一般行政,行政支出,27.4.1
2014,3371550200,4839000,無細項,省市地方政府,福建省政府,省政服務,行政支出,27.4.2
2014,3371559002,70000,營建工程,省市地方政府,福建省政府,一般建築及設備,行政支出,27.4.3.1
2014,3371559019,320000,其他設備,省市地方政府,福建省政府,一般建築及設備,行政支出,27.4.3.2
2014,3371559800,300000,無細項,省市地方政府,福建省政府,第一預備金,行政支出,27.4.4
2014,8471558400,41515000,無細項,省市地方政府,福建省政府,金馬地區基礎建設,專案補助支出,27.4.5
2014,8979018900,2000000000,無細項,災害準備金,災害準備金,災害準備金,其他支出,28.1.1
2014,9080019900,7500000000,無細項,第二預備金,第二預備金,第二預備金,第二預備金,30.1.1