year,code,amount,name,topname,depname,depcat,category,cat,ref
2014,33193830101,91931000,行政管理,地政局主管,臺中市中山地政事務所,一般行政,一般行政,臺中市政府地政局主管,19.4.1.1
2014,33193831302,2866000,地價管理,地政局主管,臺中市中山地政事務所,地政業務,地政業務,臺中市政府地政局主管,19.4.2.1
2014,33193831307,5064000,測量管理,地政局主管,臺中市中山地政事務所,地政業務,地政業務,臺中市政府地政局主管,19.4.2.2
2014,33193831309,5232000,登記管理,地政局主管,臺中市中山地政事務所,地政業務,地政業務,臺中市政府地政局主管,19.4.2.3
2014,33193839001,2880000,一般建築及設備,地政局主管,臺中市中山地政事務所,一般建築及設備,一般建築及設備,臺中市政府地政局主管,19.4.3.1
2014,33193820101,87880000,行政管理,地政局主管,臺中市中正地政事務所,一般行政,一般行政,臺中市政府地政局主管,19.3.1.1
2014,33193821302,2547000,地價管理,地政局主管,臺中市中正地政事務所,地政業務,地政業務,臺中市政府地政局主管,19.3.2.1
2014,33193821307,6575000,測量管理,地政局主管,臺中市中正地政事務所,地政業務,地政業務,臺中市政府地政局主管,19.3.2.2
2014,33193821309,7878000,登記管理,地政局主管,臺中市中正地政事務所,地政業務,地政業務,臺中市政府地政局主管,19.3.2.3
2014,33193829001,793000,一般建築及設備,地政局主管,臺中市中正地政事務所,一般建築及設備,一般建築及設備,臺中市政府地政局主管,19.3.3.1
2014,33193810101,92311000,行政管理,地政局主管,臺中市中興地政事務所,一般行政,一般行政,臺中市政府地政局主管,19.2.1.1
2014,33193811302,3116000,地價管理,地政局主管,臺中市中興地政事務所,地政業務,地政業務,臺中市政府地政局主管,19.2.2.1
2014,33193811307,6265000,測量管理,地政局主管,臺中市中興地政事務所,地政業務,地政業務,臺中市政府地政局主管,19.2.2.2
2014,33193811309,5423000,登記管理,地政局主管,臺中市中興地政事務所,地政業務,地政業務,臺中市政府地政局主管,19.2.2.3
2014,33193819001,1975000,一般建築及設備,地政局主管,臺中市中興地政事務所,一般建築及設備,一般建築及設備,臺中市政府地政局主管,19.2.3.1
2014,60081900101,102368000,行政管理,交通局主管,臺中市政府交通局,一般行政,一般行政,臺中市政府交通局主管,8.1.1.1
2014,60081900201,34327000,交通規劃,交通局主管,臺中市政府交通局,交通管理業務,交通管理業務,臺中市政府交通局主管,8.1.2.1
2014,60081900202,61519000,交通工程,交通局主管,臺中市政府交通局,交通管理業務,交通管理業務,臺中市政府交通局主管,8.1.2.2
2014,60081900203,3903000,交通行政,交通局主管,臺中市政府交通局,交通管理業務,交通管理業務,臺中市政府交通局主管,8.1.2.3
2014,60081900205,163122000,運輸管理,交通局主管,臺中市政府交通局,交通管理業務,交通管理業務,臺中市政府交通局主管,8.1.2.4
2014,60081907901,1000000,第一預備金,交通局主管,臺中市政府交通局,第一預備金,第一預備金,臺中市政府交通局主管,8.1.3.1
2014,60081909001,156620000,一般建築及設備,交通局主管,臺中市政府交通局,一般建築及設備,一般建築及設備,臺中市政府交通局主管,8.1.4.1
2014,60081910101,22813000,行政管理,交通局主管,臺中市公共運輸處,一般行政,一般行政,臺中市政府交通局主管,8.2.1.1
2014,60081910701,9000000,綜合規劃,交通局主管,臺中市公共運輸處,公共運輸業務,公共運輸業務,臺中市政府交通局主管,8.2.2.1
2014,60081910702,2292710000,營運與管理,交通局主管,臺中市公共運輸處,公共運輸業務,公共運輸業務,臺中市政府交通局主管,8.2.2.2
2014,60081910703,19614000,運輸稽查,交通局主管,臺中市公共運輸處,公共運輸業務,公共運輸業務,臺中市政府交通局主管,8.2.2.3
2014,60081919001,136518000,一般建築及設備,交通局主管,臺中市公共運輸處,一般建築及設備,一般建築及設備,臺中市政府交通局主管,8.2.3.1
2014,60081920101,28549000,行政管理,交通局主管,臺中市捷運工程處,一般行政,一般行政,臺中市政府交通局主管,8.3.1.1
2014,60081929001,7924366000,一般建築及設備,交通局主管,臺中市捷運工程處,一般建築及設備,一般建築及設備,臺中市政府交通局主管,8.3.2.1
2014,60081930101,24999000,行政管理,交通局主管,臺中市停車管理處,一般行政,一般行政,臺中市政府交通局主管,8.4.1.1
2014,60081939001,4243000,一般建築及設備,交通局主管,臺中市停車管理處,一般建築及設備,一般建築及設備,臺中市政府交通局主管,8.4.2.1
2014,60081940101,10181000,行政管理,交通局主管,臺中市車輛行車事故鑑定委員會,一般行政,一般行政,臺中市政府交通局主管,8.5.1.1
2014,60081949001,100000,一般建築及設備,交通局主管,臺中市車輛行車事故鑑定委員會,一般建築及設備,一般建築及設備,臺中市政府交通局主管,8.5.2.1
2014,60081950101,64000000,行政管理,交通局主管,臺中市交通事件裁決處,一般行政,一般行政,臺中市政府交通局主管,8.6.1.1
2014,60081951101,9351000,案件管理,交通局主管,臺中市交通事件裁決處,交通裁罰業務,交通裁罰業務,臺中市政府交通局主管,8.6.2.1
2014,60081951102,3135000,違規裁罰,交通局主管,臺中市交通事件裁決處,交通裁罰業務,交通裁罰業務,臺中市政府交通局主管,8.6.2.2
2014,60081951103,3133000,違規申訴,交通局主管,臺中市交通事件裁決處,交通裁罰業務,交通裁罰業務,臺中市政府交通局主管,8.6.2.3
2014,60081951104,18805000,積案催收,交通局主管,臺中市交通事件裁決處,交通裁罰業務,交通裁罰業務,臺中市政府交通局主管,8.6.2.4
2014,60081959001,3681000,一般建築及設備,交通局主管,臺中市交通事件裁決處,一般建築及設備,一般建築及設備,臺中市政府交通局主管,8.6.3.1
2014,66132600301,13247000,勞工保險,勞工局主管,臺中市政府勞工局,勞工保險,勞工保險,臺中市政府勞工局主管,13.1.1.1
2014,68132600101,101775000,行政管理,勞工局主管,臺中市政府勞工局,一般行政,一般行政,臺中市政府勞工局主管,13.1.2.1
2014,68132600901,23619000,勞資關係,勞工局主管,臺中市政府勞工局,勞政業務,勞政業務,臺中市政府勞工局主管,13.1.3.1
2014,68132600902,30045000,勞動基準,勞工局主管,臺中市政府勞工局,勞政業務,勞政業務,臺中市政府勞工局主管,13.1.3.2
2014,68132600903,17528000,綜合規劃,勞工局主管,臺中市政府勞工局,勞政業務,勞政業務,臺中市政府勞工局主管,13.1.3.3
2014,68132600904,82952000,勞工福利,勞工局主管,臺中市政府勞工局,勞政業務,勞政業務,臺中市政府勞工局主管,13.1.3.4
2014,68132600905,2273000,外勞管理,勞工局主管,臺中市政府勞工局,勞政業務,勞政業務,臺中市政府勞工局主管,13.1.3.5
2014,68132600906,62438000,就業安全,勞工局主管,臺中市政府勞工局,勞政業務,勞政業務,臺中市政府勞工局主管,13.1.3.6
2014,68132607901,500000,第一預備金,勞工局主管,臺中市政府勞工局,第一預備金,第一預備金,臺中市政府勞工局主管,13.1.4.1
2014,68132609001,10780000,一般建築及設備,勞工局主管,臺中市政府勞工局,一般建築及設備,一般建築及設備,臺中市政府勞工局主管,13.1.5.1
2014,68132610101,41009000,行政管理,勞工局主管,臺中市勞動檢查處,一般行政,一般行政,臺中市政府勞工局主管,13.2.1.1
2014,68132611001,4733000,勞動檢查,勞工局主管,臺中市勞動檢查處,勞動檢查業務,勞動檢查業務,臺中市政府勞工局主管,13.2.2.1
2014,68132619001,650000,一般建築及設備,勞工局主管,臺中市勞動檢查處,一般建築及設備,一般建築及設備,臺中市政府勞工局主管,13.2.3.1
2014,68132620101,20792000,行政管理,勞工局主管,臺中市就業服務處,一般行政,一般行政,臺中市政府勞工局主管,13.3.1.1
2014,69132620201,21650000,就業服務,勞工局主管,臺中市就業服務處,就業服務業務,就業服務業務,臺中市政府勞工局主管,13.3.2.1
2014,69132629001,2116000,一般建築及設備,勞工局主管,臺中市就業服務處,一般建築及設備,一般建築及設備,臺中市政府勞工局主管,13.3.3.1
2014,34224200101,565963000,行政管理,地方稅務局主管,臺中市政府地方稅務局,一般行政,一般行政,臺中市政府地方稅務局主管,22.1.1.1
2014,34224200301,118648000,財產稅稽徵業務,地方稅務局主管,臺中市政府地方稅務局,稅捐稽徵業務,稅捐稽徵業務,臺中市政府地方稅務局主管,22.1.2.1
2014,34224200302,96767000,消費稅稽徵業務,地方稅務局主管,臺中市政府地方稅務局,稅捐稽徵業務,稅捐稽徵業務,臺中市政府地方稅務局主管,22.1.2.2
2014,34224200303,17676000,稅務行政管理,地方稅務局主管,臺中市政府地方稅務局,稅捐稽徵業務,稅捐稽徵業務,臺中市政府地方稅務局主管,22.1.2.3
2014,34224200304,791000,處理違章案件與行政救濟案件,地方稅務局主管,臺中市政府地方稅務局,稅捐稽徵業務,稅捐稽徵業務,臺中市政府地方稅務局主管,22.1.2.4
2014,34224200305,5248000,企劃服務,地方稅務局主管,臺中市政府地方稅務局,稅捐稽徵業務,稅捐稽徵業務,臺中市政府地方稅務局主管,22.1.2.5
2014,34224200306,66229000,稅務資料電子處理,地方稅務局主管,臺中市政府地方稅務局,稅捐稽徵業務,稅捐稽徵業務,臺中市政府地方稅務局主管,22.1.2.6
2014,34224207901,2500000,第一預備金,地方稅務局主管,臺中市政府地方稅務局,第一預備金,第一預備金,臺中市政府地方稅務局主管,22.1.3.1
2014,34224209001,27748000,一般建築及設備,地方稅務局主管,臺中市政府地方稅務局,一般建築及設備,一般建築及設備,臺中市政府地方稅務局主管,22.1.4.1
2014,33193860101,54158000,行政管理,地政局主管,臺中市大甲地政事務所,一般行政,一般行政,臺中市政府地政局主管,19.7.1.1
2014,33193861302,643000,地價管理,地政局主管,臺中市大甲地政事務所,地政業務,地政業務,臺中市政府地政局主管,19.7.2.1
2014,33193861307,5760000,測量管理,地政局主管,臺中市大甲地政事務所,地政業務,地政業務,臺中市政府地政局主管,19.7.2.2
2014,33193861309,454000,登記管理,地政局主管,臺中市大甲地政事務所,地政業務,地政業務,臺中市政府地政局主管,19.7.2.3
2014,33193869001,172000,一般建築及設備,地政局主管,臺中市大甲地政事務所,一般建築及設備,一般建築及設備,臺中市政府地政局主管,19.7.3.1
2014,33193890101,85009000,行政管理,地政局主管,臺中市大里地政事務所,一般行政,一般行政,臺中市政府地政局主管,19.10.1.1
2014,33193891302,506000,地價管理,地政局主管,臺中市大里地政事務所,地政業務,地政業務,臺中市政府地政局主管,19.10.2.1
2014,33193891304,172000,地用管理,地政局主管,臺中市大里地政事務所,地政業務,地政業務,臺中市政府地政局主管,19.10.2.2
2014,33193891307,7164000,測量管理,地政局主管,臺中市大里地政事務所,地政業務,地政業務,臺中市政府地政局主管,19.10.2.3
2014,33193891309,1735000,登記管理,地政局主管,臺中市大里地政事務所,地政業務,地政業務,臺中市政府地政局主管,19.10.2.4
2014,33193899001,7214000,一般建築及設備,地政局主管,臺中市大里地政事務所,一般建築及設備,一般建築及設備,臺中市政府地政局主管,19.10.3.1
2014,33193900101,54713000,行政管理,地政局主管,臺中市太平地政事務所,一般行政,一般行政,臺中市政府地政局主管,19.11.1.1
2014,33193901302,257000,地價管理,地政局主管,臺中市太平地政事務所,地政業務,地政業務,臺中市政府地政局主管,19.11.2.1
2014,33193901304,56000,地用管理,地政局主管,臺中市太平地政事務所,地政業務,地政業務,臺中市政府地政局主管,19.11.2.2
2014,33193901307,3105000,測量管理,地政局主管,臺中市太平地政事務所,地政業務,地政業務,臺中市政府地政局主管,19.11.2.3
2014,33193901309,996000,登記管理,地政局主管,臺中市太平地政事務所,地政業務,地政業務,臺中市政府地政局主管,19.11.2.4
2014,33193909001,3108000,一般建築及設備,地政局主管,臺中市太平地政事務所,一般建築及設備,一般建築及設備,臺中市政府地政局主管,19.11.3.1
2014,59071800101,255941000,行政管理,建設局主管,臺中市政府建設局,一般行政,一般行政,臺中市政府建設局主管,7.1.1.1
2014,59071800201,2490000,公共建築企劃興建,建設局主管,臺中市政府建設局,公共建築業務,公共建築業務,臺中市政府建設局主管,7.1.2.1
2014,59071809001,450000,一般建築及設備,建設局主管,臺中市政府建設局,一般建築及設備,一般建築及設備,臺中市政府建設局主管,7.1.3.1
2014,60071800301,47750000,道路養護,建設局主管,臺中市政府建設局,交通管理業務,交通管理業務,臺中市政府建設局主管,7.1.4.1
2014,60071800302,50674000,車輛及機械管理維護,建設局主管,臺中市政府建設局,交通管理業務,交通管理業務,臺中市政府建設局主管,7.1.4.2
2014,60071800401,1203500000,道路橋樑工程養護,建設局主管,臺中市政府建設局,道路橋樑工程,道路橋樑工程,臺中市政府建設局主管,7.1.5.1
2014,60071800402,5142000,土木工程業務,建設局主管,臺中市政府建設局,道路橋樑工程,道路橋樑工程,臺中市政府建設局主管,7.1.5.2
2014,60071800403,4177424000,道路工程,建設局主管,臺中市政府建設局,道路橋樑工程,道路橋樑工程,臺中市政府建設局主管,7.1.5.3
2014,60071800404,0,橋樑工程,建設局主管,臺中市政府建設局,道路橋樑工程,道路橋樑工程,臺中市政府建設局主管,7.1.5.4
2014,60071800501,521477000,路燈養護及增設,建設局主管,臺中市政府建設局,路燈管理,路燈管理,臺中市政府建設局主管,7.1.6.1
2014,60071800601,124751000,管線管理與維護,建設局主管,臺中市政府建設局,管線業務,管線業務,臺中市政府建設局主管,7.1.7.1
2014,72071800101,163130000,綠化維護,建設局主管,臺中市政府建設局,景觀工程,景觀工程,臺中市政府建設局主管,7.1.8.1
2014,72071800102,4930000,育苗管理,建設局主管,臺中市政府建設局,景觀工程,景觀工程,臺中市政府建設局主管,7.1.8.2
2014,72071800103,260787000,景觀工程,建設局主管,臺中市政府建設局,景觀工程,景觀工程,臺中市政府建設局主管,7.1.8.3
2014,72071800201,232286000,公園管理,建設局主管,臺中市政府建設局,公園管理,公園管理,臺中市政府建設局主管,7.1.9.1
2014,72071800202,268407000,公園工程,建設局主管,臺中市政府建設局,公園管理,公園管理,臺中市政府建設局主管,7.1.9.2
2014,73071807901,6400000,第一預備金,建設局主管,臺中市政府建設局,第一預備金,第一預備金,臺中市政府建設局主管,7.1.10.1
2014,51051600301,28725030000,各項教育業務,教育局主管,臺中市政府教育局,教育資源管理,教育資源管理,臺中市政府教育局主管,5.1.1.1
2014,51051600302,957862000,各項教育建設工程及設備,教育局主管,臺中市政府教育局,教育資源管理,教育資源管理,臺中市政府教育局主管,5.1.1.2
2014,51051600501,2074948000,接受中央各部會補助業務支出,教育局主管,臺中市政府教育局,接受補助業務支出,接受補助業務支出,臺中市政府教育局主管,5.1.2.1
2014,51051600601,150030000,接受中央各部會補助建設支出,教育局主管,臺中市政府教育局,接受補助建設支出,接受補助建設支出,臺中市政府教育局主管,5.1.3.1
2014,51051600701,0,教育人員退休給付,教育局主管,臺中市政府教育局,教育人員退休給付,教育人員退休給付,臺中市政府教育局主管,5.1.4.1
2014,51051600801,0,提撥勞工退休金準備(教育),教育局主管,臺中市政府教育局,提撥勞工退休金準備(教育),提撥勞工退休金準備(教育),臺中市政府教育局主管,5.1.5.1
2014,51051600901,0,教育人員撫卹給付,教育局主管,臺中市政府教育局,教育人員撫卹給付,教育人員撫卹給付,臺中市政府教育局主管,5.1.6.1
2014,51051601001,0,教育人員因公致殘死亡慰問金,教育局主管,臺中市政府教育局,教育人員因公致殘死亡慰問金,教育人員因公致殘死亡慰問金,臺中市政府教育局主管,5.1.7.1
2014,51051601101,0,教育人員各項補助,教育局主管,臺中市政府教育局,教育人員各項補助,教育人員各項補助,臺中市政府教育局主管,5.1.8.1
2014,51051607901,13000000,第一預備金,教育局主管,臺中市政府教育局,第一預備金,第一預備金,臺中市政府教育局主管,5.1.9.1
2014,75051600501,6817411000,教育人員退休給付,教育局主管,臺中市政府教育局,教育人員退休給付,教育人員退休給付,臺中市政府教育局主管,5.1.10.1
2014,75051600601,7600000,提撥勞工退休金準備(教育),教育局主管,臺中市政府教育局,提撥勞工退休金準備(教育),提撥勞工退休金準備(教育),臺中市政府教育局主管,5.1.11.1
2014,75051600701,30000000,教育人員撫卹給付,教育局主管,臺中市政府教育局,教育人員撫卹給付,教育人員撫卹給付,臺中市政府教育局主管,5.1.12.1
2014,75051600801,2000000,教育人員因公致殘死亡慰問金,教育局主管,臺中市政府教育局,教育人員因公致殘死亡慰問金,教育人員因公致殘死亡慰問金,臺中市政府教育局主管,5.1.13.1
2014,89051600301,410000000,教育人員各項補助,教育局主管,臺中市政府教育局,教育人員各項補助,教育人員各項補助,臺中市政府教育局主管,5.1.14.1
2014,53051610101,26629000,行政管理,教育局主管,臺中市體育處,一般行政,一般行政,臺中市政府教育局主管,5.2.1.1
2014,53051610201,74218000,計畫業務,教育局主管,臺中市體育處,體育業務,體育業務,臺中市政府教育局主管,5.2.2.1
2014,53051610202,138193000,運動業務,教育局主管,臺中市體育處,體育業務,體育業務,臺中市政府教育局主管,5.2.2.2
2014,53051619001,215830000,一般建築及設備,教育局主管,臺中市體育處,一般建築及設備,一般建築及設備,臺中市政府教育局主管,5.2.3.1
2014,53051620101,10344000,行政管理,教育局主管,臺中市家庭教育中心,一般行政,一般行政,臺中市政府教育局主管,5.3.1.1
2014,53051620301,1828000,推展家庭教育,教育局主管,臺中市家庭教育中心,推展家庭教育,推展家庭教育,臺中市政府教育局主管,5.3.2.1
2014,53051629001,100000,一般建築及設備,教育局主管,臺中市家庭教育中心,一般建築及設備,一般建築及設備,臺中市政府教育局主管,5.3.3.1
2014,53183600101,303006000,行政管理,文化局主管,臺中市政府文化局,一般行政,一般行政,臺中市政府文化局主管,18.1.1.1
2014,53183600601,48501000,藝文推廣,文化局主管,臺中市政府文化局,文教活動,文教活動,臺中市政府文化局主管,18.1.2.1
2014,53183600602,18990000,視覺藝術,文化局主管,臺中市政府文化局,文教活動,文教活動,臺中市政府文化局主管,18.1.2.2
2014,53183600603,117007000,表演藝術,文化局主管,臺中市政府文化局,文教活動,文教活動,臺中市政府文化局主管,18.1.2.3
2014,53183600604,35385000,圖書資訊,文化局主管,臺中市政府文化局,文教活動,文教活動,臺中市政府文化局主管,18.1.2.4
2014,53183600605,125256000,圖書館管理,文化局主管,臺中市政府文化局,文教活動,文教活動,臺中市政府文化局主管,18.1.2.5
2014,53183600611,29720000,港區藝術中心,文化局主管,臺中市政府文化局,文教活動,文教活動,臺中市政府文化局主管,18.1.2.6
2014,53183600612,33776000,屯區藝文中心,文化局主管,臺中市政府文化局,文教活動,文教活動,臺中市政府文化局主管,18.1.2.7
2014,53183600613,42829000,大墩文化中心,文化局主管,臺中市政府文化局,文教活動,文教活動,臺中市政府文化局主管,18.1.2.8
2014,53183600614,25712000,葫蘆墩文化中心,文化局主管,臺中市政府文化局,文教活動,文教活動,臺中市政府文化局主管,18.1.2.9
2014,53183607901,2800000,第一預備金,文化局主管,臺中市政府文化局,第一預備金,第一預備金,臺中市政府文化局主管,18.1.3.1
2014,53183609001,144996000,一般建築及設備,文化局主管,臺中市政府文化局,一般建築及設備,一般建築及設備,臺中市政府文化局主管,18.1.4.1
2014,53183630101,38077000,行政管理,文化局主管,臺中市文化資產處,一般行政,一般行政,臺中市政府文化局主管,18.2.1.1
2014,53183630608,9627000,有形文化資產維護,文化局主管,臺中市文化資產處,文教活動,文教活動,臺中市政府文化局主管,18.2.2.1
2014,53183630609,3980000,無形文化資產維護,文化局主管,臺中市文化資產處,文教活動,文教活動,臺中市政府文化局主管,18.2.2.2
2014,53183639001,105300000,一般建築及設備,文化局主管,臺中市文化資產處,一般建築及設備,一般建築及設備,臺中市政府文化局主管,18.2.3.1
2014,53214100101,67033000,行政管理,新聞局主管,臺中市政府新聞局,一般行政,一般行政,臺中市政府新聞局主管,21.1.1.1
2014,53214100701,40786000,出版及視聽事業之管理與輔導,新聞局主管,臺中市政府新聞局,新聞行政,新聞行政,臺中市政府新聞局主管,21.1.2.1
2014,53214100703,0,有線廣播電視發展基金,新聞局主管,臺中市政府新聞局,新聞行政,新聞行政,臺中市政府新聞局主管,21.1.2.2
2014,53214100801,6467000,新聞發布與公關,新聞局主管,臺中市政府新聞局,新聞聯繫,新聞聯繫,臺中市政府新聞局主管,21.1.3.1
2014,53214100901,76077000,政令政績宣導,新聞局主管,臺中市政府新聞局,行銷企劃,行銷企劃,臺中市政府新聞局主管,21.1.4.1
2014,53214107901,500000,第一預備金,新聞局主管,臺中市政府新聞局,第一預備金,第一預備金,臺中市政府新聞局主管,21.1.5.1
2014,53214109001,24469000,一般建築及設備,新聞局主管,臺中市政府新聞局,一般建築及設備,一般建築及設備,臺中市政府新聞局主管,21.1.6.1
2014,33193870101,58350000,行政管理,地政局主管,臺中市東勢地政事務所,一般行政,一般行政,臺中市政府地政局主管,19.8.1.1
2014,33193871302,379000,地價管理,地政局主管,臺中市東勢地政事務所,地政業務,地政業務,臺中市政府地政局主管,19.8.2.1
2014,33193871304,35000,地用管理,地政局主管,臺中市東勢地政事務所,地政業務,地政業務,臺中市政府地政局主管,19.8.2.2
2014,33193871307,3978000,測量管理,地政局主管,臺中市東勢地政事務所,地政業務,地政業務,臺中市政府地政局主管,19.8.2.3
2014,33193871309,424000,登記管理,地政局主管,臺中市東勢地政事務所,地政業務,地政業務,臺中市政府地政局主管,19.8.2.4
2014,33193879001,1392000,一般建築及設備,地政局主管,臺中市東勢地政事務所,一般建築及設備,一般建築及設備,臺中市政府地政局主管,19.8.3.1
2014,33031000101,122087000,行政管理,民政局主管,臺中市政府民政局,一般行政,一般行政,臺中市政府民政局主管,3.1.1.1
2014,33031000601,29449000,區政監督及里鄰組織,民政局主管,臺中市政府民政局,區里行政,區里行政,臺中市政府民政局主管,3.1.2.1
2014,33031000701,6120000,自治業務管理,民政局主管,臺中市政府民政局,自治業務,自治業務,臺中市政府民政局主管,3.1.3.1
2014,33031000702,4000000,選舉業務,民政局主管,臺中市政府民政局,自治業務,自治業務,臺中市政府民政局主管,3.1.3.2
2014,33031000801,17952000,禮俗宗教業務,民政局主管,臺中市政府民政局,禮俗宗教,禮俗宗教,臺中市政府民政局主管,3.1.4.1
2014,33031000901,25422000,戶政業務,民政局主管,臺中市政府民政局,戶政業務,戶政業務,臺中市政府民政局主管,3.1.5.1
2014,33031001001,6201000,兵員徵集業務,民政局主管,臺中市政府民政局,兵員徵集,兵員徵集,臺中市政府民政局主管,3.1.6.1
2014,33031001101,36042000,勤務管理業務,民政局主管,臺中市政府民政局,勤務管理,勤務管理,臺中市政府民政局主管,3.1.7.1
2014,33031007901,1850000,第一預備金,民政局主管,臺中市政府民政局,第一預備金,第一預備金,臺中市政府民政局主管,3.1.8.1
2014,33031009001,95630000,一般建築及設備,民政局主管,臺中市政府民政局,一般建築及設備,一般建築及設備,臺中市政府民政局主管,3.1.9.1
2014,33031010101,9354000,行政管理,民政局主管,臺中市孔廟忠烈祠聯合管理所,一般行政,一般行政,臺中市政府民政局主管,3.2.1.1
2014,33031010102,6044000,孔廟忠烈祠管理維護,民政局主管,臺中市孔廟忠烈祠聯合管理所,一般行政,一般行政,臺中市政府民政局主管,3.2.1.2
2014,33031019001,214000,一般建築及設備,民政局主管,臺中市孔廟忠烈祠聯合管理所,一般建築及設備,一般建築及設備,臺中市政府民政局主管,3.2.2.1
2014,68031020101,47685000,行政管理,民政局主管,臺中市生命禮儀管理所,一般行政,一般行政,臺中市政府民政局主管,3.3.1.1
2014,68031020401,82954000,殯葬業務,民政局主管,臺中市生命禮儀管理所,殯葬管理,殯葬管理,臺中市政府民政局主管,3.3.2.1
2014,68031020402,13293000,公墓管理,民政局主管,臺中市生命禮儀管理所,殯葬管理,殯葬管理,臺中市政府民政局主管,3.3.2.2
2014,68031029001,158263000,一般建築及設備,民政局主管,臺中市生命禮儀管理所,一般建築及設備,一般建築及設備,臺中市政府民政局主管,3.3.3.1
2014,33031030101,9065000,行政管理,民政局主管,臺中市中區戶政事務所,一般行政,一般行政,臺中市政府民政局主管,3.4.1.1
2014,33031030901,1611000,戶政業務,民政局主管,臺中市中區戶政事務所,戶政業務,戶政業務,臺中市政府民政局主管,3.4.2.1
2014,33031039001,100000,一般建築及設備,民政局主管,臺中市中區戶政事務所,一般建築及設備,一般建築及設備,臺中市政府民政局主管,3.4.3.1
2014,33031040101,21641000,行政管理,民政局主管,臺中市東區戶政事務所,一般行政,一般行政,臺中市政府民政局主管,3.5.1.1
2014,33031040901,2616000,戶政業務,民政局主管,臺中市東區戶政事務所,戶政業務,戶政業務,臺中市政府民政局主管,3.5.2.1
2014,33031049001,333000,一般建築及設備,民政局主管,臺中市東區戶政事務所,一般建築及設備,一般建築及設備,臺中市政府民政局主管,3.5.3.1
2014,33031050101,27969000,行政管理,民政局主管,臺中市西區戶政事務所,一般行政,一般行政,臺中市政府民政局主管,3.6.1.1
2014,33031050901,7100000,戶政業務,民政局主管,臺中市西區戶政事務所,戶政業務,戶政業務,臺中市政府民政局主管,3.6.2.1
2014,33031059001,100000,一般建築及設備,民政局主管,臺中市西區戶政事務所,一般建築及設備,一般建築及設備,臺中市政府民政局主管,3.6.3.1
2014,33031060101,25835000,行政管理,民政局主管,臺中市南區戶政事務所,一般行政,一般行政,臺中市政府民政局主管,3.7.1.1
2014,33031060901,3136000,戶政業務,民政局主管,臺中市南區戶政事務所,戶政業務,戶政業務,臺中市政府民政局主管,3.7.2.1
2014,33031069001,100000,一般建築及設備,民政局主管,臺中市南區戶政事務所,一般建築及設備,一般建築及設備,臺中市政府民政局主管,3.7.3.1
2014,33031070101,37888000,行政管理,民政局主管,臺中市北區戶政事務所,一般行政,一般行政,臺中市政府民政局主管,3.8.1.1
2014,33031070901,3896000,戶政業務,民政局主管,臺中市北區戶政事務所,戶政業務,戶政業務,臺中市政府民政局主管,3.8.2.1
2014,33031079001,100000,一般建築及設備,民政局主管,臺中市北區戶政事務所,一般建築及設備,一般建築及設備,臺中市政府民政局主管,3.8.3.1
2014,33031080101,37838000,行政管理,民政局主管,臺中市西屯區戶政事務所,一般行政,一般行政,臺中市政府民政局主管,3.9.1.1
2014,33031080901,5385000,戶政業務,民政局主管,臺中市西屯區戶政事務所,戶政業務,戶政業務,臺中市政府民政局主管,3.9.2.1
2014,33031089001,100000,一般建築及設備,民政局主管,臺中市西屯區戶政事務所,一般建築及設備,一般建築及設備,臺中市政府民政局主管,3.9.3.1
2014,33031090101,30755000,行政管理,民政局主管,臺中市南屯區戶政事務所,一般行政,一般行政,臺中市政府民政局主管,3.10.1.1
2014,33031090901,5655000,戶政業務,民政局主管,臺中市南屯區戶政事務所,戶政業務,戶政業務,臺中市政府民政局主管,3.10.2.1
2014,33031099001,100000,一般建築及設備,民政局主管,臺中市南屯區戶政事務所,一般建築及設備,一般建築及設備,臺中市政府民政局主管,3.10.3.1
2014,33031100101,47522000,行政管理,民政局主管,臺中市北屯區戶政事務所,一般行政,一般行政,臺中市政府民政局主管,3.11.1.1
2014,33031100901,5757000,戶政業務,民政局主管,臺中市北屯區戶政事務所,戶政業務,戶政業務,臺中市政府民政局主管,3.11.2.1
2014,33031109001,100000,一般建築及設備,民政局主管,臺中市北屯區戶政事務所,一般建築及設備,一般建築及設備,臺中市政府民政局主管,3.11.3.1
2014,33031110101,42490000,行政管理,民政局主管,臺中市豐原區戶政事務所,一般行政,一般行政,臺中市政府民政局主管,3.12.1.1
2014,33031110901,3968000,戶政業務,民政局主管,臺中市豐原區戶政事務所,戶政業務,戶政業務,臺中市政府民政局主管,3.12.2.1
2014,33031119001,180000,一般建築及設備,民政局主管,臺中市豐原區戶政事務所,一般建築及設備,一般建築及設備,臺中市政府民政局主管,3.12.3.1
2014,33031120101,11639000,行政管理,民政局主管,臺中市后里區戶政事務所,一般行政,一般行政,臺中市政府民政局主管,3.13.1.1
2014,33031120901,1365000,戶政業務,民政局主管,臺中市后里區戶政事務所,戶政業務,戶政業務,臺中市政府民政局主管,3.13.2.1
2014,33031129001,100000,一般建築及設備,民政局主管,臺中市后里區戶政事務所,一般建築及設備,一般建築及設備,臺中市政府民政局主管,3.13.3.1
2014,33031130101,14225000,行政管理,民政局主管,臺中市神岡區戶政事務所,一般行政,一般行政,臺中市政府民政局主管,3.14.1.1
2014,33031130901,1406000,戶政業務,民政局主管,臺中市神岡區戶政事務所,戶政業務,戶政業務,臺中市政府民政局主管,3.14.2.1
2014,33031139001,100000,一般建築及設備,民政局主管,臺中市神岡區戶政事務所,一般建築及設備,一般建築及設備,臺中市政府民政局主管,3.14.3.1
2014,33031140101,20621000,行政管理,民政局主管,臺中市大雅區戶政事務所,一般行政,一般行政,臺中市政府民政局主管,3.15.1.1
2014,33031140901,2290000,戶政業務,民政局主管,臺中市大雅區戶政事務所,戶政業務,戶政業務,臺中市政府民政局主管,3.15.2.1
2014,33031149001,300000,一般建築及設備,民政局主管,臺中市大雅區戶政事務所,一般建築及設備,一般建築及設備,臺中市政府民政局主管,3.15.3.1
2014,33031150101,26071000,行政管理,民政局主管,臺中市潭子區戶政事務所,一般行政,一般行政,臺中市政府民政局主管,3.16.1.1
2014,33031150901,2343000,戶政業務,民政局主管,臺中市潭子區戶政事務所,戶政業務,戶政業務,臺中市政府民政局主管,3.16.2.1
2014,33031159001,100000,一般建築及設備,民政局主管,臺中市潭子區戶政事務所,一般建築及設備,一般建築及設備,臺中市政府民政局主管,3.16.3.1
2014,33031160101,14007000,行政管理,民政局主管,臺中市東勢區戶政事務所,一般行政,一般行政,臺中市政府民政局主管,3.17.1.1
2014,33031160901,1329000,戶政業務,民政局主管,臺中市東勢區戶政事務所,戶政業務,戶政業務,臺中市政府民政局主管,3.17.2.1
2014,33031169001,100000,一般建築及設備,民政局主管,臺中市東勢區戶政事務所,一般建築及設備,一般建築及設備,臺中市政府民政局主管,3.17.3.1
2014,33031170101,5438000,行政管理,民政局主管,臺中市石岡區戶政事務所,一般行政,一般行政,臺中市政府民政局主管,3.18.1.1
2014,33031170901,751000,戶政業務,民政局主管,臺中市石岡區戶政事務所,戶政業務,戶政業務,臺中市政府民政局主管,3.18.2.1
2014,33031179001,100000,一般建築及設備,民政局主管,臺中市石岡區戶政事務所,一般建築及設備,一般建築及設備,臺中市政府民政局主管,3.18.3.1
2014,33031180101,7515000,行政管理,民政局主管,臺中市新社區戶政事務所,一般行政,一般行政,臺中市政府民政局主管,3.19.1.1
2014,33031180901,880000,戶政業務,民政局主管,臺中市新社區戶政事務所,戶政業務,戶政業務,臺中市政府民政局主管,3.19.2.1
2014,33031189001,100000,一般建築及設備,民政局主管,臺中市新社區戶政事務所,一般建築及設備,一般建築及設備,臺中市政府民政局主管,3.19.3.1
2014,33031190101,45243000,行政管理,民政局主管,臺中市大里區戶政事務所,一般行政,一般行政,臺中市政府民政局主管,3.20.1.1
2014,33031190901,4350000,戶政業務,民政局主管,臺中市大里區戶政事務所,戶政業務,戶政業務,臺中市政府民政局主管,3.20.2.1
2014,33031199001,460000,一般建築及設備,民政局主管,臺中市大里區戶政事務所,一般建築及設備,一般建築及設備,臺中市政府民政局主管,3.20.3.1
2014,33031200101,14756000,行政管理,民政局主管,臺中市霧峰區戶政事務所,一般行政,一般行政,臺中市政府民政局主管,3.21.1.1
2014,33031200901,1740000,戶政業務,民政局主管,臺中市霧峰區戶政事務所,戶政業務,戶政業務,臺中市政府民政局主管,3.21.2.1
2014,33031209001,100000,一般建築及設備,民政局主管,臺中市霧峰區戶政事務所,一般建築及設備,一般建築及設備,臺中市政府民政局主管,3.21.3.1
2014,33031210101,41172000,行政管理,民政局主管,臺中市太平區戶政事務所,一般行政,一般行政,臺中市政府民政局主管,3.22.1.1
2014,33031210901,4158000,戶政業務,民政局主管,臺中市太平區戶政事務所,戶政業務,戶政業務,臺中市政府民政局主管,3.22.2.1
2014,33031219001,350000,一般建築及設備,民政局主管,臺中市太平區戶政事務所,一般建築及設備,一般建築及設備,臺中市政府民政局主管,3.22.3.1
2014,33031220101,16976000,行政管理,民政局主管,臺中市烏日區戶政事務所,一般行政,一般行政,臺中市政府民政局主管,3.23.1.1
2014,33031220901,1986000,戶政業務,民政局主管,臺中市烏日區戶政事務所,戶政業務,戶政業務,臺中市政府民政局主管,3.23.2.1
2014,33031229001,100000,一般建築及設備,民政局主管,臺中市烏日區戶政事務所,一般建築及設備,一般建築及設備,臺中市政府民政局主管,3.23.3.1
2014,33031230101,21405000,行政管理,民政局主管,臺中市清水區戶政事務所,一般行政,一般行政,臺中市政府民政局主管,3.24.1.1
2014,33031230901,2167000,戶政業務,民政局主管,臺中市清水區戶政事務所,戶政業務,戶政業務,臺中市政府民政局主管,3.24.2.1
2014,33031239001,100000,一般建築及設備,民政局主管,臺中市清水區戶政事務所,一般建築及設備,一般建築及設備,臺中市政府民政局主管,3.24.3.1
2014,33031240101,13492000,行政管理,民政局主管,臺中市梧棲區戶政事務所,一般行政,一般行政,臺中市政府民政局主管,3.25.1.1
2014,33031240901,1461000,戶政業務,民政局主管,臺中市梧棲區戶政事務所,戶政業務,戶政業務,臺中市政府民政局主管,3.25.2.1
2014,33031249001,100000,一般建築及設備,民政局主管,臺中市梧棲區戶政事務所,一般建築及設備,一般建築及設備,臺中市政府民政局主管,3.25.3.1
2014,33031250101,17082000,行政管理,民政局主管,臺中市大甲區戶政事務所,一般行政,一般行政,臺中市政府民政局主管,3.26.1.1
2014,33031250901,2211000,戶政業務,民政局主管,臺中市大甲區戶政事務所,戶政業務,戶政業務,臺中市政府民政局主管,3.26.2.1
2014,33031259001,100000,一般建築及設備,民政局主管,臺中市大甲區戶政事務所,一般建築及設備,一般建築及設備,臺中市政府民政局主管,3.26.3.1
2014,33031260101,18375000,行政管理,民政局主管,臺中市沙鹿區戶政事務所,一般行政,一般行政,臺中市政府民政局主管,3.27.1.1
2014,33031260901,2119000,戶政業務,民政局主管,臺中市沙鹿區戶政事務所,戶政業務,戶政業務,臺中市政府民政局主管,3.27.2.1
2014,33031269001,199000,一般建築及設備,民政局主管,臺中市沙鹿區戶政事務所,一般建築及設備,一般建築及設備,臺中市政府民政局主管,3.27.3.1
2014,33031270101,7652000,行政管理,民政局主管,臺中市外埔區戶政事務所,一般行政,一般行政,臺中市政府民政局主管,3.28.1.1
2014,33031270901,937000,戶政業務,民政局主管,臺中市外埔區戶政事務所,戶政業務,戶政業務,臺中市政府民政局主管,3.28.2.1
2014,33031279001,100000,一般建築及設備,民政局主管,臺中市外埔區戶政事務所,一般建築及設備,一般建築及設備,臺中市政府民政局主管,3.28.3.1
2014,33031280101,6059000,行政管理,民政局主管,臺中市大安區戶政事務所,一般行政,一般行政,臺中市政府民政局主管,3.29.1.1
2014,33031280901,753000,戶政業務,民政局主管,臺中市大安區戶政事務所,戶政業務,戶政業務,臺中市政府民政局主管,3.29.2.1
2014,33031289001,100000,一般建築及設備,民政局主管,臺中市大安區戶政事務所,一般建築及設備,一般建築及設備,臺中市政府民政局主管,3.29.3.1
2014,33031290101,16311000,行政管理,民政局主管,臺中市龍井區戶政事務所,一般行政,一般行政,臺中市政府民政局主管,3.30.1.1
2014,33031290901,1638000,戶政業務,民政局主管,臺中市龍井區戶政事務所,戶政業務,戶政業務,臺中市政府民政局主管,3.30.2.1
2014,33031299001,100000,一般建築及設備,民政局主管,臺中市龍井區戶政事務所,一般建築及設備,一般建築及設備,臺中市政府民政局主管,3.30.3.1
2014,33031300101,12417000,行政管理,民政局主管,臺中市大肚區戶政事務所,一般行政,一般行政,臺中市政府民政局主管,3.31.1.1
2014,33031300901,1567000,戶政業務,民政局主管,臺中市大肚區戶政事務所,戶政業務,戶政業務,臺中市政府民政局主管,3.31.2.1
2014,33031309001,100000,一般建築及設備,民政局主管,臺中市大肚區戶政事務所,一般建築及設備,一般建築及設備,臺中市政府民政局主管,3.31.3.1
2014,33031310101,6136000,行政管理,民政局主管,臺中市和平區戶政事務所,一般行政,一般行政,臺中市政府民政局主管,3.32.1.1
2014,33031310901,763000,戶政業務,民政局主管,臺中市和平區戶政事務所,戶政業務,戶政業務,臺中市政府民政局主管,3.32.2.1
2014,33031319001,163000,一般建築及設備,民政局主管,臺中市和平區戶政事務所,一般建築及設備,一般建築及設備,臺中市政府民政局主管,3.32.3.1
2014,58234300101,168426000,行政管理,水利局主管,臺中市政府水利局,一般行政,一般行政,臺中市政府水利局主管,23.1.1.1
2014,58234301101,552055000,河川及區域排水,水利局主管,臺中市政府水利局,水利事務,水利事務,臺中市政府水利局主管,23.1.2.1
2014,58234301102,322008000,雨水下水道及市區排水,水利局主管,臺中市政府水利局,水利事務,水利事務,臺中市政府水利局主管,23.1.2.2
2014,58234301103,15541000,水利規劃,水利局主管,臺中市政府水利局,水利事務,水利事務,臺中市政府水利局主管,23.1.2.3
2014,58234301104,33006000,水利管理及水權登記,水利局主管,臺中市政府水利局,水利事務,水利事務,臺中市政府水利局主管,23.1.2.4
2014,58234301106,24738000,防災工程及防災整備,水利局主管,臺中市政府水利局,水利事務,水利事務,臺中市政府水利局主管,23.1.2.5
2014,58234301107,493355000,水土保持、野溪及農路維護,水利局主管,臺中市政府水利局,水利事務,水利事務,臺中市政府水利局主管,23.1.2.6
2014,58234301108,8373000,坡地保育、利用及管理,水利局主管,臺中市政府水利局,水利事務,水利事務,臺中市政府水利局主管,23.1.2.7
2014,58234301109,304400000,水利設施養護,水利局主管,臺中市政府水利局,水利事務,水利事務,臺中市政府水利局主管,23.1.2.8
2014,58234307901,2100000,第一預備金,水利局主管,臺中市政府水利局,第一預備金,第一預備金,臺中市政府水利局主管,23.1.3.1
2014,58234309001,450000,一般建築及設備,水利局主管,臺中市政府水利局,一般建築及設備,一般建築及設備,臺中市政府水利局主管,23.1.4.1
2014,73234300701,793000,污水工程業務,水利局主管,臺中市政府水利局,水利事務,水利事務,臺中市政府水利局主管,23.1.5.1
2014,73234300702,1230000000,污水工程,水利局主管,臺中市政府水利局,水利事務,水利事務,臺中市政府水利局主管,23.1.5.2
2014,73234300703,125273000,污水營運業務,水利局主管,臺中市政府水利局,水利事務,水利事務,臺中市政府水利局主管,23.1.5.3
2014,73234300704,51472000,污水營運工程,水利局主管,臺中市政府水利局,水利事務,水利事務,臺中市政府水利局主管,23.1.5.4
2014,32204000101,85330000,行政管理,法制局主管,臺中市政府法制局,一般行政,一般行政,臺中市政府法制局主管,20.1.1.1
2014,32204001801,2619000,法規審議,法制局主管,臺中市政府法制局,法制業務,法制業務,臺中市政府法制局主管,20.1.2.1
2014,32204001802,1554000,法規諮詢,法制局主管,臺中市政府法制局,法制業務,法制業務,臺中市政府法制局主管,20.1.2.2
2014,32204001803,2639000,行政救濟,法制局主管,臺中市政府法制局,法制業務,法制業務,臺中市政府法制局主管,20.1.2.3
2014,32204001804,13589000,採購申訴審議,法制局主管,臺中市政府法制局,法制業務,法制業務,臺中市政府法制局主管,20.1.2.4
2014,32204001805,4271000,消費者保護,法制局主管,臺中市政府法制局,法制業務,法制業務,臺中市政府法制局主管,20.1.2.5
2014,32204001806,3866000,行政執行,法制局主管,臺中市政府法制局,法制業務,法制業務,臺中市政府法制局主管,20.1.2.6
2014,32204007901,500000,第一預備金,法制局主管,臺中市政府法制局,第一預備金,第一預備金,臺中市政府法制局主管,20.1.3.1
2014,32204009001,450000,一般建築及設備,法制局主管,臺中市政府法制局,一般建築及設備,一般建築及設備,臺中市政府法制局主管,20.1.4.1
2014,89204000101,40000000,國家賠償金,法制局主管,臺中市政府法制局,國家賠償金,國家賠償金,臺中市政府法制局主管,20.1.5.1
2014,33153000101,1836557000,行政管理,消防局主管,臺中市政府消防局,一般行政,一般行政,臺中市政府消防局主管,15.1.1.1
2014,33153001201,15425000,消防行政工作,消防局主管,臺中市政府消防局,消防業務,消防業務,臺中市政府消防局主管,15.1.2.1
2014,33153001202,3262000,火災預防,消防局主管,臺中市政府消防局,消防業務,消防業務,臺中市政府消防局主管,15.1.2.2
2014,33153001203,6400000,危險物品管理,消防局主管,臺中市政府消防局,消防業務,消防業務,臺中市政府消防局主管,15.1.2.3
2014,33153001204,21577000,災害搶救,消防局主管,臺中市政府消防局,消防業務,消防業務,臺中市政府消防局主管,15.1.2.4
2014,33153001205,14475000,災害管理,消防局主管,臺中市政府消防局,消防業務,消防業務,臺中市政府消防局主管,15.1.2.5
2014,33153001206,12732000,緊急救護,消防局主管,臺中市政府消防局,消防業務,消防業務,臺中市政府消防局主管,15.1.2.6
2014,33153001207,4716000,教育訓練,消防局主管,臺中市政府消防局,消防業務,消防業務,臺中市政府消防局主管,15.1.2.7
2014,33153001208,768000,火災調查,消防局主管,臺中市政府消防局,消防業務,消防業務,臺中市政府消防局主管,15.1.2.8
2014,33153001209,13595000,救災救護指揮中心,消防局主管,臺中市政府消防局,消防業務,消防業務,臺中市政府消防局主管,15.1.2.9
2014,33153001210,1264000,特搜大隊,消防局主管,臺中市政府消防局,消防業務,消防業務,臺中市政府消防局主管,15.1.2.10
2014,33153001211,15579000,各救災救護大隊,消防局主管,臺中市政府消防局,消防業務,消防業務,臺中市政府消防局主管,15.1.2.11
2014,33153007901,3800000,第一預備金,消防局主管,臺中市政府消防局,第一預備金,第一預備金,臺中市政府消防局主管,15.1.3.1
2014,33153009001,165534000,一般建築及設備,消防局主管,臺中市政府消防局,一般建築及設備,一般建築及設備,臺中市政府消防局主管,15.1.4.1
2014,33193850101,63921000,行政管理,地政局主管,臺中市清水地政事務所,一般行政,一般行政,臺中市政府地政局主管,19.6.1.1
2014,33193851302,320000,地價管理,地政局主管,臺中市清水地政事務所,地政業務,地政業務,臺中市政府地政局主管,19.6.2.1
2014,33193851304,36000,地用管理,地政局主管,臺中市清水地政事務所,地政業務,地政業務,臺中市政府地政局主管,19.6.2.2
2014,33193851307,23634000,測量管理,地政局主管,臺中市清水地政事務所,地政業務,地政業務,臺中市政府地政局主管,19.6.2.3
2014,33193851309,1620000,登記管理,地政局主管,臺中市清水地政事務所,地政業務,地政業務,臺中市政府地政局主管,19.6.2.4
2014,33193859001,170000,一般建築及設備,地政局主管,臺中市清水地政事務所,一般建築及設備,一般建築及設備,臺中市政府地政局主管,19.6.3.1
2014,73173500101,1898815000,行政管理,環境保護局主管,臺中市政府環境保護局,一般行政,一般行政,臺中市政府環境保護局主管,17.1.1.1
2014,73173500201,48803000,綜合計畫業務,環境保護局主管,臺中市政府環境保護局,環境保護業務,環境保護業務,臺中市政府環境保護局主管,17.1.2.1
2014,73173500202,10847000,空氣及噪音管制業務,環境保護局主管,臺中市政府環境保護局,環境保護業務,環境保護業務,臺中市政府環境保護局主管,17.1.2.2
2014,73173500203,17584000,水質及土壤保護業務,環境保護局主管,臺中市政府環境保護局,環境保護業務,環境保護業務,臺中市政府環境保護局主管,17.1.2.3
2014,73173500204,50086000,廢棄物管理,環境保護局主管,臺中市政府環境保護局,環境保護業務,環境保護業務,臺中市政府環境保護局主管,17.1.2.4
2014,73173500205,151500000,資源回收業務,環境保護局主管,臺中市政府環境保護局,環境保護業務,環境保護業務,臺中市政府環境保護局主管,17.1.2.5
2014,73173500206,7950000,環境檢驗業務,環境保護局主管,臺中市政府環境保護局,環境保護業務,環境保護業務,臺中市政府環境保護局主管,17.1.2.6
2014,73173500207,41968000,環境及毒化管理,環境保護局主管,臺中市政府環境保護局,環境保護業務,環境保護業務,臺中市政府環境保護局主管,17.1.2.7
2014,73173500208,23905000,環境稽查業務,環境保護局主管,臺中市政府環境保護局,環境保護業務,環境保護業務,臺中市政府環境保護局主管,17.1.2.8
2014,73173500401,654702000,清潔隊管理,環境保護局主管,臺中市政府環境保護局,清潔隊業務,清潔隊業務,臺中市政府環境保護局主管,17.1.3.1
2014,73173500402,295938000,清潔車輛管理,環境保護局主管,臺中市政府環境保護局,清潔隊業務,清潔隊業務,臺中市政府環境保護局主管,17.1.3.2
2014,73173500403,23011000,勞工安全衛生管理,環境保護局主管,臺中市政府環境保護局,清潔隊業務,清潔隊業務,臺中市政府環境保護局主管,17.1.3.3
2014,73173500501,26339000,廢棄物處理及再利用業務,環境保護局主管,臺中市政府環境保護局,環境工程及設施業務,環境工程及設施業務,臺中市政府環境保護局主管,17.1.4.1
2014,73173500502,50784000,垃圾掩埋場業務,環境保護局主管,臺中市政府環境保護局,環境工程及設施業務,環境工程及設施業務,臺中市政府環境保護局主管,17.1.4.2
2014,73173500503,860290000,垃圾焚化廠業務,環境保護局主管,臺中市政府環境保護局,環境工程及設施業務,環境工程及設施業務,臺中市政府環境保護局主管,17.1.4.3
2014,73173500504,900000,環境工程業務,環境保護局主管,臺中市政府環境保護局,環境工程及設施業務,環境工程及設施業務,臺中市政府環境保護局主管,17.1.4.4
2014,73173500505,8300000,回饋金及行政業務,環境保護局主管,臺中市政府環境保護局,環境工程及設施業務,環境工程及設施業務,臺中市政府環境保護局主管,17.1.4.5
2014,73173507901,10000000,第一預備金,環境保護局主管,臺中市政府環境保護局,第一預備金,第一預備金,臺中市政府環境保護局主管,17.1.5.1
2014,73173509001,330343000,一般建築及設備,環境保護局主管,臺中市政府環境保護局,一般建築及設備,一般建築及設備,臺中市政府環境保護局主管,17.1.6.1
2014,66122300201,563000000,社會保險,社會局主管,臺中市政府社會局,社會保險,社會保險,臺中市政府社會局主管,12.1.1.1
2014,67122300101,1242942000,社會救濟,社會局主管,臺中市政府社會局,社會救濟,社會救濟,臺中市政府社會局主管,12.1.2.1
2014,68122300101,175390000,行政管理,社會局主管,臺中市政府社會局,一般行政,一般行政,臺中市政府社會局主管,12.1.3.1
2014,68122300201,7476538000,社會福利,社會局主管,臺中市政府社會局,社政業務,社政業務,臺中市政府社會局主管,12.1.4.1
2014,68122307901,8000000,第一預備金,社會局主管,臺中市政府社會局,第一預備金,第一預備金,臺中市政府社會局主管,12.1.5.1
2014,68122309001,13256000,一般建築及設備,社會局主管,臺中市政府社會局,一般建築及設備,一般建築及設備,臺中市政府社會局主管,12.1.6.1
2014,68122310101,24434000,行政管理,社會局主管,臺中市立仁愛之家,一般行政,一般行政,臺中市政府社會局主管,12.2.1.1
2014,68122310601,67388000,老人安養,社會局主管,臺中市立仁愛之家,福利業務,福利業務,臺中市政府社會局主管,12.2.2.1
2014,68122319001,100000,一般建築及設備,社會局主管,臺中市立仁愛之家,一般建築及設備,一般建築及設備,臺中市政府社會局主管,12.2.3.1
2014,68122320101,80567000,行政管理,社會局主管,臺中市家庭暴力及性侵害防治中心,一般行政,一般行政,臺中市政府社會局主管,12.3.1.1
2014,68122320701,71667000,家庭暴力及性侵害防治工作,社會局主管,臺中市家庭暴力及性侵害防治中心,家庭暴力及性侵害防治業務,家庭暴力及性侵害防治業務,臺中市政府社會局主管,12.3.2.1
2014,68122320801,176114000,兒童及少年保護服務,社會局主管,臺中市家庭暴力及性侵害防治中心,兒童及少年保護服務業務,兒童及少年保護服務業務,臺中市政府社會局主管,12.3.3.1
2014,68122329001,9719000,一般建築及設備,社會局主管,臺中市家庭暴力及性侵害防治中心,一般建築及設備,一般建築及設備,臺中市政府社會局主管,12.3.4.1
2014,90808000101,500000000,第二預備金,第二預備金主管,第二預備金,第二預備金,第二預備金,第二預備金主管,25.1.1.1
2014,75707000101,2938235000,公務人員退休給付,統籌支撥科目主管,公務人員退休給付,公務人員退休給付,公務人員退休給付,統籌支撥科目主管,24.1.1.1
2014,75707020301,80000000,公務人員撫卹給付,統籌支撥科目主管,公務人員撫卹給付,公務人員撫卹給付,公務人員撫卹給付,統籌支撥科目主管,24.2.1.1
2014,75707030401,20000000,公務人員因公致殘廢死亡慰問金,統籌支撥科目主管,公務人員因公致殘廢死亡慰問金,公務人員因公致殘廢死亡慰問金,公務人員因公致殘廢死亡慰問金,統籌支撥科目主管,24.3.1.1
2014,89707040201,344000000,公務人員各項補助,統籌支撥科目主管,公務人員各項補助,公務人員各項補助,公務人員各項補助,統籌支撥科目主管,24.4.1.1
2014,89707050501,1140000000,災害準備金,統籌支撥科目主管,災害準備金,災害準備金,災害準備金,統籌支撥科目主管,24.5.1.1
2014,89707060701,125427000,各類員工待遇準備,統籌支撥科目主管,各類員工待遇準備,各類員工待遇準備,各類員工待遇準備,統籌支撥科目主管,24.6.1.1
2014,61061700101,247706000,行政管理,經濟發展局主管,臺中市政府經濟發展局,一般行政,一般行政,臺中市政府經濟發展局主管,6.1.1.1
2014,61061700201,114030000,工商業規劃與發展,經濟發展局主管,臺中市政府經濟發展局,產業發展與管理,產業發展與管理,臺中市政府經濟發展局主管,6.1.2.1
2014,61061700202,34000000,招商及投資協調,經濟發展局主管,臺中市政府經濟發展局,產業發展與管理,產業發展與管理,臺中市政府經濟發展局主管,6.1.2.2
2014,61061700301,3225000,工業登記及管理,經濟發展局主管,臺中市政府經濟發展局,工業管理及輔導,工業管理及輔導,臺中市政府經濟發展局主管,6.1.3.1
2014,61061700302,179000,產業園區開發及管理,經濟發展局主管,臺中市政府經濟發展局,工業管理及輔導,工業管理及輔導,臺中市政府經濟發展局主管,6.1.3.2
2014,61061700401,2990000,商業登記及管理,經濟發展局主管,臺中市政府經濟發展局,商業管理及輔導,商業管理及輔導,臺中市政府經濟發展局主管,6.1.4.1
2014,61061700402,26345000,商圈管理及輔導,經濟發展局主管,臺中市政府經濟發展局,商業管理及輔導,商業管理及輔導,臺中市政府經濟發展局主管,6.1.4.2
2014,61061700501,2151000,公用事業管理,經濟發展局主管,臺中市政府經濟發展局,公用事業業務,公用事業業務,臺中市政府經濟發展局主管,6.1.5.1
2014,61061700502,2188000,石油管理,經濟發展局主管,臺中市政府經濟發展局,公用事業業務,公用事業業務,臺中市政府經濟發展局主管,6.1.5.2
2014,61061700601,117175000,公民有零售市場管理,經濟發展局主管,臺中市政府經濟發展局,市場管理,市場管理,臺中市政府經濟發展局主管,6.1.6.1
2014,61061700602,191000,批發及肉品市場管理,經濟發展局主管,臺中市政府經濟發展局,市場管理,市場管理,臺中市政府經濟發展局主管,6.1.6.2
2014,61061700603,2330000,攤販管理,經濟發展局主管,臺中市政府經濟發展局,市場管理,市場管理,臺中市政府經濟發展局主管,6.1.6.3
2014,61061707901,2000000,第一預備金,經濟發展局主管,臺中市政府經濟發展局,第一預備金,第一預備金,臺中市政府經濟發展局主管,6.1.7.1
2014,61061709001,315873000,一般建築及設備,經濟發展局主管,臺中市政府經濟發展局,一般建築及設備,一般建築及設備,臺中市政府經濟發展局主管,6.1.8.1
2014,32020020601,75488000,市政綜理,臺中市政府主管,臺中市政府,市政綜理業務,市政綜理業務,臺中市政府主管,2.1.1.1
2014,32020029001,295000,一般建築及設備,臺中市政府主管,臺中市政府,一般建築及設備,一般建築及設備,臺中市政府主管,2.1.2.1
2014,31010010101,282919000,行政管理,臺中市議會主管,臺中市議會,一般行政,一般行政,臺中市議會主管,1.1.1.1
2014,31010010201,31006000,業務管理,臺中市議會主管,臺中市議會,議事業務,議事業務,臺中市議會主管,1.1.2.1
2014,31010010202,37527000,召開會議,臺中市議會主管,臺中市議會,議事業務,議事業務,臺中市議會主管,1.1.2.2
2014,31010010203,378574000,法制研究,臺中市議會主管,臺中市議會,議事業務,議事業務,臺中市議會主管,1.1.2.3
2014,31010010204,24200000,議事錄製及印刷,臺中市議會主管,臺中市議會,議事業務,議事業務,臺中市議會主管,1.1.2.4
2014,31010017901,7500000,第一預備金,臺中市議會主管,臺中市議會,第一預備金,第一預備金,臺中市議會主管,1.1.3.1
2014,31010019001,26315000,一般建築及設備,臺中市議會主管,臺中市議會,一般建築及設備,一般建築及設備,臺中市議會主管,1.1.4.1
2014,70163100101,254140000,行政管理,衛生局主管,臺中市政府衛生局,一般行政,一般行政,臺中市政府衛生局主管,16.1.1.1
2014,70163100201,113372000,疾病管制工作,衛生局主管,臺中市政府衛生局,衛生業務,衛生業務,臺中市政府衛生局主管,16.1.2.1
2014,70163100202,237153000,醫事管理工作,衛生局主管,臺中市政府衛生局,衛生業務,衛生業務,臺中市政府衛生局主管,16.1.2.2
2014,70163100203,30685000,心理健康工作,衛生局主管,臺中市政府衛生局,衛生業務,衛生業務,臺中市政府衛生局主管,16.1.2.3
2014,70163100204,19371000,食品藥物管理工作,衛生局主管,臺中市政府衛生局,衛生業務,衛生業務,臺中市政府衛生局主管,16.1.2.4
2014,70163100205,6253000,衛生稽查管理工作,衛生局主管,臺中市政府衛生局,衛生業務,衛生業務,臺中市政府衛生局主管,16.1.2.5
2014,70163100206,92503000,保健工作,衛生局主管,臺中市政府衛生局,衛生業務,衛生業務,臺中市政府衛生局主管,16.1.2.6
2014,70163100207,40369000,企劃資訊工作,衛生局主管,臺中市政府衛生局,衛生業務,衛生業務,臺中市政府衛生局主管,16.1.2.7
2014,70163100208,9232000,衛生檢驗,衛生局主管,臺中市政府衛生局,衛生業務,衛生業務,臺中市政府衛生局主管,16.1.2.8
2014,70163100301,382684000,一般行政,衛生局主管,臺中市政府衛生局,衛生所業務,衛生所業務,臺中市政府衛生局主管,16.1.3.1
2014,70163100302,11094000,公共衛生,衛生局主管,臺中市政府衛生局,衛生所業務,衛生所業務,臺中市政府衛生局主管,16.1.3.2
2014,70163107901,2000000,第一預備金,衛生局主管,臺中市政府衛生局,第一預備金,第一預備金,臺中市政府衛生局主管,16.1.4.1
2014,70163109001,43607000,一般建築及設備,衛生局主管,臺中市政府衛生局,一般建築及設備,一般建築及設備,臺中市政府衛生局主管,16.1.5.1
2014,61112200101,80782000,行政管理,觀光旅遊局主管,臺中市政府觀光旅遊局,一般行政,一般行政,臺中市政府觀光旅遊局主管,11.1.1.1
2014,61112200701,30259000,觀光工程規劃與管理,觀光旅遊局主管,臺中市政府觀光旅遊局,觀光管理,觀光管理,臺中市政府觀光旅遊局主管,11.1.2.1
2014,61112200702,4049000,觀光產業管理業務,觀光旅遊局主管,臺中市政府觀光旅遊局,觀光管理,觀光管理,臺中市政府觀光旅遊局主管,11.1.2.2
2014,61112200703,9600000,后里馬場經營管理,觀光旅遊局主管,臺中市政府觀光旅遊局,觀光管理,觀光管理,臺中市政府觀光旅遊局主管,11.1.2.3
2014,61112200704,69211000,觀光旅遊行銷與推廣,觀光旅遊局主管,臺中市政府觀光旅遊局,觀光管理,觀光管理,臺中市政府觀光旅遊局主管,11.1.2.4
2014,61112200705,14280000,觀光企劃與發展,觀光旅遊局主管,臺中市政府觀光旅遊局,觀光管理,觀光管理,臺中市政府觀光旅遊局主管,11.1.2.5
2014,61112207901,900000,第一預備金,觀光旅遊局主管,臺中市政府觀光旅遊局,第一預備金,第一預備金,臺中市政府觀光旅遊局主管,11.1.3.1
2014,61112209001,405363000,一般建築及設備,觀光旅遊局主管,臺中市政府觀光旅遊局,一般建築及設備,一般建築及設備,臺中市政府觀光旅遊局主管,11.1.4.1
2014,61112210101,22759000,行政管理,觀光旅遊局主管,臺中市風景區管理所,一般行政,一般行政,臺中市政府觀光旅遊局主管,11.2.1.1
2014,61112210801,12897000,風景區管理,觀光旅遊局主管,臺中市風景區管理所,風景區管理業務,風景區管理業務,臺中市政府觀光旅遊局主管,11.2.2.1
2014,61112219001,31500000,一般建築及設備,觀光旅遊局主管,臺中市風景區管理所,一般建築及設備,一般建築及設備,臺中市政府觀光旅遊局主管,11.2.3.1
2014,77142700101,9464791000,行政管理,警察局主管,臺中市政府警察局,一般行政,一般行政,臺中市政府警察局主管,14.1.1.1
2014,77142700201,1600000,警察行政業務,警察局主管,臺中市政府警察局,警政業務,警政業務,臺中市政府警察局主管,14.1.2.1
2014,77142700202,21578000,保安業務,警察局主管,臺中市政府警察局,警政業務,警政業務,臺中市政府警察局主管,14.1.2.2
2014,77142700203,79198000,犯罪預防業務,警察局主管,臺中市政府警察局,警政業務,警政業務,臺中市政府警察局主管,14.1.2.3
2014,77142700204,0,民防業務,警察局主管,臺中市政府警察局,警政業務,警政業務,臺中市政府警察局主管,14.1.2.4
2014,77142700205,3854000,督察業務,警察局主管,臺中市政府警察局,警政業務,警政業務,臺中市政府警察局主管,14.1.2.5
2014,77142700206,0,戶口業務,警察局主管,臺中市政府警察局,警政業務,警政業務,臺中市政府警察局主管,14.1.2.6
2014,77142700207,274000,保防業務,警察局主管,臺中市政府警察局,警政業務,警政業務,臺中市政府警察局主管,14.1.2.7
2014,77142700208,2648000,訓練業務,警察局主管,臺中市政府警察局,警政業務,警政業務,臺中市政府警察局主管,14.1.2.8
2014,77142700209,400000,外事業務,警察局主管,臺中市政府警察局,警政業務,警政業務,臺中市政府警察局主管,14.1.2.9
2014,77142700210,5465000,勤務指揮業務,警察局主管,臺中市政府警察局,警政業務,警政業務,臺中市政府警察局主管,14.1.2.10
2014,77142700211,4587000,鑑識業務,警察局主管,臺中市政府警察局,警政業務,警政業務,臺中市政府警察局主管,14.1.2.11
2014,77142700212,3353000,民防管制業務,警察局主管,臺中市政府警察局,警政業務,警政業務,臺中市政府警察局主管,14.1.2.12
2014,77142700213,12260000,防治業務,警察局主管,臺中市政府警察局,警政業務,警政業務,臺中市政府警察局主管,14.1.2.13
2014,77142700301,65099000,分局業務,警察局主管,臺中市政府警察局,所屬機關警政業務,所屬機關警政業務,臺中市政府警察局主管,14.1.3.1
2014,77142700302,458000,保安警察業務,警察局主管,臺中市政府警察局,所屬機關警政業務,所屬機關警政業務,臺中市政府警察局主管,14.1.3.2
2014,77142700303,32958000,刑事警察業務,警察局主管,臺中市政府警察局,所屬機關警政業務,所屬機關警政業務,臺中市政府警察局主管,14.1.3.3
2014,77142700304,78564000,交通警察業務,警察局主管,臺中市政府警察局,所屬機關警政業務,所屬機關警政業務,臺中市政府警察局主管,14.1.3.4
2014,77142700305,4941000,少年警察業務,警察局主管,臺中市政府警察局,所屬機關警政業務,所屬機關警政業務,臺中市政府警察局主管,14.1.3.5
2014,77142700306,2040000,婦幼警察業務,警察局主管,臺中市政府警察局,所屬機關警政業務,所屬機關警政業務,臺中市政府警察局主管,14.1.3.6
2014,77142707901,7500000,第一預備金,警察局主管,臺中市政府警察局,第一預備金,第一預備金,臺中市政府警察局主管,14.1.4.1
2014,77142709001,830512000,局本部建築及設備,警察局主管,臺中市政府警察局,一般建築及設備,一般建築及設備,臺中市政府警察局主管,14.1.5.1
2014,77142709002,42311000,分局建築及設備,警察局主管,臺中市政府警察局,一般建築及設備,一般建築及設備,臺中市政府警察局主管,14.1.5.2
2014,77142709003,42610000,直屬隊建築及設備,警察局主管,臺中市政府警察局,一般建築及設備,一般建築及設備,臺中市政府警察局主管,14.1.5.3
2014,33193840101,72630000,行政管理,地政局主管,臺中市豐原地政事務所,一般行政,一般行政,臺中市政府地政局主管,19.5.1.1
2014,33193841302,706000,地價管理,地政局主管,臺中市豐原地政事務所,地政業務,地政業務,臺中市政府地政局主管,19.5.2.1
2014,33193841304,216000,地用管理,地政局主管,臺中市豐原地政事務所,地政業務,地政業務,臺中市政府地政局主管,19.5.2.2
2014,33193841307,4501000,測量管理,地政局主管,臺中市豐原地政事務所,地政業務,地政業務,臺中市政府地政局主管,19.5.2.3
2014,33193841309,1433000,登記管理,地政局主管,臺中市豐原地政事務所,地政業務,地政業務,臺中市政府地政局主管,19.5.2.4
2014,33193849001,1710000,一般建築及設備,地政局主管,臺中市豐原地政事務所,一般建築及設備,一般建築及設備,臺中市政府地政局主管,19.5.3.1
2014,34041500101,127999000,行政管理,財政局主管,臺中市政府財政局,一般行政,一般行政,臺中市政府財政局主管,4.1.1.1
2014,34041500201,2993000,電子資料處理,財政局主管,臺中市政府財政局,財政管理,財政管理,臺中市政府財政局主管,4.1.2.1
2014,34041500202,1791000,財務管理,財政局主管,臺中市政府財政局,財政管理,財政管理,臺中市政府財政局主管,4.1.2.2
2014,34041500203,1020000,公用財產管理,財政局主管,臺中市政府財政局,財政管理,財政管理,臺中市政府財政局主管,4.1.2.3
2014,34041500204,16644000,非公用財產管理,財政局主管,臺中市政府財政局,財政管理,財政管理,臺中市政府財政局主管,4.1.2.4
2014,34041500205,3356000,非公用財產開發,財政局主管,臺中市政府財政局,財政管理,財政管理,臺中市政府財政局主管,4.1.2.5
2014,34041500206,7594000,菸酒管理,財政局主管,臺中市政府財政局,財政管理,財政管理,臺中市政府財政局主管,4.1.2.6
2014,34041500207,5368000,集中支付業務,財政局主管,臺中市政府財政局,財政管理,財政管理,臺中市政府財政局主管,4.1.2.7
2014,34041507901,500000,第一預備金,財政局主管,臺中市政府財政局,第一預備金,第一預備金,臺中市政府財政局主管,4.1.3.1
2014,34041509001,2443000,一般建築及設備,財政局主管,臺中市政府財政局,一般建築及設備,一般建築及設備,臺中市政府財政局主管,4.1.4.1
2014,79041500101,760000000,債務付息,財政局主管,臺中市政府財政局,債務付息,債務付息,臺中市政府財政局主管,4.1.5.1
2014,58102100101,102629000,行政管理,農業局主管,臺中市政府農業局,一般行政,一般行政,臺中市政府農業局主管,10.1.1.1
2014,58102100201,258859000,農政及作物生產輔導,農業局主管,臺中市政府農業局,農業管理與輔導業務,農業管理與輔導業務,臺中市政府農業局主管,10.1.2.1
2014,58102100202,79585000,農會及休閒農業輔導,農業局主管,臺中市政府農業局,農業管理與輔導業務,農業管理與輔導業務,臺中市政府農業局主管,10.1.2.2
2014,58102100203,8355000,畜牧行政輔導,農業局主管,臺中市政府農業局,農業管理與輔導業務,農業管理與輔導業務,臺中市政府農業局主管,10.1.2.3
2014,58102100204,4377000,農地利用與管理,農業局主管,臺中市政府農業局,農業管理與輔導業務,農業管理與輔導業務,臺中市政府農業局主管,10.1.2.4
2014,58102100206,191526000,農產運銷加工輔導,農業局主管,臺中市政府農業局,農業管理與輔導業務,農業管理與輔導業務,臺中市政府農業局主管,10.1.2.5
2014,58102100301,54538000,林政與自然保育管理,農業局主管,臺中市政府農業局,林業與自然保育管理業務,林業與自然保育管理業務,臺中市政府農業局主管,10.1.3.1
2014,58102107901,2500000,第一預備金,農業局主管,臺中市政府農業局,第一預備金,第一預備金,臺中市政府農業局主管,10.1.4.1
2014,58102109001,1180000,一般建築及設備,農業局主管,臺中市政府農業局,一般建築及設備,一般建築及設備,臺中市政府農業局主管,10.1.5.1
2014,66102100101,117180000,農民保險,農業局主管,臺中市政府農業局,農民保險業務,農民保險業務,臺中市政府農業局主管,10.1.6.1
2014,68102100501,1295532000,農民福利,農業局主管,臺中市政府農業局,農民福利業務,農民福利業務,臺中市政府農業局主管,10.1.7.1
2014,58102110101,67784000,行政管理,農業局主管,臺中市動物保護防疫處,一般行政,一般行政,臺中市政府農業局主管,10.2.1.1
2014,58102110701,19470000,動物保護,農業局主管,臺中市動物保護防疫處,動物保護與管理,動物保護與管理,臺中市政府農業局主管,10.2.2.1
2014,58102110702,13420000,動物收容,農業局主管,臺中市動物保護防疫處,動物保護與管理,動物保護與管理,臺中市政府農業局主管,10.2.2.2
2014,58102110703,26839000,獸醫行政,農業局主管,臺中市動物保護防疫處,動物保護與管理,動物保護與管理,臺中市政府農業局主管,10.2.2.3
2014,58102110704,700000,動物生命禮儀,農業局主管,臺中市動物保護防疫處,動物保護與管理,動物保護與管理,臺中市政府農業局主管,10.2.2.4
2014,58102110801,2921000,豬病防疫,農業局主管,臺中市動物保護防疫處,動物防疫與檢驗,動物防疫與檢驗,臺中市政府農業局主管,10.2.3.1
2014,58102110802,470000,病性鑑定及水產防疫,農業局主管,臺中市動物保護防疫處,動物防疫與檢驗,動物防疫與檢驗,臺中市政府農業局主管,10.2.3.2
2014,58102110803,2795000,草食動物禽病防疫,農業局主管,臺中市動物保護防疫處,動物防疫與檢驗,動物防疫與檢驗,臺中市政府農業局主管,10.2.3.3
2014,58102110804,420000,動物藥品管理,農業局主管,臺中市動物保護防疫處,動物防疫與檢驗,動物防疫與檢驗,臺中市政府農業局主管,10.2.3.4
2014,58102119001,17185000,一般建築及設備,農業局主管,臺中市動物保護防疫處,一般建築及設備,一般建築及設備,臺中市政府農業局主管,10.2.4.1
2014,58102120101,11821000,行政管理,農業局主管,臺中市海岸資源漁業發展所,一般行政,一般行政,臺中市政府農業局主管,10.3.1.1
2014,58102120901,16843000,漁業行政及漁港管理,農業局主管,臺中市海岸資源漁業發展所,漁業及海岸管理,漁業及海岸管理,臺中市政府農業局主管,10.3.2.1
2014,58102129001,43150000,一般建築及設備,農業局主管,臺中市海岸資源漁業發展所,一般建築及設備,一般建築及設備,臺中市政府農業局主管,10.3.3.1
2014,59092000101,246973000,行政管理,都市發展局主管,臺中市政府都市發展局,一般行政,一般行政,臺中市政府都市發展局主管,9.1.1.1
2014,59092000102,5582000,充實經建業務設備,都市發展局主管,臺中市政府都市發展局,一般行政,一般行政,臺中市政府都市發展局主管,9.1.1.2
2014,59092000401,2780000,先期發展計畫,都市發展局主管,臺中市政府都市發展局,都市發展,都市發展,臺中市政府都市發展局主管,9.1.2.1
2014,59092000402,2611000,城鄉計畫,都市發展局主管,臺中市政府都市發展局,都市發展,都市發展,臺中市政府都市發展局主管,9.1.2.2
2014,59092000403,30729000,都市設計,都市發展局主管,臺中市政府都市發展局,都市發展,都市發展,臺中市政府都市發展局主管,9.1.2.3
2014,59092000404,1255000,都市更新,都市發展局主管,臺中市政府都市發展局,都市發展,都市發展,臺中市政府都市發展局主管,9.1.2.4
2014,59092000405,3328000,都計測量,都市發展局主管,臺中市政府都市發展局,都市發展,都市發展,臺中市政府都市發展局主管,9.1.2.5
2014,59092000501,20968000,都市修復,都市發展局主管,臺中市政府都市發展局,建管業務,建管業務,臺中市政府都市發展局主管,9.1.3.1
2014,59092000502,5281000,建照審核及管理,都市發展局主管,臺中市政府都市發展局,建管業務,建管業務,臺中市政府都市發展局主管,9.1.3.2
2014,59092000503,2736000,營造及施工管理,都市發展局主管,臺中市政府都市發展局,建管業務,建管業務,臺中市政府都市發展局主管,9.1.3.3
2014,59092000504,16914000,建築物安全檢查及使用管理,都市發展局主管,臺中市政府都市發展局,建管業務,建管業務,臺中市政府都市發展局主管,9.1.3.4
2014,59092000505,16838000,住屋管理,都市發展局主管,臺中市政府都市發展局,建管業務,建管業務,臺中市政府都市發展局主管,9.1.3.5
2014,59092000506,14491000,招牌廣告物管理,都市發展局主管,臺中市政府都市發展局,建管業務,建管業務,臺中市政府都市發展局主管,9.1.3.6
2014,59092000507,294636000,充實經建業務設備,都市發展局主管,臺中市政府都市發展局,建管業務,建管業務,臺中市政府都市發展局主管,9.1.3.7
2014,59092007901,1000000,第一預備金,都市發展局主管,臺中市政府都市發展局,第一預備金,第一預備金,臺中市政府都市發展局主管,9.1.4.1
2014,33193880101,67142000,行政管理,地政局主管,臺中市雅潭地政事務所,一般行政,一般行政,臺中市政府地政局主管,19.9.1.1
2014,33193881302,300000,地價管理,地政局主管,臺中市雅潭地政事務所,地政業務,地政業務,臺中市政府地政局主管,19.9.2.1
2014,33193881304,54000,地用管理,地政局主管,臺中市雅潭地政事務所,地政業務,地政業務,臺中市政府地政局主管,19.9.2.2
2014,33193881307,4178000,測量管理,地政局主管,臺中市雅潭地政事務所,地政業務,地政業務,臺中市政府地政局主管,19.9.2.3
2014,33193881309,686000,登記管理,地政局主管,臺中市雅潭地政事務所,地政業務,地政業務,臺中市政府地政局主管,19.9.2.4
2014,33193889001,2900000,一般建築及設備,地政局主管,臺中市雅潭地政事務所,一般建築及設備,一般建築及設備,臺中市政府地政局主管,19.9.3.1
2014,33193910101,36201000,行政管理,地政局主管,臺中市龍井地政事務所,一般行政,一般行政,臺中市政府地政局主管,19.12.1.1
2014,33193911302,211000,地價管理,地政局主管,臺中市龍井地政事務所,地政業務,地政業務,臺中市政府地政局主管,19.12.2.1
2014,33193911304,33000,地用管理,地政局主管,臺中市龍井地政事務所,地政業務,地政業務,臺中市政府地政局主管,19.12.2.2
2014,33193911307,788000,測量管理,地政局主管,臺中市龍井地政事務所,地政業務,地政業務,臺中市政府地政局主管,19.12.2.3
2014,33193911309,454000,登記管理,地政局主管,臺中市龍井地政事務所,地政業務,地政業務,臺中市政府地政局主管,19.12.2.4
2014,33193919001,830000,一般建築及設備,地政局主管,臺中市龍井地政事務所,一般建築及設備,一般建築及設備,臺中市政府地政局主管,19.12.3.1