year,code,amount,name,topname,depname,cat,ref
2016,110101,198789794,行政管理,市議會主管,市議會,市議會主管,1.1.1.1
2016,110201,104793610,大會議事工作,市議會主管,市議會,市議會主管,1.1.2.1
2016,110202,454816327,經常議事工作,市議會主管,市議會,市議會主管,1.1.2.2
2016,113401,35616568,公共關係,市議會主管,市議會,市議會主管,1.1.3.1
2016,117104,12004500,其他設備,市議會主管,市議會,市議會主管,1.1.4.1
2016,117102,0,營建工程,市議會主管,市議會,市議會主管,1.1.4.2
2016,114101,6680000,第一預備金,市議會主管,市議會,市議會主管,1.1.5.1
2016,120101,177080164,行政管理,市政府主管,秘書處,市政府主管,2.1.1.1
2016,120201,62588827,市政綜理,市政府主管,秘書處,市政府主管,2.1.2.1
2016,120301,7694318,為民服務,市政府主管,秘書處,市政府主管,2.1.3.1
2016,123401,25862919,公共關係,市政府主管,秘書處,市政府主管,2.1.4.1
2016,220501,19142951,發布市政新聞,市政府主管,秘書處,市政府主管,2.1.5.1
2016,127102,699475,營建工程,市政府主管,秘書處,市政府主管,2.1.6.1
2016,127104,1235272,其他設備,市政府主管,秘書處,市政府主管,2.1.6.2
2016,127103,0,交通及運輸設備,市政府主管,秘書處,市政府主管,2.1.6.3
2016,124101,3900000,第一預備金,市政府主管,秘書處,市政府主管,2.1.7.1
2016,120101,21657828,行政管理,市政府主管,市政大樓公共事務管理中,市政府主管,2.2.1.1
2016,120201,62393825,事務管理,市政府主管,市政大樓公共事務管理中,市政府主管,2.2.2.1
2016,120202,152437971,機電設備管理,市政府主管,市政大樓公共事務管理中,市政府主管,2.2.2.2
2016,120203,61716550,安全防護管理,市政府主管,市政大樓公共事務管理中,市政府主管,2.2.2.3
2016,127102,86341630,營建工程,市政府主管,市政大樓公共事務管理中,市政府主管,2.2.3.1
2016,127104,23446868,其他設備,市政府主管,市政大樓公共事務管理中,市政府主管,2.2.3.2
2016,120101,54149899,行政管理,市政府主管,主計處,市政府主管,2.3.1.1
2016,120201,23331029,總預算核編及督導執,市政府主管,主計處,市政府主管,2.3.2.1
2016,120202,14579384,附屬及特別預算核編,市政府主管,主計處,市政府主管,2.3.2.2
2016,120203,16775564,總會計事務處理及總,市政府主管,主計處,市政府主管,2.3.2.3
2016,120301,13726459,公務統計,市政府主管,主計處,市政府主管,2.3.3.1
2016,120302,40075251,經濟統計,市政府主管,主計處,市政府主管,2.3.3.2
2016,127104,551200,其他設備,市政府主管,主計處,市政府主管,2.3.4.1
2016,127103,0,交通及運輸設備,市政府主管,主計處,市政府主管,2.3.4.2
2016,124101,600000,第一預備金,市政府主管,主計處,市政府主管,2.3.5.1
2016,120101,40725212,行政管理,市政府主管,人事處,市政府主管,2.4.1.1
2016,120201,13227081,組織及管理,市政府主管,人事處,市政府主管,2.4.2.1
2016,120301,15051196,任免考試,市政府主管,人事處,市政府主管,2.4.3.1
2016,120401,15998002,考核訓練,市政府主管,人事處,市政府主管,2.4.4.1
2016,120501,20386107,待遇福利及退休撫卹,市政府主管,人事處,市政府主管,2.4.5.1
2016,120601,21816008,人事資訊管理,市政府主管,人事處,市政府主管,2.4.6.1
2016,127104,649000,其他設備,市政府主管,人事處,市政府主管,2.4.7.1
2016,127102,821748,營建工程,市政府主管,人事處,市政府主管,2.4.7.2
2016,124101,300000,第一預備金,市政府主管,人事處,市政府主管,2.4.8.1
2016,120101,27872503,行政管理,市政府主管,政風處,市政府主管,2.5.1.1
2016,120201,9067993,政風組織及維護管理,市政府主管,政風處,市政府主管,2.5.2.1
2016,120301,15954820,政風查處,市政府主管,政風處,市政府主管,2.5.3.1
2016,120401,17393279,貪瀆預防及法令宣導,市政府主管,政風處,市政府主管,2.5.4.1
2016,127103,0,交通及運輸設備,市政府主管,政風處,市政府主管,2.5.5.1
2016,127104,492683,其他設備,市政府主管,政風處,市政府主管,2.5.5.2
2016,124101,200000,第一預備金,市政府主管,政風處,市政府主管,2.5.6.1
2016,210101,38074380,行政管理,市政府主管,公務人員訓練處,市政府主管,2.6.1.1
2016,212601,94536012,在職訓練,市政府主管,公務人員訓練處,市政府主管,2.6.2.1
2016,217102,10128898,營建工程,市政府主管,公務人員訓練處,市政府主管,2.6.3.1
2016,217104,1710364,其他設備,市政府主管,公務人員訓練處,市政府主管,2.6.3.2
2016,214101,225000,第一預備金,市政府主管,公務人員訓練處,市政府主管,2.6.4.1
2016,120101,27190702,行政管理,市政府主管,研究發展考核委員會,市政府主管,2.7.1.1
2016,120201,18122529,市政研究發展及革新,市政府主管,研究發展考核委員會,市政府主管,2.7.2.1
2016,120301,15518619,施政計畫管制考核,市政府主管,研究發展考核委員會,市政府主管,2.7.3.1
2016,120401,12981143,為民服務暨公文查核,市政府主管,研究發展考核委員會,市政府主管,2.7.4.1
2016,120501,8656524,資料及資訊管理,市政府主管,研究發展考核委員會,市政府主管,2.7.5.1
2016,120601,17020026,計畫評估及編審,市政府主管,研究發展考核委員會,市政府主管,2.7.6.1
2016,120701,95856588,話務管理,市政府主管,研究發展考核委員會,市政府主管,2.7.7.1
2016,127104,482200,其他設備,市政府主管,研究發展考核委員會,市政府主管,2.7.8.1
2016,124101,800000,第一預備金,市政府主管,研究發展考核委員會,市政府主管,2.7.9.1
2016,340101,7288360,行政管理,市政府主管,都市計畫委員會,市政府主管,2.8.1.1
2016,340201,9975401,都市計畫審議,市政府主管,都市計畫委員會,市政府主管,2.8.2.1
2016,347104,528400,其他設備,市政府主管,都市計畫委員會,市政府主管,2.8.3.1
2016,344101,50000,第一預備金,市政府主管,都市計畫委員會,市政府主管,2.8.4.1
2016,130101,12442370,行政管理,市政府主管,原住民族事務委員會,市政府主管,2.9.1.1
2016,130201,19147237,綜合企劃業務,市政府主管,原住民族事務委員會,市政府主管,2.9.2.1
2016,130301,65586577,原住民教育文化業務,市政府主管,原住民族事務委員會,市政府主管,2.9.3.1
2016,130401,22661003,原住民經濟建設業務,市政府主管,原住民族事務委員會,市政府主管,2.9.4.1
2016,130501,90163014,原住民社會福利業務,市政府主管,原住民族事務委員會,市政府主管,2.9.5.1
2016,137102,19995400,營建工程,市政府主管,原住民族事務委員會,市政府主管,2.9.6.1
2016,137104,1490720,其他設備,市政府主管,原住民族事務委員會,市政府主管,2.9.6.2
2016,134101,500000,第一預備金,市政府主管,原住民族事務委員會,市政府主管,2.9.7.1
2016,220101,22875292,行政管理,市政府主管,客家事務委員會,市政府主管,2.10.1.1
2016,220201,94216642,研究發展業務,市政府主管,客家事務委員會,市政府主管,2.10.2.1
2016,220301,68341931,文教推廣業務,市政府主管,客家事務委員會,市政府主管,2.10.3.1
2016,227102,1680000,營建工程,市政府主管,客家事務委員會,市政府主管,2.10.4.1
2016,227104,2832900,其他設備,市政府主管,客家事務委員會,市政府主管,2.10.4.2
2016,224101,600000,第一預備金,市政府主管,客家事務委員會,市政府主管,2.10.5.1
2016,130101,44645917,行政管理,市政府主管,松山區公所,市政府主管,2.11.1.1
2016,132801,150129947,區政管理,市政府主管,松山區公所,市政府主管,2.11.2.1
2016,133902,8939328,接受中央各部會補助,市政府主管,松山區公所,市政府主管,2.11.3.1
2016,137102,18959358,營建工程,市政府主管,松山區公所,市政府主管,2.11.4.1
2016,137103,63000,交通及運輸設備,市政府主管,松山區公所,市政府主管,2.11.4.2
2016,137104,675630,其他設備,市政府主管,松山區公所,市政府主管,2.11.4.3
2016,134101,800000,第一預備金,市政府主管,松山區公所,市政府主管,2.11.5.1
2016,137501,0,道路及橋樑工程,市政府主管,松山區公所,市政府主管,2.11.6.1
2016,517701,0,公園及綠化工程,市政府主管,松山區公所,市政府主管,2.11.7.1
2016,130101,49385953,行政管理,市政府主管,信義區公所,市政府主管,2.12.1.1
2016,132801,166103407,區政管理,市政府主管,信義區公所,市政府主管,2.12.2.1
2016,133902,448500,接受中央各部會補助,市政府主管,信義區公所,市政府主管,2.12.3.1
2016,137102,12981623,營建工程,市政府主管,信義區公所,市政府主管,2.12.4.1
2016,137104,1887380,其他設備,市政府主管,信義區公所,市政府主管,2.12.4.2
2016,134101,800000,第一預備金,市政府主管,信義區公所,市政府主管,2.12.5.1
2016,137501,0,道路及橋樑工程,市政府主管,信義區公所,市政府主管,2.12.6.1
2016,517701,0,公園及綠化工程,市政府主管,信義區公所,市政府主管,2.12.7.1
2016,130101,54345759,行政管理,市政府主管,大安區公所,市政府主管,2.13.1.1
2016,132801,195752490,區政管理,市政府主管,大安區公所,市政府主管,2.13.2.1
2016,133902,448500,接受中央各部會補助,市政府主管,大安區公所,市政府主管,2.13.3.1
2016,137102,251120,營建工程,市政府主管,大安區公所,市政府主管,2.13.4.1
2016,137104,2049454,其他設備,市政府主管,大安區公所,市政府主管,2.13.4.2
2016,134101,800000,第一預備金,市政府主管,大安區公所,市政府主管,2.13.5.1
2016,137501,0,道路及橋樑工程,市政府主管,大安區公所,市政府主管,2.13.6.1
2016,517701,0,公園及綠化工程,市政府主管,大安區公所,市政府主管,2.13.7.1
2016,130101,51989129,行政管理,市政府主管,中山區公所,市政府主管,2.14.1.1
2016,132801,166786467,區政管理,市政府主管,中山區公所,市政府主管,2.14.2.1
2016,133902,13597348,接受中央各部會補助,市政府主管,中山區公所,市政府主管,2.14.3.1
2016,137102,5212072,營建工程,市政府主管,中山區公所,市政府主管,2.14.4.1
2016,137104,1347517,其他設備,市政府主管,中山區公所,市政府主管,2.14.4.2
2016,134101,800000,第一預備金,市政府主管,中山區公所,市政府主管,2.14.5.1
2016,137501,0,道路及橋樑工程,市政府主管,中山區公所,市政府主管,2.14.6.1
2016,517701,0,公園及綠化工程,市政府主管,中山區公所,市政府主管,2.14.7.1
2016,130101,42005073,行政管理,市政府主管,中正區公所,市政府主管,2.15.1.1
2016,132801,124202634,區政管理,市政府主管,中正區公所,市政府主管,2.15.2.1
2016,133902,448500,接受中央各部會補助,市政府主管,中正區公所,市政府主管,2.15.3.1
2016,137102,37115653,營建工程,市政府主管,中正區公所,市政府主管,2.15.4.1
2016,137104,1485565,其他設備,市政府主管,中正區公所,市政府主管,2.15.4.2
2016,134101,800000,第一預備金,市政府主管,中正區公所,市政府主管,2.15.5.1
2016,137501,0,道路及橋樑工程,市政府主管,中正區公所,市政府主管,2.15.6.1
2016,517701,0,公園及綠化工程,市政府主管,中正區公所,市政府主管,2.15.7.1
2016,130101,51833411,行政管理,市政府主管,大同區公所,市政府主管,2.16.1.1
2016,132801,99444494,區政管理,市政府主管,大同區公所,市政府主管,2.16.2.1
2016,133902,3421635,接受中央各部會補助,市政府主管,大同區公所,市政府主管,2.16.3.1
2016,137102,11659224,營建工程,市政府主管,大同區公所,市政府主管,2.16.4.1
2016,137104,742500,其他設備,市政府主管,大同區公所,市政府主管,2.16.4.2
2016,134101,800000,第一預備金,市政府主管,大同區公所,市政府主管,2.16.5.1
2016,137501,0,道路及橋樑工程,市政府主管,大同區公所,市政府主管,2.16.6.1
2016,517701,0,公園及綠化工程,市政府主管,大同區公所,市政府主管,2.16.7.1
2016,130101,67720203,行政管理,市政府主管,萬華區公所,市政府主管,2.17.1.1
2016,132801,142503839,區政管理,市政府主管,萬華區公所,市政府主管,2.17.2.1
2016,133902,448500,接受中央各部會補助,市政府主管,萬華區公所,市政府主管,2.17.3.1
2016,137102,9982153,營建工程,市政府主管,萬華區公所,市政府主管,2.17.4.1
2016,137104,2161700,其他設備,市政府主管,萬華區公所,市政府主管,2.17.4.2
2016,134101,800000,第一預備金,市政府主管,萬華區公所,市政府主管,2.17.5.1
2016,137501,0,道路及橋樑工程,市政府主管,萬華區公所,市政府主管,2.17.6.1
2016,517701,0,公園及綠化工程,市政府主管,萬華區公所,市政府主管,2.17.7.1
2016,130101,52758857,行政管理,市政府主管,文山區公所,市政府主管,2.18.1.1
2016,132801,174966220,區政管理,市政府主管,文山區公所,市政府主管,2.18.2.1
2016,133902,448500,接受中央各部會補助,市政府主管,文山區公所,市政府主管,2.18.3.1
2016,137102,8704843,營建工程,市政府主管,文山區公所,市政府主管,2.18.4.1
2016,137104,1945076,其他設備,市政府主管,文山區公所,市政府主管,2.18.4.2
2016,137103,0,交通及運輸設備,市政府主管,文山區公所,市政府主管,2.18.4.3
2016,134101,800000,第一預備金,市政府主管,文山區公所,市政府主管,2.18.5.1
2016,137501,0,道路及橋樑工程,市政府主管,文山區公所,市政府主管,2.18.6.1
2016,517701,0,公園及綠化工程,市政府主管,文山區公所,市政府主管,2.18.7.1
2016,130101,44920756,行政管理,市政府主管,南港區公所,市政府主管,2.19.1.1
2016,132801,92680106,區政管理,市政府主管,南港區公所,市政府主管,2.19.2.1
2016,133902,1424590,接受中央各部會補助,市政府主管,南港區公所,市政府主管,2.19.3.1
2016,137102,12600000,營建工程,市政府主管,南港區公所,市政府主管,2.19.4.1
2016,137104,694675,其他設備,市政府主管,南港區公所,市政府主管,2.19.4.3
2016,134101,800000,第一預備金,市政府主管,南港區公所,市政府主管,2.19.5.1
2016,137501,0,道路及橋樑工程,市政府主管,南港區公所,市政府主管,2.19.6.1
2016,517701,0,公園及綠化工程,市政府主管,南港區公所,市政府主管,2.19.7.1
2016,130101,50082129,行政管理,市政府主管,內湖區公所,市政府主管,2.20.1.1
2016,132801,166084397,區政管理,市政府主管,內湖區公所,市政府主管,2.20.2.1
2016,133902,5948967,接受中央各部會補助,市政府主管,內湖區公所,市政府主管,2.20.3.1
2016,137102,7634069,營建工程,市政府主管,內湖區公所,市政府主管,2.20.4.1
2016,137104,852730,其他設備,市政府主管,內湖區公所,市政府主管,2.20.4.2
2016,134101,800000,第一預備金,市政府主管,內湖區公所,市政府主管,2.20.5.1
2016,137501,0,道路及橋樑工程,市政府主管,內湖區公所,市政府主管,2.20.6.1
2016,517701,0,公園及綠化工程,市政府主管,內湖區公所,市政府主管,2.20.7.1
2016,130101,53052237,行政管理,市政府主管,士林區公所,市政府主管,2.21.1.1
2016,132801,196147390,區政管理,市政府主管,士林區公所,市政府主管,2.21.2.1
2016,133902,448500,接受中央各部會補助,市政府主管,士林區公所,市政府主管,2.21.3.1
2016,137102,4323323,營建工程,市政府主管,士林區公所,市政府主管,2.21.4.1
2016,137104,1112150,其他設備,市政府主管,士林區公所,市政府主管,2.21.4.2
2016,134101,800000,第一預備金,市政府主管,士林區公所,市政府主管,2.21.5.1
2016,137501,0,道路及橋樑工程,市政府主管,士林區公所,市政府主管,2.21.6.1
2016,517701,0,公園及綠化工程,市政府主管,士林區公所,市政府主管,2.21.7.1
2016,130101,51026220,行政管理,市政府主管,北投區公所,市政府主管,2.22.1.1
2016,132801,166776593,區政管理,市政府主管,北投區公所,市政府主管,2.22.2.1
2016,133902,448500,接受中央各部會補助,市政府主管,北投區公所,市政府主管,2.22.3.1
2016,137102,8469952,營建工程,市政府主管,北投區公所,市政府主管,2.22.4.1
2016,137104,2023249,其他設備,市政府主管,北投區公所,市政府主管,2.22.4.2
2016,134101,800000,第一預備金,市政府主管,北投區公所,市政府主管,2.22.5.1
2016,137501,0,道路及橋樑工程,市政府主管,北投區公所,市政府主管,2.22.6.1
2016,517701,0,公園及綠化工程,市政府主管,北投區公所,市政府主管,2.22.7.1
2016,130101,86038556,行政管理,民政局主管,民政局,民政局主管,3.1.1.1
2016,130201,13502707,區政監督及區里組織,民政局主管,民政局,民政局主管,3.1.2.1
2016,130301,155695470,推行自治行政暨基層,民政局主管,民政局,民政局主管,3.1.3.1
2016,130302,14559638,民生社區中心管理,民政局主管,民政局,民政局主管,3.1.3.2
2016,220401,107620157,禮俗宗教業務,民政局主管,民政局,民政局主管,3.1.4.1
2016,133201,44575508,戶籍業務,民政局主管,民政局,民政局主管,3.1.5.1
2016,130601,601373346,人口政策業務,民政局主管,民政局,民政局主管,3.1.6.1
2016,137102,29118043,營建工程,民政局主管,民政局,民政局主管,3.1.7.1
2016,137104,4162670,其他設備,民政局主管,民政局,民政局主管,3.1.7.2
2016,137103,0,交通及運輸設備,民政局主管,民政局,民政局主管,3.1.7.3
2016,134101,7000000,第一預備金,民政局主管,民政局,民政局主管,3.1.8.1
2016,220101,11819906,行政管理,民政局主管,孔廟管理委員會,民政局主管,3.2.1.1
2016,220201,4570854,祭典工作,民政局主管,孔廟管理委員會,民政局主管,3.2.2.1
2016,220202,17751271,孔廟管理,民政局主管,孔廟管理委員會,民政局主管,3.2.2.2
2016,227102,1680254,營建工程,民政局主管,孔廟管理委員會,民政局主管,3.2.3.1
2016,227104,468310,其他設備,民政局主管,孔廟管理委員會,民政局主管,3.2.3.2
2016,220101,90941097,行政管理,民政局主管,殯葬管理處,民政局主管,3.3.1.1
2016,220201,225297178,殯殮管理,民政局主管,殯葬管理處,民政局主管,3.3.2.1
2016,220301,59192957,埋葬管理,民政局主管,殯葬管理處,民政局主管,3.3.3.1
2016,220401,67873374,火葬管理,民政局主管,殯葬管理處,民政局主管,3.3.4.1
2016,220501,9539846,設置規劃管理,民政局主管,殯葬管理處,民政局主管,3.3.5.1
2016,227102,442808834,營建工程,民政局主管,殯葬管理處,民政局主管,3.3.6.1
2016,227104,18640818,其他設備,民政局主管,殯葬管理處,民政局主管,3.3.6.2
2016,130101,10647482,行政管理,民政局主管,松山區戶政事務所,民政局主管,3.4.1.1
2016,133202,51511847,戶籍登記及管理,民政局主管,松山區戶政事務所,民政局主管,3.4.2.1
2016,137102,292031,營建工程,民政局主管,松山區戶政事務所,民政局主管,3.4.3.1
2016,137104,552600,其他設備,民政局主管,松山區戶政事務所,民政局主管,3.4.3.2
2016,130101,8552073,行政管理,民政局主管,信義區戶政事務所,民政局主管,3.5.1.1
2016,133202,58245510,戶籍登記及管理,民政局主管,信義區戶政事務所,民政局主管,3.5.2.1
2016,137102,1828676,營建工程,民政局主管,信義區戶政事務所,民政局主管,3.5.3.1
2016,137104,360553,其他設備,民政局主管,信義區戶政事務所,民政局主管,3.5.3.2
2016,130101,11924415,行政管理,民政局主管,大安區戶政事務所,民政局主管,3.6.1.1
2016,133202,80389788,戶籍登記及管理,民政局主管,大安區戶政事務所,民政局主管,3.6.2.1
2016,137104,843900,其他設備,民政局主管,大安區戶政事務所,民政局主管,3.6.3.1
2016,130101,10794019,行政管理,民政局主管,中山區戶政事務所,民政局主管,3.7.1.1
2016,133202,58543687,戶籍登記及管理,民政局主管,中山區戶政事務所,民政局主管,3.7.2.1
2016,137102,605053,營建工程,民政局主管,中山區戶政事務所,民政局主管,3.7.3.1
2016,137104,446141,其他設備,民政局主管,中山區戶政事務所,民政局主管,3.7.3.2
2016,130101,9368885,行政管理,民政局主管,中正區戶政事務所,民政局主管,3.8.1.1
2016,133202,46925136,戶籍登記及管理,民政局主管,中正區戶政事務所,民政局主管,3.8.2.1
2016,137102,24321526,營建工程,民政局主管,中正區戶政事務所,民政局主管,3.8.3.1
2016,137104,369300,其他設備,民政局主管,中正區戶政事務所,民政局主管,3.8.3.2
2016,130101,11588374,行政管理,民政局主管,大同區戶政事務所,民政局主管,3.9.1.1
2016,133202,35568018,戶籍登記及管理,民政局主管,大同區戶政事務所,民政局主管,3.9.2.1
2016,137104,622855,其他設備,民政局主管,大同區戶政事務所,民政局主管,3.9.3.1
2016,137102,0,營建工程,民政局主管,大同區戶政事務所,民政局主管,3.9.3.2
2016,130101,7115001,行政管理,民政局主管,南港區戶政事務所,民政局主管,3.10.1.1
2016,133202,31339204,戶籍登記及管理,民政局主管,南港區戶政事務所,民政局主管,3.10.2.1
2016,137104,637745,其他設備,民政局主管,南港區戶政事務所,民政局主管,3.10.3.1
2016,137102,0,營建工程,民政局主管,南港區戶政事務所,民政局主管,3.10.3.2
2016,130101,9053563,行政管理,民政局主管,內湖區戶政事務所,民政局主管,3.11.1.1
2016,133202,52296732,戶籍登記及管理,民政局主管,內湖區戶政事務所,民政局主管,3.11.2.1
2016,137102,731217,營建工程,民政局主管,內湖區戶政事務所,民政局主管,3.11.3.1
2016,137104,673500,其他設備,民政局主管,內湖區戶政事務所,民政局主管,3.11.3.2
2016,130101,7838396,行政管理,民政局主管,士林區戶政事務所,民政局主管,3.12.1.1
2016,133202,69059054,戶籍登記及管理,民政局主管,士林區戶政事務所,民政局主管,3.12.2.1
2016,137104,312384,其他設備,民政局主管,士林區戶政事務所,民政局主管,3.12.3.1
2016,130101,8779619,行政管理,民政局主管,北投區戶政事務所,民政局主管,3.13.1.1
2016,133202,54538492,戶籍登記及管理,民政局主管,北投區戶政事務所,民政局主管,3.13.2.1
2016,137104,485299,其他設備,民政局主管,北投區戶政事務所,民政局主管,3.13.3.1
2016,130101,10342525,行政管理,民政局主管,萬華區戶政事務所,民政局主管,3.14.1.1
2016,133202,54405979,戶籍登記及管理,民政局主管,萬華區戶政事務所,民政局主管,3.14.2.1
2016,137104,339978,其他設備,民政局主管,萬華區戶政事務所,民政局主管,3.14.3.1
2016,137103,0,交通及運輸設備,民政局主管,萬華區戶政事務所,民政局主管,3.14.3.2
2016,130101,11940081,行政管理,民政局主管,文山區戶政事務所,民政局主管,3.15.1.1
2016,133202,58895487,戶籍登記及管理,民政局主管,文山區戶政事務所,民政局主管,3.15.2.1
2016,137102,6630765,營建工程,民政局主管,文山區戶政事務所,民政局主管,3.15.3.1
2016,137104,532000,其他設備,民政局主管,文山區戶政事務所,民政局主管,3.15.3.2
2016,140101,81273939,行政管理,財政局主管,財政局,財政局主管,4.1.1.1
2016,140201,480003103,財政管理,財政局主管,財政局,財政局主管,4.1.2.1
2016,140202,20037257,電子資料處理,財政局主管,財政局,財政局主管,4.1.2.2
2016,813701,2419648273,債務付息,財政局主管,財政局,財政局主管,4.1.3.1
2016,823801,3255000,債務管理,財政局主管,財政局,財政局主管,4.1.4.1
2016,147101,6144837,土地購置,財政局主管,財政局,財政局主管,4.1.5.1
2016,147102,22844561,營建工程,財政局主管,財政局,財政局主管,4.1.5.2
2016,147103,2893440,交通及運輸設備,財政局主管,財政局,財政局主管,4.1.5.3
2016,147104,2271000,其他設備,財政局主管,財政局,財政局主管,4.1.5.4
2016,144101,4000000,第一預備金,財政局主管,財政局,財政局主管,4.1.6.1
2016,140101,166102705,行政管理,財政局主管,稅捐稽徵處,財政局主管,4.2.1.1
2016,140201,366667446,財產稅稽徵,財政局主管,稅捐稽徵處,財政局主管,4.2.2.1
2016,140202,66637745,機會稅稽徵,財政局主管,稅捐稽徵處,財政局主管,4.2.2.2
2016,140203,217233609,稅務管理,財政局主管,稅捐稽徵處,財政局主管,4.2.2.3
2016,140204,16232934,違章及行政救濟,財政局主管,稅捐稽徵處,財政局主管,4.2.2.4
2016,140205,83767700,電子資料處理,財政局主管,稅捐稽徵處,財政局主管,4.2.2.5
2016,147101,100000,土地購置,財政局主管,稅捐稽徵處,財政局主管,4.2.3.1
2016,147102,7107397,營建工程,財政局主管,稅捐稽徵處,財政局主管,4.2.3.2
2016,147104,2407780,其他設備,財政局主管,稅捐稽徵處,財政局主管,4.2.3.3
2016,147103,0,交通及運輸設備,財政局主管,稅捐稽徵處,財政局主管,4.2.3.4
2016,210201,48084401086,各項教育業務,教育局主管,教育局,教育局主管,5.1.1.1
2016,210202,4525667329,各項教育建設工程及,教育局主管,教育局,教育局主管,5.1.1.2
2016,219113,101300000,校務發展基金,教育局主管,教育局,教育局主管,5.1.2.1
2016,214101,10000000,第一預備金,教育局主管,教育局,教育局主管,5.1.3.1
2016,220101,72587313,行政管理,教育局主管,市立圖書館,教育局主管,5.2.1.1
2016,220201,38424298,圖書採編,教育局主管,市立圖書館,教育局主管,5.2.2.1
2016,220202,43865737,閱覽典藏,教育局主管,市立圖書館,教育局主管,5.2.2.2
2016,220203,9095889,諮詢服務,教育局主管,市立圖書館,教育局主管,5.2.2.3
2016,220204,15046041,社教推廣,教育局主管,市立圖書館,教育局主管,5.2.2.4
2016,220205,5790019,視聽業務,教育局主管,市立圖書館,教育局主管,5.2.2.5
2016,220206,21024018,資訊業務,教育局主管,市立圖書館,教育局主管,5.2.2.6
2016,220301,273859896,圖書分館工作,教育局主管,市立圖書館,教育局主管,5.2.3.1
2016,227102,66739308,營建工程,教育局主管,市立圖書館,教育局主管,5.2.4.1
2016,227104,111106365,其他設備,教育局主管,市立圖書館,教育局主管,5.2.4.2
2016,220101,51813029,行政管理,教育局主管,市立動物園,教育局主管,5.3.1.1
2016,220201,174032276,動物保育展示,教育局主管,市立動物園,教育局主管,5.3.2.1
2016,220202,63955559,環境生態保育,教育局主管,市立動物園,教育局主管,5.3.2.2
2016,220203,45249067,教育推廣,教育局主管,市立動物園,教育局主管,5.3.2.3
2016,220204,24831510,動物醫療保健,教育局主管,市立動物園,教育局主管,5.3.2.4
2016,220205,74177634,遊客服務,教育局主管,市立動物園,教育局主管,5.3.2.5
2016,220206,85278818,機械及設備維護,教育局主管,市立動物園,教育局主管,5.3.2.6
2016,227102,85155677,營建工程,教育局主管,市立動物園,教育局主管,5.3.3.1
2016,227103,34806000,交通及運輸設備,教育局主管,市立動物園,教育局主管,5.3.3.2
2016,227104,27211580,其他設備,教育局主管,市立動物園,教育局主管,5.3.3.3
2016,220101,79321843,行政管理,教育局主管,市立天文科學教育館,教育局主管,5.4.1.1
2016,220201,8105310,研究教育,教育局主管,市立天文科學教育館,教育局主管,5.4.2.1
2016,220202,15202833,推廣教育,教育局主管,市立天文科學教育館,教育局主管,5.4.2.2
2016,220203,29887318,展示教育,教育局主管,市立天文科學教育館,教育局主管,5.4.2.3
2016,220204,30208268,視聽教育,教育局主管,市立天文科學教育館,教育局主管,5.4.2.4
2016,227102,46184220,營建工程,教育局主管,市立天文科學教育館,教育局主管,5.4.3.1
2016,227104,7940455,其他設備,教育局主管,市立天文科學教育館,教育局主管,5.4.3.2
2016,220101,4797299,行政管理,教育局主管,家庭教育中心,教育局主管,5.5.1.1
2016,220201,23288910,推展家庭教育,教育局主管,家庭教育中心,教育局主管,5.5.2.1
2016,227104,327647,其他設備,教育局主管,家庭教育中心,教育局主管,5.5.3.1
2016,220101,101664928,行政管理,教育局主管,青少年發展處,教育局主管,5.6.1.1
2016,220301,4876068,綜合企劃,教育局主管,青少年發展處,教育局主管,5.6.2.1
2016,220302,8396746,交流服務,教育局主管,青少年發展處,教育局主管,5.6.2.2
2016,220303,11918040,推廣教育,教育局主管,青少年發展處,教育局主管,5.6.2.3
2016,220304,12455668,場館營運,教育局主管,青少年發展處,教育局主管,5.6.2.4
2016,227102,12148761,營建工程,教育局主管,青少年發展處,教育局主管,5.6.3.1
2016,227104,2916920,其他設備,教育局主管,青少年發展處,教育局主管,5.6.3.2
2016,310101,85097247,行政管理,產業發展局主管,產業發展局,產業發展局主管,6.1.1.1
2016,320201,74103715,工商輔導及管理,產業發展局主管,產業發展局,產業發展局主管,6.1.2.1
2016,320202,106987834,科技產業輔導及管理,產業發展局主管,產業發展局,產業發展局主管,6.1.2.2
2016,320301,46708244,水電公用天然氣事業,產業發展局主管,產業發展局,產業發展局主管,6.1.3.1
2016,310401,117325981,農業發展,產業發展局主管,產業發展局,產業發展局主管,6.1.4.1
2016,430701,113691336,農民福利,產業發展局主管,產業發展局,產業發展局主管,6.1.5.1
2016,410801,9169351,農民健保,產業發展局主管,產業發展局,產業發展局主管,6.1.6.1
2016,323902,4540000,接受中央各部會補助,產業發展局主管,產業發展局,產業發展局主管,6.1.7.1
2016,317102,83378000,營建工程,產業發展局主管,產業發展局,產業發展局主管,6.1.8.1
2016,317103,0,交通及運輸設備,產業發展局主管,產業發展局,產業發展局主管,6.1.8.2
2016,317104,2068200,其他設備,產業發展局主管,產業發展局,產業發展局主管,6.1.8.3
2016,314101,9000000,第一預備金,產業發展局主管,產業發展局,產業發展局主管,6.1.9.1
2016,310101,25607321,行政管理,產業發展局主管,動物保護處,產業發展局主管,6.2.1.1
2016,310201,14608644,動物防疫檢驗及藥物,產業發展局主管,動物保護處,產業發展局主管,6.2.2.1
2016,310301,103267979,動物保護與管理,產業發展局主管,動物保護處,產業發展局主管,6.2.3.1
2016,310401,20934951,產業輔導與動物保育,產業發展局主管,動物保護處,產業發展局主管,6.2.4.1
2016,317102,31651500,營建工程,產業發展局主管,動物保護處,產業發展局主管,6.2.5.1
2016,317104,4157330,其他設備,產業發展局主管,動物保護處,產業發展局主管,6.2.5.2
2016,317103,0,交通及運輸設備,產業發展局主管,動物保護處,產業發展局主管,6.2.5.3
2016,310101,311701751,行政管理,產業發展局主管,市場處,產業發展局主管,6.3.1.1
2016,310201,26691986,批發市場管理,產業發展局主管,市場處,產業發展局主管,6.3.2.1
2016,317102,370141549,營建工程,產業發展局主管,市場處,產業發展局主管,6.3.3.1
2016,317103,189000,交通及運輸設備,產業發展局主管,市場處,產業發展局主管,6.3.3.2
2016,317104,1291012,其他設備,產業發展局主管,市場處,產業發展局主管,6.3.3.3
2016,319110,200000000,市場發展基金,產業發展局主管,市場處,產業發展局主管,6.3.4.1
2016,340101,40279271,行政管理,產業發展局主管,商業處,產業發展局主管,6.4.1.1
2016,340201,16761849,商業登記管理,產業發展局主管,商業處,產業發展局主管,6.4.2.1
2016,340301,10379456,公司管理,產業發展局主管,商業處,產業發展局主管,6.4.3.1
2016,340401,18372429,商業管理,產業發展局主管,商業處,產業發展局主管,6.4.4.1
2016,340501,110148256,商業行政及商業輔導,產業發展局主管,商業處,產業發展局主管,6.4.5.1
2016,347104,1487990,其他設備,產業發展局主管,商業處,產業發展局主管,6.4.6.1
2016,347103,0,交通及運輸設備,產業發展局主管,商業處,產業發展局主管,6.4.6.2
2016,320101,109901176,行政管理,工務局主管,工務局,工務局主管,7.1.1.1
2016,320201,106660502,工務管理,工務局主管,工務局,工務局主管,7.1.2.1
2016,327104,2429600,其他設備,工務局主管,工務局,工務局主管,7.1.3.1
2016,327102,0,營建工程,工務局主管,工務局,工務局主管,7.1.3.2
2016,338201,1455779174,公共用地補償,工務局主管,工務局,工務局主管,7.1.4.1
2016,324101,10000000,第一預備金,工務局主管,工務局,工務局主管,7.1.5.1
2016,310101,409659686,行政管理,工務局主管,水利工程處,工務局主管,7.2.1.1
2016,310201,787108440,水利管理及維護,工務局主管,水利工程處,工務局主管,7.2.2.1
2016,317103,1030000,交通及運輸設備,工務局主管,水利工程處,工務局主管,7.2.3.1
2016,317104,6050401,其他設備,工務局主管,水利工程處,工務局主管,7.2.3.2
2016,317102,0,營建工程,工務局主管,水利工程處,工務局主管,7.2.3.3
2016,317602,970009130,河川工程,工務局主管,水利工程處,工務局主管,7.2.4.1
2016,317605,458500000,雨水下水道工程,工務局主管,水利工程處,工務局主管,7.2.4.2
2016,330101,278462245,行政管理,工務局主管,新建工程處,工務局主管,7.3.1.1
2016,330201,727364034,工程管理,工務局主管,新建工程處,工務局主管,7.3.2.1
2016,337102,91939878,營建工程,工務局主管,新建工程處,工務局主管,7.3.3.1
2016,337103,1100000,交通及運輸設備,工務局主管,新建工程處,工務局主管,7.3.3.2
2016,337104,6522370,其他設備,工務局主管,新建工程處,工務局主管,7.3.3.3
2016,337501,3562000834,道路及橋樑工程,工務局主管,新建工程處,工務局主管,7.3.4.1
2016,510101,559436282,行政管理,工務局主管,公園路燈工程管理處,工務局主管,7.4.1.1
2016,510201,1232377116,公園綠地及園藝維護,工務局主管,公園路燈工程管理處,工務局主管,7.4.2.1
2016,330401,392775970,路燈維護,工務局主管,公園路燈工程管理處,工務局主管,7.4.3.1
2016,517102,24325650,營建工程,工務局主管,公園路燈工程管理處,工務局主管,7.4.4.1
2016,517103,26025000,交通及運輸設備,工務局主管,公園路燈工程管理處,工務局主管,7.4.4.2
2016,517104,13229535,其他設備,工務局主管,公園路燈工程管理處,工務局主管,7.4.4.3
2016,517701,1199073405,公園及綠化工程,工務局主管,公園路燈工程管理處,工務局主管,7.4.5.1
2016,337801,207681818,路燈整建及新設工程,工務局主管,公園路燈工程管理處,工務局主管,7.4.6.1
2016,520101,115931285,行政管理,工務局主管,衛生下水道工程處,工務局主管,7.5.1.1
2016,520201,149754236,衛生下水道營運及管,工務局主管,衛生下水道工程處,工務局主管,7.5.2.1
2016,520202,100259656,管線維護,工務局主管,衛生下水道工程處,工務局主管,7.5.2.2
2016,520203,556999101,污水處理,工務局主管,衛生下水道工程處,工務局主管,7.5.2.3
2016,520204,297121632,淡水河系污水下水道,工務局主管,衛生下水道工程處,工務局主管,7.5.2.4
2016,527101,111509000,土地購置,工務局主管,衛生下水道工程處,工務局主管,7.5.3.1
2016,527102,86204800,營建工程,工務局主管,衛生下水道工程處,工務局主管,7.5.3.2
2016,527103,1839000,交通及運輸設備,工務局主管,衛生下水道工程處,工務局主管,7.5.3.3
2016,527104,3333600,其他設備,工務局主管,衛生下水道工程處,工務局主管,7.5.3.4
2016,527601,1393345322,衛生下水道工程,工務局主管,衛生下水道工程處,工務局主管,7.5.4.1
2016,310101,54911271,行政管理,工務局主管,大地工程處,工務局主管,7.6.1.1
2016,310201,220219958,山坡地管理及維護,工務局主管,大地工程處,工務局主管,7.6.2.1
2016,317102,2296974,營建工程,工務局主管,大地工程處,工務局主管,7.6.3.1
2016,317103,1665000,交通及運輸設備,工務局主管,大地工程處,工務局主管,7.6.3.2
2016,317104,1013950,其他設備,工務局主管,大地工程處,工務局主管,7.6.3.3
2016,317501,270867550,道路及橋樑工程,工務局主管,大地工程處,工務局主管,7.6.4.1
2016,317604,245407750,水土保持工程,工務局主管,大地工程處,工務局主管,7.6.5.1
2016,317704,125172243,山坡地遊憩設施工程,工務局主管,大地工程處,工務局主管,7.6.6.1
2016,330101,71104580,行政管理,交通局主管,交通局,交通局主管,8.1.1.1
2016,330201,19004499,綜合規劃,交通局主管,交通局,交通局主管,8.1.2.1
2016,330202,19712549,交通治理,交通局主管,交通局,交通局主管,8.1.2.2
2016,330203,21671654,運輸資訊業務,交通局主管,交通局,交通局主管,8.1.2.3
2016,330301,282030981,運輸管理,交通局主管,交通局,交通局主管,8.1.3.1
2016,330302,20435832,交通安全,交通局主管,交通局,交通局主管,8.1.3.2
2016,337102,84129,營建工程,交通局主管,交通局,交通局主管,8.1.4.1
2016,337104,6223763,其他設備,交通局主管,交通局,交通局主管,8.1.4.2
2016,337103,0,交通及運輸設備,交通局主管,交通局,交通局主管,8.1.4.3
2016,334101,10000000,第一預備金,交通局主管,交通局,交通局主管,8.1.5.1
2016,333902,0,接受中央各部會補助,交通局主管,交通局,交通局主管,8.1.6.1
2016,330101,28372528,行政管理,交通局主管,停車管理工程處,交通局主管,8.2.1.1
2016,330201,29561998,企劃與設施業務,交通局主管,停車管理工程處,交通局主管,8.2.2.1
2016,330202,34901481,營運與管理業務,交通局主管,停車管理工程處,交通局主管,8.2.2.2
2016,337102,4539135,營建工程,交通局主管,停車管理工程處,交通局主管,8.2.3.1
2016,337104,603000,其他設備,交通局主管,停車管理工程處,交通局主管,8.2.3.2
2016,330101,48529890,行政管理,交通局主管,交通管制工程處,交通局主管,8.3.1.1
2016,330201,20087247,交通管理規劃,交通局主管,交通管制工程處,交通局主管,8.3.2.1
2016,330301,205631938,管制設施設計與維護,交通局主管,交通管制工程處,交通局主管,8.3.3.1
2016,330401,85665527,交通控制管理,交通局主管,交通管制工程處,交通局主管,8.3.4.1
2016,337102,3103846,營建工程,交通局主管,交通管制工程處,交通局主管,8.3.5.1
2016,337103,550000,交通及運輸設備,交通局主管,交通管制工程處,交通局主管,8.3.5.2
2016,337104,789450,其他設備,交通局主管,交通管制工程處,交通局主管,8.3.5.3
2016,337201,281515573,交通改善工程,交通局主管,交通管制工程處,交通局主管,8.3.6.1
2016,330101,49239678,行政管理,交通局主管,公共運輸處,交通局主管,8.4.1.1
2016,330201,249783644,綜合規劃,交通局主管,公共運輸處,交通局主管,8.4.2.1
2016,330202,2299455254,大眾運輸管理,交通局主管,公共運輸處,交通局主管,8.4.2.2
2016,330203,210698617,一般運輸業管理,交通局主管,公共運輸處,交通局主管,8.4.2.3
2016,330204,23701633,稽查業務,交通局主管,公共運輸處,交通局主管,8.4.2.4
2016,330205,1200000000,公車處資產負債清理,交通局主管,公共運輸處,交通局主管,8.4.2.5
2016,330206,100448811,智慧運輸管理,交通局主管,公共運輸處,交通局主管,8.4.2.6
2016,430601,196143072,身心障礙者交通福利,交通局主管,公共運輸處,交通局主管,8.4.3.1
2016,337101,193191730,土地購置,交通局主管,公共運輸處,交通局主管,8.4.4.1
2016,337102,145271875,營建工程,交通局主管,公共運輸處,交通局主管,8.4.4.2
2016,337104,33764900,其他設備,交通局主管,公共運輸處,交通局主管,8.4.4.3
2016,337103,0,交通及運輸設備,交通局主管,公共運輸處,交通局主管,8.4.4.4
2016,333902,600000,接受中央各部會補助,交通局主管,公共運輸處,交通局主管,8.4.5.1
2016,330101,59514872,行政管理,交通局主管,交通事件裁決所,交通局主管,8.5.1.1
2016,330201,26307433,案件管理,交通局主管,交通事件裁決所,交通局主管,8.5.2.1
2016,330202,27878799,違規裁罰,交通局主管,交通事件裁決所,交通局主管,8.5.2.2
2016,330203,18043456,違規申訴,交通局主管,交通事件裁決所,交通局主管,8.5.2.3
2016,330204,45640423,積案催收,交通局主管,交通事件裁決所,交通局主管,8.5.2.4
2016,330205,8934902,肇事鑑定,交通局主管,交通事件裁決所,交通局主管,8.5.2.5
2016,330206,18124813,電子處理資料業務,交通局主管,交通事件裁決所,交通局主管,8.5.2.6
2016,337102,3826615,營建工程,交通局主管,交通事件裁決所,交通局主管,8.5.3.1
2016,337104,5076120,其他設備,交通局主管,交通事件裁決所,交通局主管,8.5.3.2
2016,337103,0,交通及運輸設備,交通局主管,交通事件裁決所,交通局主管,8.5.3.3
2016,430101,161355729,行政管理,社會局主管,社會局,社會局主管,9.1.1.1
2016,430201,29142075,人民團體輔導,社會局主管,社會局,社會局主管,9.1.2.1
2016,420301,8954310922,經濟安全,社會局主管,社會局,社會局主管,9.1.3.1
2016,420302,33633603,平價住宅服務,社會局主管,社會局,社會局主管,9.1.3.2
2016,430401,1182558953,身心障礙福利,社會局主管,社會局,社會局主管,9.1.4.1
2016,430501,2055776592,老人福利,社會局主管,社會局,社會局主管,9.1.5.1
2016,430601,52276594,兒童托育,社會局主管,社會局,社會局主管,9.1.6.1
2016,430602,37881335,婦女福利,社會局主管,社會局,社會局主管,9.1.6.2
2016,430701,136310470,兒童及少年福利,社會局主管,社會局,社會局主管,9.1.7.1
2016,430801,17305558,綜合企劃業務,社會局主管,社會局,社會局主管,9.1.8.1
2016,430901,163255824,社會工作專業服務,社會局主管,社會局,社會局主管,9.1.9.1
2016,431001,45589987,老人安養服務,社會局主管,社會局,社會局主管,9.1.10.1
2016,411101,652386400,社會保險,社會局主管,社會局,社會局主管,9.1.11.1
2016,437102,343559151,營建工程,社會局主管,社會局,社會局主管,9.1.12.1
2016,437103,676000,交通及運輸設備,社會局主管,社會局,社會局主管,9.1.12.2
2016,437104,12615275,其他設備,社會局主管,社會局,社會局主管,9.1.12.3
2016,439112,18000000,臺北市社會福利發展,社會局主管,社會局,社會局主管,9.1.13.1
2016,434101,7000000,第一預備金,社會局主管,社會局,社會局主管,9.1.14.1
2016,430101,68184971,行政管理,社會局主管,陽明教養院,社會局主管,9.2.1.1
2016,433501,202073395,院民社會工作,社會局主管,陽明教養院,社會局主管,9.2.2.1
2016,433601,26918457,保健醫療,社會局主管,陽明教養院,社會局主管,9.2.3.1
2016,437104,2330350,其他設備,社會局主管,陽明教養院,社會局主管,9.2.4.1
2016,437102,0,營建工程,社會局主管,陽明教養院,社會局主管,9.2.4.2
2016,430101,49706693,行政管理,社會局主管,浩然敬老院,社會局主管,9.3.1.1
2016,433501,14342937,院民社會工作,社會局主管,浩然敬老院,社會局主管,9.3.2.1
2016,433504,130124919,院民安養服務,社會局主管,浩然敬老院,社會局主管,9.3.2.2
2016,433601,54287550,保健醫療,社會局主管,浩然敬老院,社會局主管,9.3.3.1
2016,437102,2869220,營建工程,社會局主管,浩然敬老院,社會局主管,9.3.4.1
2016,437104,2856172,其他設備,社會局主管,浩然敬老院,社會局主管,9.3.4.2
2016,437103,0,交通及運輸設備,社會局主管,浩然敬老院,社會局主管,9.3.4.3
2016,430101,20003984,行政管理,社會局主管,家庭暴力暨性侵害防治中,社會局主管,9.4.1.1
2016,430201,201278219,家庭暴力暨性侵害防,社會局主管,家庭暴力暨性侵害防治中,社會局主管,9.4.2.1
2016,437102,66824997,營建工程,社會局主管,家庭暴力暨性侵害防治中,社會局主管,9.4.3.1
2016,437104,2682801,其他設備,社會局主管,家庭暴力暨性侵害防治中,社會局主管,9.4.3.2
2016,430101,83683074,行政管理,勞動局主管,勞動局,勞動局主管,10.1.1.1
2016,430201,128341165,工會組織及勞動權益,勞動局主管,勞動局,勞動局主管,10.1.2.1
2016,410301,4472886634,勞健保勞工保險費補,勞動局主管,勞動局,勞動局主管,10.1.3.1
2016,440401,15406821,就業安全,勞動局主管,勞動局,勞動局主管,10.1.4.1
2016,430501,44347910,勞動教育文化,勞動局主管,勞動局,勞動局主管,10.1.5.1
2016,433902,35632256,接受中央各部會補助,勞動局主管,勞動局,勞動局主管,10.1.6.1
2016,437102,15795620,營建工程,勞動局主管,勞動局,勞動局主管,10.1.7.1
2016,437104,1191446,其他設備,勞動局主管,勞動局,勞動局主管,10.1.7.2
2016,434101,2550000,第一預備金,勞動局主管,勞動局,勞動局主管,10.1.8.1
2016,440101,30414679,行政管理,勞動局主管,就業服務處,勞動局主管,10.2.1.1
2016,440201,50696664,就業輔導,勞動局主管,就業服務處,勞動局主管,10.2.2.1
2016,440202,17330573,就業促進,勞動局主管,就業服務處,勞動局主管,10.2.2.2
2016,440203,12858996,就業情報蒐集、整理,勞動局主管,就業服務處,勞動局主管,10.2.2.3
2016,440204,20184386,雇主服務,勞動局主管,就業服務處,勞動局主管,10.2.2.4
2016,447102,28340860,營建工程,勞動局主管,就業服務處,勞動局主管,10.2.3.1
2016,447104,999573,其他設備,勞動局主管,就業服務處,勞動局主管,10.2.3.2
2016,440101,78433747,行政管理,勞動局主管,職能發展學院,勞動局主管,10.3.1.1
2016,440201,102951196,職能培育,勞動局主管,職能發展學院,勞動局主管,10.3.2.1
2016,440202,12658985,職能評量,勞動局主管,職能發展學院,勞動局主管,10.3.2.2
2016,447102,450000,營建工程,勞動局主管,職能發展學院,勞動局主管,10.3.3.1
2016,447104,12207583,其他設備,勞動局主管,職能發展學院,勞動局主管,10.3.3.2
2016,430101,31106584,行政管理,勞動局主管,勞動檢查處,勞動局主管,10.4.1.1
2016,430201,65502493,職業安全衛生,勞動局主管,勞動檢查處,勞動局主管,10.4.2.1
2016,430202,13292359,勞動條件,勞動局主管,勞動檢查處,勞動局主管,10.4.2.2
2016,437102,16412240,營建工程,勞動局主管,勞動檢查處,勞動局主管,10.4.3.1
2016,437104,718272,其他設備,勞動局主管,勞動檢查處,勞動局主管,10.4.3.2
2016,437103,0,交通及運輸設備,勞動局主管,勞動檢查處,勞動局主管,10.4.3.3
2016,440101,21157716,行政管理,勞動局主管,勞動力重建運用處,勞動局主管,10.5.1.1
2016,440201,21403959,身障就業促進業務,勞動局主管,勞動力重建運用處,勞動局主管,10.5.2.1
2016,440301,7175862,外勞諮詢及檢查業務,勞動局主管,勞動力重建運用處,勞動局主管,10.5.3.1
2016,447102,16259160,營建工程,勞動局主管,勞動力重建運用處,勞動局主管,10.5.4.1
2016,447104,136365,其他設備,勞動局主管,勞動力重建運用處,勞動局主管,10.5.4.2
2016,710101,1878206275,行政管理,警察局主管,警察局,警察局主管,11.1.1.1
2016,710201,915384699,警察勤務,警察局主管,警察局,警察局主管,11.1.2.1
2016,710202,6260064420,分局業務,警察局主管,警察局,警察局主管,11.1.2.2
2016,710203,2795656147,大隊業務,警察局主管,警察局,警察局主管,11.1.2.3
2016,710204,592321335,警隊業務,警察局主管,警察局,警察局主管,11.1.2.4
2016,710301,36923039,補助義勇警察大隊,警察局主管,警察局,警察局主管,11.1.3.1
2016,710302,24000000,補助民防團隊,警察局主管,警察局,警察局主管,11.1.3.2
2016,710303,84975537,補助交通義勇警察大,警察局主管,警察局,警察局主管,11.1.3.3
2016,717101,36000000,土地購置,警察局主管,警察局,警察局主管,11.1.4.1
2016,717102,604156922,營建工程,警察局主管,警察局,警察局主管,11.1.4.2
2016,717103,93252000,交通及運輸設備,警察局主管,警察局,警察局主管,11.1.4.3
2016,717104,151530654,其他設備,警察局主管,警察局,警察局主管,11.1.4.4
2016,714101,28500000,第一預備金,警察局主管,警察局,警察局主管,11.1.5.1
2016,450101,135498536,行政管理,衛生局主管,衛生局,衛生局主管,12.1.1.1
2016,450201,212143651,疾病管制工作,衛生局主管,衛生局,衛生局主管,12.1.2.1
2016,450301,114315916,醫護管理工作,衛生局主管,衛生局,衛生局主管,12.1.3.1
2016,450401,102883718,食品藥物管理工作,衛生局主管,衛生局,衛生局主管,12.1.4.1
2016,450501,144822120,健康管理工作,衛生局主管,衛生局,衛生局主管,12.1.5.1
2016,450601,3370013989,研究發展考核工作,衛生局主管,衛生局,衛生局主管,12.1.6.1
2016,450701,29614457,衛生檢驗,衛生局主管,衛生局,衛生局主管,12.1.7.1
2016,430801,352539705,醫療福利計畫,衛生局主管,衛生局,衛生局主管,12.1.8.1
2016,457102,31322849,營建工程,衛生局主管,衛生局,衛生局主管,12.1.9.1
2016,457103,1100000,交通及運輸設備,衛生局主管,衛生局,衛生局主管,12.1.9.2
2016,457104,57866803,其他設備,衛生局主管,衛生局,衛生局主管,12.1.9.3
2016,454101,14000000,第一預備金,衛生局主管,衛生局,衛生局主管,12.1.10.1
2016,450101,8715308,行政管理,衛生局主管,松山區健康服務中心,衛生局主管,12.2.1.1
2016,452501,24504439,公共衛生,衛生局主管,松山區健康服務中心,衛生局主管,12.2.2.1
2016,457102,2660596,營建工程,衛生局主管,松山區健康服務中心,衛生局主管,12.2.3.1
2016,457104,318749,其他設備,衛生局主管,松山區健康服務中心,衛生局主管,12.2.3.2
2016,450101,12609452,行政管理,衛生局主管,信義區健康服務中心,衛生局主管,12.3.1.1
2016,452501,25631016,公共衛生,衛生局主管,信義區健康服務中心,衛生局主管,12.3.2.1
2016,457102,1216678,營建工程,衛生局主管,信義區健康服務中心,衛生局主管,12.3.3.1
2016,457104,350100,其他設備,衛生局主管,信義區健康服務中心,衛生局主管,12.3.3.2
2016,450101,11368299,行政管理,衛生局主管,大安區健康服務中心,衛生局主管,12.4.1.1
2016,452501,32775875,公共衛生,衛生局主管,大安區健康服務中心,衛生局主管,12.4.2.1
2016,457102,58150,營建工程,衛生局主管,大安區健康服務中心,衛生局主管,12.4.3.1
2016,457104,468836,其他設備,衛生局主管,大安區健康服務中心,衛生局主管,12.4.3.2
2016,450101,9482511,行政管理,衛生局主管,中山區健康服務中心,衛生局主管,12.5.1.1
2016,452501,25130487,公共衛生,衛生局主管,中山區健康服務中心,衛生局主管,12.5.2.1
2016,457102,304098,營建工程,衛生局主管,中山區健康服務中心,衛生局主管,12.5.3.1
2016,457104,259200,其他設備,衛生局主管,中山區健康服務中心,衛生局主管,12.5.3.2
2016,450101,9713212,行政管理,衛生局主管,中正區健康服務中心,衛生局主管,12.6.1.1
2016,452501,19943298,公共衛生,衛生局主管,中正區健康服務中心,衛生局主管,12.6.2.1
2016,457104,222000,其他設備,衛生局主管,中正區健康服務中心,衛生局主管,12.6.3.1
2016,457102,0,營建工程,衛生局主管,中正區健康服務中心,衛生局主管,12.6.3.2
2016,450101,7930957,行政管理,衛生局主管,大同區健康服務中心,衛生局主管,12.7.1.1
2016,452501,19370020,公共衛生,衛生局主管,大同區健康服務中心,衛生局主管,12.7.2.1
2016,457104,151519,其他設備,衛生局主管,大同區健康服務中心,衛生局主管,12.7.3.1
2016,450101,10569322,行政管理,衛生局主管,萬華區健康服務中心,衛生局主管,12.8.1.1
2016,452501,23842140,公共衛生,衛生局主管,萬華區健康服務中心,衛生局主管,12.8.2.1
2016,457102,6987000,營建工程,衛生局主管,萬華區健康服務中心,衛生局主管,12.8.3.1
2016,457104,201131,其他設備,衛生局主管,萬華區健康服務中心,衛生局主管,12.8.3.2
2016,450101,10563374,行政管理,衛生局主管,文山區健康服務中心,衛生局主管,12.9.1.1
2016,452501,28181601,公共衛生,衛生局主管,文山區健康服務中心,衛生局主管,12.9.2.1
2016,457102,6923425,營建工程,衛生局主管,文山區健康服務中心,衛生局主管,12.9.3.1
2016,457104,201300,其他設備,衛生局主管,文山區健康服務中心,衛生局主管,12.9.3.2
2016,450101,8712712,行政管理,衛生局主管,南港區健康服務中心,衛生局主管,12.10.1.1
2016,452501,18206208,公共衛生,衛生局主管,南港區健康服務中心,衛生局主管,12.10.2.1
2016,457104,160236,其他設備,衛生局主管,南港區健康服務中心,衛生局主管,12.10.3.1
2016,450101,10454542,行政管理,衛生局主管,內湖區健康服務中心,衛生局主管,12.11.1.1
2016,452501,27046521,公共衛生,衛生局主管,內湖區健康服務中心,衛生局主管,12.11.2.1
2016,457102,389803,營建工程,衛生局主管,內湖區健康服務中心,衛生局主管,12.11.3.1
2016,457104,220900,其他設備,衛生局主管,內湖區健康服務中心,衛生局主管,12.11.3.2
2016,450101,10701813,行政管理,衛生局主管,士林區健康服務中心,衛生局主管,12.12.1.1
2016,452501,30234958,公共衛生,衛生局主管,士林區健康服務中心,衛生局主管,12.12.2.1
2016,457104,269998,其他設備,衛生局主管,士林區健康服務中心,衛生局主管,12.12.3.1
2016,450101,8174388,行政管理,衛生局主管,北投區健康服務中心,衛生局主管,12.13.1.1
2016,452501,26643530,公共衛生,衛生局主管,北投區健康服務中心,衛生局主管,12.13.2.1
2016,457104,209100,其他設備,衛生局主管,北投區健康服務中心,衛生局主管,12.13.3.1
2016,457102,0,營建工程,衛生局主管,北投區健康服務中心,衛生局主管,12.13.3.2
2016,520101,174528354,行政管理,環境保護局主管,環境保護局,環境保護局主管,13.1.1.1
2016,520201,23408909,空氣噪音振動管制,環境保護局主管,環境保護局,環境保護局主管,13.1.2.1
2016,520202,85121295,水污染防治及病媒環,環境保護局主管,環境保護局,環境保護局主管,13.1.2.2
2016,520203,29570969,環境檢驗監測暨環評,環境保護局主管,環境保護局,環境保護局主管,13.1.2.3
2016,520301,4247481369,垃圾清運暨環境清潔,環境保護局主管,環境保護局,環境保護局主管,13.1.3.1
2016,520302,414274621,垃圾處理,環境保護局主管,環境保護局,環境保護局主管,13.1.3.2
2016,520401,80208405,資源垃圾回收與列管,環境保護局主管,環境保護局,環境保護局主管,13.1.4.1
2016,520402,64278624,公廁管理與整建,環境保護局主管,環境保護局,環境保護局主管,13.1.4.2
2016,520501,19151171,督導考核與訓練宣導,環境保護局主管,環境保護局,環境保護局主管,13.1.5.1
2016,520601,150252778,汽車修護保養,環境保護局主管,環境保護局,環境保護局主管,13.1.6.1
2016,520701,214029929,垃圾處理回饋,環境保護局主管,環境保護局,環境保護局主管,13.1.7.1
2016,527101,60320100,土地購置,環境保護局主管,環境保護局,環境保護局主管,13.1.8.1
2016,527102,53569686,營建工程,環境保護局主管,環境保護局,環境保護局主管,13.1.8.2
2016,527103,5400000,交通及運輸設備,環境保護局主管,環境保護局,環境保護局主管,13.1.8.3
2016,527104,32980165,其他設備,環境保護局主管,環境保護局,環境保護局主管,13.1.8.4
2016,524101,8100000,第一預備金,環境保護局主管,環境保護局,環境保護局主管,13.1.9.1
2016,520101,37684987,行政管理,環境保護局主管,衛生稽查大隊,環境保護局主管,13.2.1.1
2016,520201,156980632,公害案件取締告發,環境保護局主管,衛生稽查大隊,環境保護局主管,13.2.2.1
2016,527102,35926737,營建工程,環境保護局主管,衛生稽查大隊,環境保護局主管,13.2.3.1
2016,527103,1248000,交通及運輸設備,環境保護局主管,衛生稽查大隊,環境保護局主管,13.2.3.2
2016,527104,1685603,其他設備,環境保護局主管,衛生稽查大隊,環境保護局主管,13.2.3.3
2016,520101,59440960,行政管理,環境保護局主管,內湖垃圾焚化廠,環境保護局主管,13.3.1.1
2016,523301,159028133,焚化規劃及操作,環境保護局主管,內湖垃圾焚化廠,環境保護局主管,13.3.2.1
2016,527104,579398,其他設備,環境保護局主管,內湖垃圾焚化廠,環境保護局主管,13.3.3.1
2016,527103,0,交通及運輸設備,環境保護局主管,內湖垃圾焚化廠,環境保護局主管,13.3.3.2
2016,527603,33800000,垃圾處理工程,環境保護局主管,內湖垃圾焚化廠,環境保護局主管,13.3.4.1
2016,520101,45617191,行政管理,環境保護局主管,木柵垃圾焚化廠,環境保護局主管,13.4.1.1
2016,523301,169758645,焚化規劃及操作,環境保護局主管,木柵垃圾焚化廠,環境保護局主管,13.4.2.1
2016,527104,698410,其他設備,環境保護局主管,木柵垃圾焚化廠,環境保護局主管,13.4.3.1
2016,527603,36680000,垃圾處理工程,環境保護局主管,木柵垃圾焚化廠,環境保護局主管,13.4.4.1
2016,520101,61810479,行政管理,環境保護局主管,北投垃圾焚化廠,環境保護局主管,13.5.1.1
2016,523301,274006088,焚化規劃及操作,環境保護局主管,北投垃圾焚化廠,環境保護局主管,13.5.2.1
2016,527104,852570,其他設備,環境保護局主管,北投垃圾焚化廠,環境保護局主管,13.5.3.1
2016,527103,0,交通及運輸設備,環境保護局主管,北投垃圾焚化廠,環境保護局主管,13.5.3.2
2016,527603,36680000,垃圾處理工程,環境保護局主管,北投垃圾焚化廠,環境保護局主管,13.5.4.1
2016,340101,190588009,行政管理,都市發展局主管,都市發展局,都市發展局主管,14.1.1.1
2016,340201,163137732,都市發展規劃,都市發展局主管,都市發展局,都市發展局主管,14.1.2.1
2016,320301,21748823,建築管理審核及督導,都市發展局主管,都市發展局,都市發展局主管,14.1.3.1
2016,347104,22959418,其他設備,都市發展局主管,都市發展局,都市發展局主管,14.1.4.1
2016,347102,0,營建工程,都市發展局主管,都市發展局,都市發展局主管,14.1.4.2
2016,430401,448680893,住宅業務補貼,都市發展局主管,都市發展局,都市發展局主管,14.1.5.1
2016,519106,1943788000,住宅基金,都市發展局主管,都市發展局,都市發展局主管,14.1.6.1
2016,343902,2000000,接受中央各部會補助,都市發展局主管,都市發展局,都市發展局主管,14.1.7.1
2016,344101,2300000,第一預備金,都市發展局主管,都市發展局,都市發展局主管,14.1.8.1
2016,340101,58489660,行政管理,都市發展局主管,都市更新處,都市發展局主管,14.2.1.1
2016,340201,64048286,都市更新,都市發展局主管,都市更新處,都市發展局主管,14.2.2.1
2016,347104,2997900,其他設備,都市發展局主管,都市更新處,都市發展局主管,14.2.3.1
2016,347102,0,營建工程,都市發展局主管,都市更新處,都市發展局主管,14.2.3.2
2016,347103,0,交通及運輸設備,都市發展局主管,都市更新處,都市發展局主管,14.2.3.3
2016,320101,75900911,行政管理,都市發展局主管,建築管理工程處,都市發展局主管,14.3.1.1
2016,320201,474759077,建築管理及違建處理,都市發展局主管,建築管理工程處,都市發展局主管,14.3.2.1
2016,327102,22958661,營建工程,都市發展局主管,建築管理工程處,都市發展局主管,14.3.3.1
2016,327103,504000,交通及運輸設備,都市發展局主管,建築管理工程處,都市發展局主管,14.3.3.2
2016,327104,5389300,其他設備,都市發展局主管,建築管理工程處,都市發展局主管,14.3.3.3
2016,220101,70021252,行政管理,文化局主管,文化局,文化局主管,15.1.1.1
2016,220201,503405054,文化環境之規劃,文化局主管,文化局,文化局主管,15.1.2.1
2016,220301,90847109,文化資產之維護與活,文化局主管,文化局,文化局主管,15.1.3.1
2016,220401,571376735,藝文工作之策劃與推,文化局主管,文化局,文化局主管,15.1.4.1
2016,220501,81751429,社區文化生活之推動,文化局主管,文化局,文化局主管,15.1.5.1
2016,220701,20402867,文化設施興建及文化,文化局主管,文化局,文化局主管,15.1.6.1
2016,227102,322954496,營建工程,文化局主管,文化局,文化局主管,15.1.7.1
2016,227104,4329488,其他設備,文化局主管,文化局,文化局主管,15.1.7.2
2016,227103,0,交通及運輸設備,文化局主管,文化局,文化局主管,15.1.7.3
2016,229111,150000000,臺北市文化設施發展,文化局主管,文化局,文化局主管,15.1.8.1
2016,224101,8250000,第一預備金,文化局主管,文化局,文化局主管,15.1.9.1
2016,220601,0,臺北文化藝術設施籌,文化局主管,文化局,文化局主管,15.1.10.1
2016,220101,17526492,行政管理,文化局主管,中山堂管理所,文化局主管,15.2.1.1
2016,220201,56825429,會場管理,文化局主管,中山堂管理所,文化局主管,15.2.2.1
2016,227102,6594459,營建工程,文化局主管,中山堂管理所,文化局主管,15.2.3.1
2016,227104,76787,其他設備,文化局主管,中山堂管理所,文化局主管,15.2.3.2
2016,220101,15033507,行政管理,文化局主管,文獻委員會,文化局主管,15.3.1.1
2016,220201,4772024,文獻編印,文化局主管,文獻委員會,文化局主管,15.3.2.1
2016,220202,11683490,文獻整理運用,文化局主管,文獻委員會,文化局主管,15.3.2.2
2016,220203,8086280,史蹟教育及推廣,文化局主管,文獻委員會,文化局主管,15.3.2.3
2016,227104,4364375,其他設備,文化局主管,文獻委員會,文化局主管,15.3.3.1
2016,227102,0,營建工程,文化局主管,文獻委員會,文化局主管,15.3.3.2
2016,227103,0,交通及運輸設備,文化局主管,文獻委員會,文化局主管,15.3.3.3
2016,220101,80113380,行政管理,文化局主管,市立美術館,文化局主管,15.4.1.1
2016,220201,140219516,美術展覽,文化局主管,市立美術館,文化局主管,15.4.2.1
2016,220202,15846912,美術品典藏及維護,文化局主管,市立美術館,文化局主管,15.4.2.2
2016,220203,60446953,推廣美術教育,文化局主管,市立美術館,文化局主管,15.4.2.3
2016,220204,16273907,研究美術學術,文化局主管,市立美術館,文化局主管,15.4.2.4
2016,220205,31944721,機械及設備維護,文化局主管,市立美術館,文化局主管,15.4.2.5
2016,227104,46107958,其他設備,文化局主管,市立美術館,文化局主管,15.4.3.1
2016,227102,0,營建工程,文化局主管,市立美術館,文化局主管,15.4.3.2
2016,227103,0,交通及運輸設備,文化局主管,市立美術館,文化局主管,15.4.3.3
2016,220101,27674164,行政管理,文化局主管,市立交響樂團,文化局主管,15.5.1.1
2016,220201,181378233,演奏業務,文化局主管,市立交響樂團,文化局主管,15.5.2.1
2016,220202,19899750,研究與推廣,文化局主管,市立交響樂團,文化局主管,15.5.2.2
2016,227104,2365275,其他設備,文化局主管,市立交響樂團,文化局主管,15.5.3.1
2016,227102,0,營建工程,文化局主管,市立交響樂團,文化局主管,15.5.3.2
2016,220101,20548108,行政管理,文化局主管,市立國樂團,文化局主管,15.6.1.1
2016,220201,145849315,國樂發展,文化局主管,市立國樂團,文化局主管,15.6.2.1
2016,227104,3043450,其他設備,文化局主管,市立國樂團,文化局主管,15.6.3.1
2016,227103,0,交通及運輸設備,文化局主管,市立國樂團,文化局主管,15.6.3.2
2016,220101,28382599,行政管理,文化局主管,市立社會教育館,文化局主管,15.7.1.1
2016,220201,148760276,社教業務,文化局主管,市立社會教育館,文化局主管,15.7.2.1
2016,220202,43788890,活動中心管理,文化局主管,市立社會教育館,文化局主管,15.7.2.2
2016,227102,44061998,營建工程,文化局主管,市立社會教育館,文化局主管,15.7.3.1
2016,227104,1228300,其他設備,文化局主管,市立社會教育館,文化局主管,15.7.3.2
2016,130101,310448327,行政管理,消防局主管,消防局,消防局主管,16.1.1.1
2016,130201,119952202,災害防救業務,消防局主管,消防局,消防局主管,16.1.2.1
2016,130202,515976490,消防工作,消防局主管,消防局,消防局主管,16.1.2.2
2016,130203,1589224616,大隊救災救護業務,消防局主管,消防局,消防局主管,16.1.2.3
2016,133902,4064000,接受中央各部會補助,消防局主管,消防局,消防局主管,16.1.3.1
2016,137101,22863000,土地購置,消防局主管,消防局,消防局主管,16.1.4.1
2016,137102,76763689,營建工程,消防局主管,消防局,消防局主管,16.1.4.2
2016,137103,119974000,交通及運輸設備,消防局主管,消防局,消防局主管,16.1.4.3
2016,137104,116575854,其他設備,消防局主管,消防局,消防局主管,16.1.4.4
2016,138302,2799600,接受中央各部會補助,消防局主管,消防局,消防局主管,16.1.5.1
2016,134101,4300000,第一預備金,消防局主管,消防局,消防局主管,16.1.6.1
2016,320101,66541005,行政管理,臺北翡翠水庫管理局主管,臺北翡翠水庫管理局,臺北翡翠水庫管理局主管,17.1.1.1
2016,320201,171111509,水庫管理,臺北翡翠水庫管理局主管,臺北翡翠水庫管理局,臺北翡翠水庫管理局主管,17.1.2.1
2016,327102,38860000,營建工程,臺北翡翠水庫管理局主管,臺北翡翠水庫管理局,臺北翡翠水庫管理局主管,17.1.3.1
2016,327103,1095000,交通及運輸設備,臺北翡翠水庫管理局主管,臺北翡翠水庫管理局,臺北翡翠水庫管理局主管,17.1.3.2
2016,327104,39016850,其他設備,臺北翡翠水庫管理局主管,臺北翡翠水庫管理局,臺北翡翠水庫管理局主管,17.1.3.3
2016,327901,1000,臺北水源特定區設施,臺北翡翠水庫管理局主管,臺北翡翠水庫管理局,臺北翡翠水庫管理局主管,17.1.4.1
2016,324101,600000,第一預備金,臺北翡翠水庫管理局主管,臺北翡翠水庫管理局,臺北翡翠水庫管理局主管,17.1.5.1
2016,340101,43737064,行政管理,觀光傳播局主管,觀光傳播局,觀光傳播局主管,18.1.1.1
2016,340201,81149340,市政及觀光綜合行銷,觀光傳播局主管,觀光傳播局,觀光傳播局主管,18.1.2.1
2016,340301,84439169,觀光政策發展及規劃,觀光傳播局主管,觀光傳播局,觀光傳播局主管,18.1.3.1
2016,340302,47791115,觀光產業管理業務,觀光傳播局主管,觀光傳播局,觀光傳播局主管,18.1.3.2
2016,340303,75564382,城市旅遊規劃與推廣,觀光傳播局主管,觀光傳播局,觀光傳播局主管,18.1.3.3
2016,220401,66589192,行銷出版暨媒體服務,觀光傳播局主管,觀光傳播局,觀光傳播局主管,18.1.4.1
2016,220402,30506490,傳播事業輔導及管理,觀光傳播局主管,觀光傳播局,觀光傳播局主管,18.1.4.2
2016,340501,11433127,視聽製作及資訊業務,觀光傳播局主管,觀光傳播局,觀光傳播局主管,18.1.5.1
2016,347102,15105200,營建工程,觀光傳播局主管,觀光傳播局,觀光傳播局主管,18.1.6.1
2016,347104,2702500,其他設備,觀光傳播局主管,觀光傳播局,觀光傳播局主管,18.1.6.2
2016,347103,0,交通及運輸設備,觀光傳播局主管,觀光傳播局,觀光傳播局主管,18.1.6.3
2016,344101,1800000,第一預備金,觀光傳播局主管,觀光傳播局,觀光傳播局主管,18.1.7.1
2016,220101,14458533,行政管理,觀光傳播局主管,臺北廣播電臺,觀光傳播局主管,18.2.1.1
2016,220201,34181964,節目及工務管理,觀光傳播局主管,臺北廣播電臺,觀光傳播局主管,18.2.2.1
2016,227104,636114,其他設備,觀光傳播局主管,臺北廣播電臺,觀光傳播局主管,18.2.3.1
2016,227102,0,營建工程,觀光傳播局主管,臺北廣播電臺,觀光傳播局主管,18.2.3.2
2016,130101,88430906,行政管理,地政局主管,地政局,地政局主管,19.1.1.1
2016,130901,273353071,實施平均地權與不動,地政局主管,地政局,地政局主管,19.1.2.1
2016,137104,6109455,其他設備,地政局主管,地政局,地政局主管,19.1.3.1
2016,137102,0,營建工程,地政局主管,地政局,地政局主管,19.1.3.2
2016,134101,2000000,第一預備金,地政局主管,地政局,地政局主管,19.1.4.1
2016,130101,44603018,行政管理,地政局主管,土地開發總隊,地政局主管,19.2.1.1
2016,130802,39439402,土地開發,地政局主管,土地開發總隊,地政局主管,19.2.2.1
2016,132303,63838660,地籍測量,地政局主管,土地開發總隊,地政局主管,19.2.3.1
2016,137104,1710500,其他設備,地政局主管,土地開發總隊,地政局主管,19.2.4.1
2016,137103,0,交通及運輸設備,地政局主管,土地開發總隊,地政局主管,19.2.4.2
2016,130101,37331491,行政管理,地政局主管,松山地政事務所,地政局主管,19.3.1.1
2016,132302,84011582,地籍登記測量及管理,地政局主管,松山地政事務所,地政局主管,19.3.2.1
2016,137103,545000,交通及運輸設備,地政局主管,松山地政事務所,地政局主管,19.3.3.1
2016,137104,1278749,其他設備,地政局主管,松山地政事務所,地政局主管,19.3.3.2
2016,130101,31013765,行政管理,地政局主管,大安地政事務所,地政局主管,19.4.1.1
2016,132302,65212294,地籍登記測量及管理,地政局主管,大安地政事務所,地政局主管,19.4.2.1
2016,137102,3709588,營建工程,地政局主管,大安地政事務所,地政局主管,19.4.3.1
2016,137103,545000,交通及運輸設備,地政局主管,大安地政事務所,地政局主管,19.4.3.2
2016,137104,2105921,其他設備,地政局主管,大安地政事務所,地政局主管,19.4.3.3
2016,130101,35895108,行政管理,地政局主管,中山地政事務所,地政局主管,19.5.1.1
2016,132302,80443279,地籍登記測量及管理,地政局主管,中山地政事務所,地政局主管,19.5.2.1
2016,137102,71509,營建工程,地政局主管,中山地政事務所,地政局主管,19.5.3.1
2016,137103,545000,交通及運輸設備,地政局主管,中山地政事務所,地政局主管,19.5.3.2
2016,137104,1803628,其他設備,地政局主管,中山地政事務所,地政局主管,19.5.3.3
2016,130101,30599579,行政管理,地政局主管,古亭地政事務所,地政局主管,19.6.1.1
2016,132302,64973648,地籍登記測量及管理,地政局主管,古亭地政事務所,地政局主管,19.6.2.1
2016,137102,757986,營建工程,地政局主管,古亭地政事務所,地政局主管,19.6.3.1
2016,137103,545000,交通及運輸設備,地政局主管,古亭地政事務所,地政局主管,19.6.3.2
2016,137104,1685372,其他設備,地政局主管,古亭地政事務所,地政局主管,19.6.3.3
2016,130101,31550177,行政管理,地政局主管,建成地政事務所,地政局主管,19.7.1.1
2016,132302,58519983,地籍登記測量及管理,地政局主管,建成地政事務所,地政局主管,19.7.2.1
2016,137104,1448600,其他設備,地政局主管,建成地政事務所,地政局主管,19.7.3.1
2016,137103,0,交通及運輸設備,地政局主管,建成地政事務所,地政局主管,19.7.3.2
2016,130101,33614141,行政管理,地政局主管,士林地政事務所,地政局主管,19.8.1.1
2016,132302,91539853,地籍登記測量及管理,地政局主管,士林地政事務所,地政局主管,19.8.2.1
2016,137103,1090000,交通及運輸設備,地政局主管,士林地政事務所,地政局主管,19.8.3.1
2016,137104,979494,其他設備,地政局主管,士林地政事務所,地政局主管,19.8.3.2
2016,130101,77220399,行政管理,兵役局主管,兵役局,兵役局主管,20.1.1.1
2016,130201,14162609,兵調體檢業務,兵役局主管,兵役局,兵役局主管,20.1.2.1
2016,130202,28272624,徵集勤務業務,兵役局主管,兵役局,兵役局主管,20.1.2.2
2016,130203,52556091,權益編管業務,兵役局主管,兵役局,兵役局主管,20.1.2.3
2016,130204,12414582,替代役業務,兵役局主管,兵役局,兵役局主管,20.1.2.4
2016,137102,16947814,營建工程,兵役局主管,兵役局,兵役局主管,20.1.3.1
2016,137103,545000,交通及運輸設備,兵役局主管,兵役局,兵役局主管,20.1.3.2
2016,137104,2359045,其他設備,兵役局主管,兵役局,兵役局主管,20.1.3.3
2016,134101,1000000,第一預備金,兵役局主管,兵役局,兵役局主管,20.1.4.1
2016,320101,1300000,行政管理,臺北自來水事業處主管,臺北自來水事業處,臺北自來水事業處主管,21.1.1.1
2016,327102,55400000,營建工程,臺北自來水事業處主管,臺北自來水事業處,臺北自來水事業處主管,21.1.2.1
2016,329004,161777378,臺北自來水事業處資,臺北自來水事業處主管,臺北自來水事業處,臺北自來水事業處主管,21.1.3.1
2016,220101,184368341,行政管理,體育局主管,體育局,體育局主管,22.1.1.1
2016,220201,46108457,體育發展,體育局主管,體育局,體育局主管,22.1.2.1
2016,220202,137193580,運動設施管理維謢,體育局主管,體育局,體育局主管,22.1.2.2
2016,220203,477803673,體育活動推展,體育局主管,體育局,體育局主管,22.1.2.3
2016,2017世大運籌備,2994993278,2017世大運籌備,體育局主管,體育局,體育局主管,22.1.2.4
2016,227102,21774288,營建工程,體育局主管,體育局,體育局主管,22.1.3.1
2016,227104,45464706,其他設備,體育局主管,體育局,體育局主管,22.1.3.2
2016,224101,9757000,第一預備金,體育局主管,體育局,體育局主管,22.1.4.1
2016,228302,551911865,接受中央各部會補助,體育局主管,體育局,體育局主管,22.1.6.1
2016,120101,28892770,行政管理,資訊局主管,資訊局,資訊局主管,23.1.1.1
2016,120201,494201685,資訊管理、推動及應,資訊局主管,資訊局,資訊局主管,23.1.2.1
2016,127102,550000,營建工程,資訊局主管,資訊局,資訊局主管,23.1.3.1
2016,127104,69627332,其他設備,資訊局主管,資訊局,資訊局主管,23.1.3.2
2016,127103,0,交通及運輸設備,資訊局主管,資訊局,資訊局主管,23.1.3.3
2016,124101,600000,第一預備金,資訊局主管,資訊局,資訊局主管,23.1.4.1
2016,120101,36208395,行政管理,法務局主管,法務局,法務局主管,24.1.1.1
2016,120201,44370087,辦理人民訴願,法務局主管,法務局,法務局主管,24.1.2.1
2016,120301,32444339,法規整編及法令研究,法務局主管,法務局,法務局主管,24.1.3.1
2016,120401,2108635,賠償審議,法務局主管,法務局,法務局主管,24.1.4.1
2016,120501,24384217,消保爭議及綜合業務,法務局主管,法務局,法務局主管,24.1.5.1
2016,120601,10060497,採購爭議處理,法務局主管,法務局,法務局主管,24.1.6.1
2016,127102,31868,營建工程,法務局主管,法務局,法務局主管,24.1.7.1
2016,127104,955303,其他設備,法務局主管,法務局,法務局主管,24.1.7.2
2016,124101,820000,第一預備金,法務局主管,法務局,法務局主管,24.1.8.1
2016,330101,10000,行政管理,捷運工程局主管,捷運工程局,捷運工程局主管,29.1.1.1
2016,338001,0,捷運系統工程,捷運工程局主管,捷運工程局,捷運工程局主管,29.1.2.1
2016,614201,5187898417,公務人員退休及撫卹,其他支出,公務人員退休及撫卹給付,其他支出,41.1.1.1
2016,914301,666366359,公務人員福利互助補,其他支出,公務人員福利互助補助,其他支出,41.2.1.1
2016,914401,35000000,國家賠償金,其他支出,國家賠償金,其他支出,41.3.1.1
2016,914501,300000000,公務人員(工)待遇準,其他支出,公務人員(工)待遇準備,其他支出,41.4.1.1
2016,425001,700000000,災害準備金,其他支出,災害準備金,其他支出,41.5.1.1
2016,925601,1500000000,第二預備金,第二預備金,第二預備金,第二預備金,42.1.1.1