year,code,amount,last_amount,name,topname,depname,depcat,category,cat,ref,comment
2016,101001010100,70924000,72147000,行政管理,宜蘭縣議會主管,宜蘭縣議會,一般行政,一般行政,宜蘭縣議會主管,01.001.01.01,"本年度預算數：
01  人事費  47,429千元
02  業務費  23,375千元
04  獎補助費  120千元
"
2016,101001020100,12161000,12562000,業務管理,宜蘭縣議會主管,宜蘭縣議會,議事業務,議事業務,宜蘭縣議會主管,01.001.02.01,"本年度預算數：
02  業務費  11,651千元
04  獎補助費  510千元
"
2016,101001020200,316000,316000,召開定期會,宜蘭縣議會主管,宜蘭縣議會,議事業務,議事業務,宜蘭縣議會主管,01.001.02.02,"本年度預算數：
01  人事費  36千元
02  業務費  280千元
"
2016,101001020300,282000,282000,召開臨時會,宜蘭縣議會主管,宜蘭縣議會,議事業務,議事業務,宜蘭縣議會主管,01.001.02.03,"本年度預算數：
01  人事費  72千元
02  業務費  210千元
"
2016,101001020400,91849000,91900000,法令研究,宜蘭縣議會主管,宜蘭縣議會,議事業務,議事業務,宜蘭縣議會主管,01.001.02.04,"本年度預算數：
01  人事費  79,039千元
02  業務費  12,810千元
"
2016,201001030100,1100000,1100000,建築及設備,宜蘭縣議會主管,宜蘭縣議會,一般建築及設備,一般建築及設備,宜蘭縣議會主管,01.001.03.01,
2016,123002010101,221368000,268309000,債務付息,宜蘭縣政府主管,宜蘭縣政府,債務付息,債務付息,宜蘭縣政府主管,03.002.01.01,"本年度預算數：
05  債務費  221,368千元
"
2016,114002010101,113906000,120474000,社政業務,宜蘭縣政府主管,宜蘭縣政府,社政業務,社政業務,宜蘭縣政府主管,03.002.01.01,"本年度預算數：
01  人事費  58,065千元
02  業務費  69,936千元
04  獎補助費  1,311,939千元
"
2016,114002010103,34851000,35318000,社政業務,宜蘭縣政府主管,宜蘭縣政府,社政業務,社政業務,宜蘭縣政府主管,03.002.01.01,"本年度預算數：
01  人事費  58,065千元
02  業務費  69,936千元
04  獎補助費  1,311,939千元
"
2016,114002010104,255560000,226287000,社政業務,宜蘭縣政府主管,宜蘭縣政府,社政業務,社政業務,宜蘭縣政府主管,03.002.01.01,"本年度預算數：
01  人事費  58,065千元
02  業務費  69,936千元
04  獎補助費  1,311,939千元
"
2016,114002010105,1035623000,1112200000,社政業務,宜蘭縣政府主管,宜蘭縣政府,社政業務,社政業務,宜蘭縣政府主管,03.002.01.01,"本年度預算數：
01  人事費  58,065千元
02  業務費  69,936千元
04  獎補助費  1,311,939千元
"
2016,112002010101,109111000,110738000,社會保險,宜蘭縣政府主管,宜蘭縣政府,社會保險,社會保險,宜蘭縣政府主管,03.002.01.01,"本年度預算數：
04  獎補助費  109,111千元
"
2016,113002010101,205947000,238977000,社會救助,宜蘭縣政府主管,宜蘭縣政府,社會救濟,社會救濟,宜蘭縣政府主管,03.002.01.01,"本年度預算數：
02  業務費  3,445千元
04  獎補助費  202,502千元
"
2016,117002010101,9734000,13020000,社區發展,宜蘭縣政府主管,宜蘭縣政府,社區發展,社區發展,宜蘭縣政府主管,03.002.01.01,"本年度預算數：
02  業務費  2,625千元
04  獎補助費  7,109千元
"
2016,110002010101,1862000,1465000,交通管理業務,宜蘭縣政府主管,宜蘭縣政府,交通管理業務,交通管理業務,宜蘭縣政府主管,03.002.01.01,"本年度預算數：
02  業務費  7,653千元
04  獎補助費  39,083千元
"
2016,110002010102,44874000,40780000,交通管理業務,宜蘭縣政府主管,宜蘭縣政府,交通管理業務,交通管理業務,宜蘭縣政府主管,03.002.01.01,"本年度預算數：
02  業務費  7,653千元
04  獎補助費  39,083千元
"
2016,107002010101,31731000,36209000,宗教禮俗,宜蘭縣政府主管,宜蘭縣政府,禮俗文獻,禮俗文獻,宜蘭縣政府主管,03.002.01.01,"本年度預算數：
02  業務費  2,891千元
04  獎補助費  28,840千元
"
2016,102002010101,93781000,89485000,行政管理,宜蘭縣政府主管,宜蘭縣政府,一般行政,一般行政,宜蘭縣政府主管,03.002.01.01,"本年度預算數：
01  人事費  87,446千元
02  業務費  51,272千元
04  獎補助費  2,104千元
"
2016,102002010102,3849000,4208000,行政管理,宜蘭縣政府主管,宜蘭縣政府,一般行政,一般行政,宜蘭縣政府主管,03.002.01.01,"本年度預算數：
01  人事費  87,446千元
02  業務費  51,272千元
04  獎補助費  2,104千元
"
2016,102002010103,5228000,7012000,行政管理,宜蘭縣政府主管,宜蘭縣政府,一般行政,一般行政,宜蘭縣政府主管,03.002.01.01,"本年度預算數：
01  人事費  87,446千元
02  業務費  51,272千元
04  獎補助費  2,104千元
"
2016,102002010104,7648000,7090000,行政管理,宜蘭縣政府主管,宜蘭縣政府,一般行政,一般行政,宜蘭縣政府主管,03.002.01.01,"本年度預算數：
01  人事費  87,446千元
02  業務費  51,272千元
04  獎補助費  2,104千元
"
2016,102002010105,1472000,1498000,行政管理,宜蘭縣政府主管,宜蘭縣政府,一般行政,一般行政,宜蘭縣政府主管,03.002.01.01,"本年度預算數：
01  人事費  87,446千元
02  業務費  51,272千元
04  獎補助費  2,104千元
"
2016,102002010106,24758000,23699000,行政管理,宜蘭縣政府主管,宜蘭縣政府,一般行政,一般行政,宜蘭縣政府主管,03.002.01.01,"本年度預算數：
01  人事費  87,446千元
02  業務費  51,272千元
04  獎補助費  2,104千元
"
2016,102002010107,189000,210000,行政管理,宜蘭縣政府主管,宜蘭縣政府,一般行政,一般行政,宜蘭縣政府主管,03.002.01.01,"本年度預算數：
01  人事費  87,446千元
02  業務費  51,272千元
04  獎補助費  2,104千元
"
2016,102002010108,1750000,1902000,行政管理,宜蘭縣政府主管,宜蘭縣政府,一般行政,一般行政,宜蘭縣政府主管,03.002.01.01,"本年度預算數：
01  人事費  87,446千元
02  業務費  51,272千元
04  獎補助費  2,104千元
"
2016,102002010109,90000,100000,行政管理,宜蘭縣政府主管,宜蘭縣政府,一般行政,一般行政,宜蘭縣政府主管,03.002.01.01,"本年度預算數：
01  人事費  87,446千元
02  業務費  51,272千元
04  獎補助費  2,104千元
"
2016,102002010110,2057000,4000000,行政管理,宜蘭縣政府主管,宜蘭縣政府,一般行政,一般行政,宜蘭縣政府主管,03.002.01.01,"本年度預算數：
01  人事費  87,446千元
02  業務費  51,272千元
04  獎補助費  2,104千元
"
2016,110002010401,1209000,1230000,採購與工程業務,宜蘭縣政府主管,宜蘭縣政府,交通管理業務,交通管理業務,宜蘭縣政府主管,03.002.01.04,"本年度預算數：
01  人事費  39,720千元
02  業務費  7,240千元
"
2016,110002010402,45571000,45693000,採購與工程業務,宜蘭縣政府主管,宜蘭縣政府,交通管理業務,交通管理業務,宜蘭縣政府主管,03.002.01.04,"本年度預算數：
01  人事費  39,720千元
02  業務費  7,240千元
"
2016,110002010403,180000,200000,採購與工程業務,宜蘭縣政府主管,宜蘭縣政府,交通管理業務,交通管理業務,宜蘭縣政府主管,03.002.01.04,"本年度預算數：
01  人事費  39,720千元
02  業務費  7,240千元
"
2016,115002010401,29673000,27721000,勞資關係與福利,宜蘭縣政府主管,宜蘭縣政府,勞資關係與福利,勞資關係與福利,宜蘭縣政府主管,03.002.01.04,"本年度預算數：
01  人事費  19,249千元
02  業務費  13,274千元
04  獎補助費  7,680千元
"
2016,115002010402,2393000,2548000,勞資關係與福利,宜蘭縣政府主管,宜蘭縣政府,勞資關係與福利,勞資關係與福利,宜蘭縣政府主管,03.002.01.04,"本年度預算數：
01  人事費  19,249千元
02  業務費  13,274千元
04  獎補助費  7,680千元
"
2016,115002010403,8137000,8863000,勞資關係與福利,宜蘭縣政府主管,宜蘭縣政府,勞資關係與福利,勞資關係與福利,宜蘭縣政府主管,03.002.01.04,"本年度預算數：
01  人事費  19,249千元
02  業務費  13,274千元
04  獎補助費  7,680千元
"
2016,109002010601,55647000,56608000,建管行政,宜蘭縣政府主管,宜蘭縣政府,建管行政,建管行政,宜蘭縣政府主管,03.002.01.06,"本年度預算數：
01  人事費  45,005千元
02  業務費  28,096千元
"
2016,109002010602,4015000,1933000,建管行政,宜蘭縣政府主管,宜蘭縣政府,建管行政,建管行政,宜蘭縣政府主管,03.002.01.06,"本年度預算數：
01  人事費  45,005千元
02  業務費  28,096千元
"
2016,109002010603,13439000,19790000,建管行政,宜蘭縣政府主管,宜蘭縣政府,建管行政,建管行政,宜蘭縣政府主管,03.002.01.06,"本年度預算數：
01  人事費  45,005千元
02  業務費  28,096千元
"
2016,104002010901,32112000,28765000,財政及公產業務,宜蘭縣政府主管,宜蘭縣政府,財政及公產業務,財政及公產業務,宜蘭縣政府主管,03.002.01.09,"本年度預算數：
01  人事費  32,888千元
02  業務費  7,169千元
04  獎補助費  10千元
"
2016,104002010902,1709000,1789000,財政及公產業務,宜蘭縣政府主管,宜蘭縣政府,財政及公產業務,財政及公產業務,宜蘭縣政府主管,03.002.01.09,"本年度預算數：
01  人事費  32,888千元
02  業務費  7,169千元
04  獎補助費  10千元
"
2016,104002010903,109000,120000,財政及公產業務,宜蘭縣政府主管,宜蘭縣政府,財政及公產業務,財政及公產業務,宜蘭縣政府主管,03.002.01.09,"本年度預算數：
01  人事費  32,888千元
02  業務費  7,169千元
04  獎補助費  10千元
"
2016,104002010904,1546000,1582000,財政及公產業務,宜蘭縣政府主管,宜蘭縣政府,財政及公產業務,財政及公產業務,宜蘭縣政府主管,03.002.01.09,"本年度預算數：
01  人事費  32,888千元
02  業務費  7,169千元
04  獎補助費  10千元
"
2016,104002010905,4185000,5063000,財政及公產業務,宜蘭縣政府主管,宜蘭縣政府,財政及公產業務,財政及公產業務,宜蘭縣政府主管,03.002.01.09,"本年度預算數：
01  人事費  32,888千元
02  業務費  7,169千元
04  獎補助費  10千元
"
2016,104002010907,406000,406000,財政及公產業務,宜蘭縣政府主管,宜蘭縣政府,財政及公產業務,財政及公產業務,宜蘭縣政府主管,03.002.01.09,"本年度預算數：
01  人事費  32,888千元
02  業務費  7,169千元
04  獎補助費  10千元
"
2016,108002011001,96981000,91848000,農業管理與輔導業務,宜蘭縣政府主管,宜蘭縣政府,農業管理與輔導業務,農業管理與輔導業務,宜蘭縣政府主管,03.002.01.10,"本年度預算數：
01  人事費  49,199千元
02  業務費  50,931千元
04  獎補助費  121,982千元
"
2016,108002011002,48652000,47506000,農業管理與輔導業務,宜蘭縣政府主管,宜蘭縣政府,農業管理與輔導業務,農業管理與輔導業務,宜蘭縣政府主管,03.002.01.10,"本年度預算數：
01  人事費  49,199千元
02  業務費  50,931千元
04  獎補助費  121,982千元
"
2016,108002011003,12811000,9555000,農業管理與輔導業務,宜蘭縣政府主管,宜蘭縣政府,農業管理與輔導業務,農業管理與輔導業務,宜蘭縣政府主管,03.002.01.10,"本年度預算數：
01  人事費  49,199千元
02  業務費  50,931千元
04  獎補助費  121,982千元
"
2016,108002011004,12937000,39834000,農業管理與輔導業務,宜蘭縣政府主管,宜蘭縣政府,農業管理與輔導業務,農業管理與輔導業務,宜蘭縣政府主管,03.002.01.10,"本年度預算數：
01  人事費  49,199千元
02  業務費  50,931千元
04  獎補助費  121,982千元
"
2016,108002011005,44144000,7104000,農業管理與輔導業務,宜蘭縣政府主管,宜蘭縣政府,農業管理與輔導業務,農業管理與輔導業務,宜蘭縣政府主管,03.002.01.10,"本年度預算數：
01  人事費  49,199千元
02  業務費  50,931千元
04  獎補助費  121,982千元
"
2016,108002011006,6587000,1154000,農業管理與輔導業務,宜蘭縣政府主管,宜蘭縣政府,農業管理與輔導業務,農業管理與輔導業務,宜蘭縣政府主管,03.002.01.10,"本年度預算數：
01  人事費  49,199千元
02  業務費  50,931千元
04  獎補助費  121,982千元
"
2016,103002011301,30546000,29545000,民政業務,宜蘭縣政府主管,宜蘭縣政府,民政業務,民政業務,宜蘭縣政府主管,03.002.01.13,"本年度預算數：
01  人事費  29,507千元
02  業務費  16,794千元
04  獎補助費  55,188千元
"
2016,103002011302,3501000,4299000,民政業務,宜蘭縣政府主管,宜蘭縣政府,民政業務,民政業務,宜蘭縣政府主管,03.002.01.13,"本年度預算數：
01  人事費  29,507千元
02  業務費  16,794千元
04  獎補助費  55,188千元
"
2016,103002011304,47092000,72812000,民政業務,宜蘭縣政府主管,宜蘭縣政府,民政業務,民政業務,宜蘭縣政府主管,03.002.01.13,"本年度預算數：
01  人事費  29,507千元
02  業務費  16,794千元
04  獎補助費  55,188千元
"
2016,103002011305,19182000,20795000,民政業務,宜蘭縣政府主管,宜蘭縣政府,民政業務,民政業務,宜蘭縣政府主管,03.002.01.13,"本年度預算數：
01  人事費  29,507千元
02  業務費  16,794千元
04  獎補助費  55,188千元
"
2016,103002011306,1168000,1242000,民政業務,宜蘭縣政府主管,宜蘭縣政府,民政業務,民政業務,宜蘭縣政府主管,03.002.01.13,"本年度預算數：
01  人事費  29,507千元
02  業務費  16,794千元
04  獎補助費  55,188千元
"
2016,102002020101,24158000,25520000,主計業務,宜蘭縣政府主管,宜蘭縣政府,主計業務,主計業務,宜蘭縣政府主管,03.002.02.01,"本年度預算數：
01  人事費  21,432千元
02  業務費  2,726千元
"
2016,109002020101,100739000,105182000,工礦管理,宜蘭縣政府主管,宜蘭縣政府,工礦管理,工礦管理,宜蘭縣政府主管,03.002.02.01,"本年度預算數：
01  人事費  39,092千元
02  業務費  4,874千元
04  獎補助費  56,773千元
"
2016,117002020101,75655000,81379000,下水道業務,宜蘭縣政府主管,宜蘭縣政府,下水道業務,下水道業務,宜蘭縣政府主管,03.002.02.01,"本年度預算數：
01  人事費  1,891千元
02  業務費  61,207千元
04  獎補助費  12,557千元
"
2016,203002020101,37000000,15700000,民政公共工程,宜蘭縣政府主管,宜蘭縣政府,民政公共工程,民政公共工程,宜蘭縣政府主管,03.002.02.01,
2016,102002030101,25592000,26266000,人事業務,宜蘭縣政府主管,宜蘭縣政府,人事業務,人事業務,宜蘭縣政府主管,03.002.03.01,"本年度預算數：
01  人事費  21,420千元
02  業務費  4,114千元
04  獎補助費  58千元
"
2016,119002030101,1627264000,1592049000,教育人員退休給付,宜蘭縣政府主管,宜蘭縣政府,教育基金退撫,教育基金退撫,宜蘭縣政府主管,03.002.03.01,"本年度預算數：
04  獎補助費  1,627,264千元
"
2016,129002030101,84698000,86524000,教育人員各項補助,宜蘭縣政府主管,宜蘭縣政府,教育基金各項補助,教育基金各項補助,宜蘭縣政府主管,03.002.03.01,"本年度預算數：
04  獎補助費  84,698千元
"
2016,214002030101,3204000,12650000,社會福利設施,宜蘭縣政府主管,宜蘭縣政府,社會福利設施,社會福利設施,宜蘭縣政府主管,03.002.03.01,
2016,211002030101,35702000,332000000,公共建設,宜蘭縣政府主管,宜蘭縣政府,公共建設,公共建設,宜蘭縣政府主管,03.002.03.01,
2016,209002030101,70962000,241116000,充實經建設施,宜蘭縣政府主管,宜蘭縣政府,經建設施,經建設施,宜蘭縣政府主管,03.002.03.01,
2016,210002030101,1129519000,639378000,道路橋梁工程,宜蘭縣政府主管,宜蘭縣政府,道路橋梁工程,道路橋梁工程,宜蘭縣政府主管,03.002.03.01,
2016,217002030101,819430000,816626000,下水道建設,宜蘭縣政府主管,宜蘭縣政府,下水道建設,下水道建設,宜蘭縣政府主管,03.002.03.01,
2016,119002030201,6340000,5397000,教育人員撫卹給付,宜蘭縣政府主管,宜蘭縣政府,教育基金退撫,教育基金退撫,宜蘭縣政府主管,03.002.03.02,"本年度預算數：
04  獎補助費  6,340千元
"
2016,119002030301,1500000,1500000,教育人員因公致殘廢死亡慰問金,宜蘭縣政府主管,宜蘭縣政府,教育基金退撫,教育基金退撫,宜蘭縣政府主管,03.002.03.03,"本年度預算數：
04  獎補助費  1,500千元
"
2016,102002040101,12564000,11243000,政風業務,宜蘭縣政府主管,宜蘭縣政府,政風業務,政風業務,宜蘭縣政府主管,03.002.04.01,"本年度預算數：
01  人事費  11,188千元
02  業務費  1,376千元
"
2016,211002040101,342506000,152096000,觀光區整建工程,宜蘭縣政府主管,宜蘭縣政府,觀光區整建工程,觀光區整建工程,宜蘭縣政府主管,03.002.04.01,
2016,102002050101,40056000,39395000,施政計畫綜合業務,宜蘭縣政府主管,宜蘭縣政府,施政計畫綜合業務,施政計畫綜合業務,宜蘭縣政府主管,03.002.05.01,"本年度預算數：
01  人事費  33,859千元
02  業務費  41,485千元
04  獎補助費  40千元
"
2016,102002050102,35328000,30612000,施政計畫綜合業務,宜蘭縣政府主管,宜蘭縣政府,施政計畫綜合業務,施政計畫綜合業務,宜蘭縣政府主管,03.002.05.01,"本年度預算數：
01  人事費  33,859千元
02  業務費  41,485千元
04  獎補助費  40千元
"
2016,103002051201,30784000,31484000,地政業務,宜蘭縣政府主管,宜蘭縣政府,地政業務,地政業務,宜蘭縣政府主管,03.002.05.12,"本年度預算數：
01  人事費  29,504千元
02  業務費  3,452千元
"
2016,103002051202,937000,652000,地政業務,宜蘭縣政府主管,宜蘭縣政府,地政業務,地政業務,宜蘭縣政府主管,03.002.05.12,"本年度預算數：
01  人事費  29,504千元
02  業務費  3,452千元
"
2016,103002051203,959000,997000,地政業務,宜蘭縣政府主管,宜蘭縣政府,地政業務,地政業務,宜蘭縣政府主管,03.002.05.12,"本年度預算數：
01  人事費  29,504千元
02  業務費  3,452千元
"
2016,103002051204,276000,305000,地政業務,宜蘭縣政府主管,宜蘭縣政府,地政業務,地政業務,宜蘭縣政府主管,03.002.05.12,"本年度預算數：
01  人事費  29,504千元
02  業務費  3,452千元
"
2016,105002060101,6105311000,6093264000,地方教育發展基金,宜蘭縣政府主管,宜蘭縣政府,教育基金,教育基金,宜蘭縣政府主管,03.002.06.01,"本年度預算數：
04  獎補助費  6,105,311千元
"
2016,208002060101,121369000,102740000,農漁業工程,宜蘭縣政府主管,宜蘭縣政府,農漁業工程,農漁業工程,宜蘭縣政府主管,03.002.06.01,
2016,203002060101,19493000,19803000,農水路改善工程,宜蘭縣政府主管,宜蘭縣政府,農地重劃區改善工程,農地重劃區改善工程,宜蘭縣政府主管,03.002.06.01,
2016,205002060201,474357000,348579000,教育業務建築及設備,宜蘭縣政府主管,宜蘭縣政府,教育基金,教育基金,宜蘭縣政府主管,03.002.06.02,
2016,202002070101,6560000,10737000,建築及設備,宜蘭縣政府主管,宜蘭縣政府,一般建築及設備,一般建築及設備,宜蘭縣政府主管,03.002.07.01,
2016,111002070101,9919000,4446000,工商與觀光事業管理,宜蘭縣政府主管,宜蘭縣政府,工商與觀光事業管理,工商與觀光事業管理,宜蘭縣政府主管,03.002.07.01,"本年度預算數：
02  業務費  168,196千元
04  獎補助費  6,365千元
"
2016,111002070102,47795000,47609000,工商與觀光事業管理,宜蘭縣政府主管,宜蘭縣政府,工商與觀光事業管理,工商與觀光事業管理,宜蘭縣政府主管,03.002.07.01,"本年度預算數：
02  業務費  168,196千元
04  獎補助費  6,365千元
"
2016,111002070103,6200000,7938000,工商與觀光事業管理,宜蘭縣政府主管,宜蘭縣政府,工商與觀光事業管理,工商與觀光事業管理,宜蘭縣政府主管,03.002.07.01,"本年度預算數：
02  業務費  168,196千元
04  獎補助費  6,365千元
"
2016,111002070104,110647000,111813000,工商與觀光事業管理,宜蘭縣政府主管,宜蘭縣政府,工商與觀光事業管理,工商與觀光事業管理,宜蘭縣政府主管,03.002.07.01,"本年度預算數：
02  業務費  168,196千元
04  獎補助費  6,365千元
"
2016,202002080101,10000000,0,施政計畫建設,宜蘭縣政府主管,宜蘭縣政府,施政計畫,施政計畫,宜蘭縣政府主管,03.002.08.01,
2016,202002080201,32758000,42363000,資訊設備,宜蘭縣政府主管,宜蘭縣政府,施政計畫,施政計畫,宜蘭縣政府主管,03.002.08.02,
2016,108002080401,110808000,64000000,水利業務,宜蘭縣政府主管,宜蘭縣政府,水利業務,水利業務,宜蘭縣政府主管,03.002.08.04,"本年度預算數：
01  人事費  2,966千元
02  業務費  107,067千元
04  獎補助費  775千元
"
2016,208002090101,507964000,120936000,水利建設,宜蘭縣政府主管,宜蘭縣政府,水利建設,水利建設,宜蘭縣政府主管,03.002.09.01,
2016,103003010100,126934000,124412000,行政管理,民政處主管,宜蘭縣各戶政事務所,一般行政,一般行政,民政處主管,04.003.01.01,"本年度預算數：
01  人事費  125,705千元
02  業務費  874千元
04  獎補助費  355千元
"
2016,103003020100,8435000,9159000,戶政事務工作,民政處主管,宜蘭縣各戶政事務所,戶政事務,戶政事務,民政處主管,04.003.02.01,"本年度預算數：
01  人事費  432千元
02  業務費  8,003千元
"
2016,203003030100,1009000,346000,建築及設備,民政處主管,各戶政事務所,一般建築及設備,一般建築及設備,民政處主管,04.003.03.01,
2016,103020010100,10054000,11035000,行政管理,民政處主管,宜蘭縣原住民事務所,一般行政,一般行政,民政處主管,04.020.01.01,"本年度預算數：
01  人事費  9,084千元
02  業務費  970千元
"
2016,103020020100,39974000,43358000,原住民行政,民政處主管,宜蘭縣原住民事務所,原住民行政,原住民行政,民政處主管,04.020.02.01,"本年度預算數：
01  人事費  550千元
02  業務費  11,738千元
04  獎補助費  27,686千元
"
2016,203020030100,124344000,148509000,建築及設備,民政處主管,宜蘭縣原住民事務所,一般建築及設備,一般建築及設備,民政處主管,04.020.03.01,
2016,107011010100,7059000,6914000,行政管理,教育處主管,宜蘭縣立體育場,一般行政,一般行政,教育處主管,05.011.01.01,"本年度預算數：
01  人事費  6,903千元
02  業務費  156千元
"
2016,107011020100,29921000,30837000,活動推廣,教育處主管,宜蘭縣立體育場,體育場管理,體育場管理,教育處主管,05.011.02.01,"本年度預算數：
02  業務費  29,921千元
"
2016,207011030100,6883000,2313000,建築及設備,教育處主管,宜蘭縣立體育場,一般建築及設備,一般建築及設備,教育處主管,05.011.03.01,
2016,105055010100,12362000,11233000,行政管理,教育處主管,宜蘭縣家庭教育中心,一般行政,一般行政,教育處主管,05.055.01.01,"本年度預算數：
01  人事費  5,531千元
02  業務費  6,831千元
"
2016,123010010100,0,16020000,債務付息,宜蘭縣政府文化局主管,宜蘭縣政府文化局,債務付息,債務付息,宜蘭縣政府文化局主管,06.010.01.01,"本年度預算數：
"
2016,107010010100,57649000,57707000,行政管理,宜蘭縣政府文化局主管,宜蘭縣政府文化局,一般行政,一般行政,宜蘭縣政府文化局主管,06.010.01.01,"本年度預算數：
01  人事費  47,789千元
02  業務費  9,812千元
04  獎補助費  48千元
"
2016,107010010300,7316000,7378000,圖書管理,宜蘭縣政府文化局主管,宜蘭縣政府文化局,一般行政,一般行政,宜蘭縣政府文化局主管,06.010.01.03,"本年度預算數：
01  人事費  12千元
02  業務費  6,824千元
04  獎補助費  480千元
"
2016,107010020100,130780000,126649000,文化發展,宜蘭縣政府文化局主管,宜蘭縣政府文化局,文教活動,文教活動,宜蘭縣政府文化局主管,06.010.02.01,"本年度預算數：
01  人事費  1,896千元
02  業務費  122,584千元
04  獎補助費  6,300千元
"
2016,107010020200,21389000,21484000,視覺藝術,宜蘭縣政府文化局主管,宜蘭縣政府文化局,文教活動,文教活動,宜蘭縣政府文化局主管,06.010.02.02,"本年度預算數：
01  人事費  12千元
02  業務費  19,206千元
04  獎補助費  2,171千元
"
2016,107010020400,62769000,67706000,文化資產管理,宜蘭縣政府文化局主管,宜蘭縣政府文化局,文教活動,文教活動,宜蘭縣政府文化局主管,06.010.02.04,"本年度預算數：
01  人事費  9千元
02  業務費  9,760千元
04  獎補助費  53,000千元
"
2016,107010020500,27408000,27120000,表演藝術,宜蘭縣政府文化局主管,宜蘭縣政府文化局,文教活動,文教活動,宜蘭縣政府文化局主管,06.010.02.05,"本年度預算數：
02  業務費  14,308千元
04  獎補助費  13,100千元
"
2016,107010020600,20679000,22182000,文化工場,宜蘭縣政府文化局主管,宜蘭縣政府文化局,文教活動,文教活動,宜蘭縣政府文化局主管,06.010.02.06,"本年度預算數：
02  業務費  18,295千元
04  獎補助費  2,384千元
"
2016,107010020900,0,7400000,中興文創,宜蘭縣政府文化局主管,宜蘭縣政府文化局,文教活動,文教活動,宜蘭縣政府文化局主管,06.010.02.09,"本年度預算數：
"
2016,207010030100,113303000,37710000,建築及設備,宜蘭縣政府文化局主管,宜蘭縣政府文化局,一般建築及設備,一般建築及設備,宜蘭縣政府文化局主管,06.010.03.01,
2016,107019010100,14726000,14793000,行政管理,宜蘭縣政府文化局主管,宜蘭縣史館,一般行政,一般行政,宜蘭縣政府文化局主管,06.019.01.01,"本年度預算數：
01  人事費  9,391千元
02  業務費  5,315千元
04  獎補助費  20千元
"
2016,107019020900,3973000,4706000,文獻典藏,宜蘭縣政府文化局主管,宜蘭縣史館,文教活動,文教活動,宜蘭縣政府文化局主管,06.019.02.09,"本年度預算數：
02  業務費  3,973千元
"
2016,207019030100,1850000,155000,建築及設備,宜蘭縣政府文化局主管,宜蘭縣史館,一般建築及設備,一般建築及設備,宜蘭縣政府文化局主管,06.019.03.01,
2016,108012010100,24437000,24043000,行政管理,農業處主管,宜蘭縣動植物防疫所,一般行政,一般行政,農業處主管,07.012.01.01,"本年度預算數：
01  人事費  22,461千元
02  業務費  1,908千元
04  獎補助費  68千元
"
2016,108012010200,300000,309000,車輛維護,農業處主管,宜蘭縣動植物防疫所,一般行政,一般行政,農業處主管,07.012.01.02,"本年度預算數：
02  業務費  300千元
"
2016,108012020100,29389000,42912000,動物疾病防疫,農業處主管,宜蘭縣動植物防疫所,家畜防疫,家畜防疫,農業處主管,07.012.02.01,"本年度預算數：
01  人事費  1,071千元
02  業務費  27,250千元
04  獎補助費  1,068千元
"
2016,208012030100,3434000,1850000,建築及設備,農業處主管,宜蘭縣動植物防疫所,一般建築及設備,一般建築及設備,農業處主管,07.012.03.01,
2016,108021010100,19708000,17974000,行政管理,農業處主管,宜蘭縣漁業管理所,一般行政,一般行政,農業處主管,07.021.01.01,"本年度預算數：
01  人事費  18,547千元
02  業務費  1,156千元
04  獎補助費  5千元
"
2016,108021020100,21466000,14351000,漁業管理,農業處主管,宜蘭縣漁業管理所,漁業管理,漁業管理,農業處主管,07.021.02.01,"本年度預算數：
01  人事費  40千元
02  業務費  16,844千元
04  獎補助費  4,582千元
"
2016,208021030100,2496000,7893000,建築及設備,農業處主管,宜蘭縣漁業管理所,一般建築及設備,一般建築及設備,農業處主管,07.021.03.01,
2016,118004010100,48772000,48911000,行政管理,宜蘭縣政府環境保護局主管,宜蘭縣政府環境保護局,一般行政,一般行政,宜蘭縣政府環境保護局主管,09.004.01.01,"本年度預算數：
01  人事費  48,473千元
02  業務費  251千元
04  獎補助費  48千元
"
2016,118004010200,1251000,1100000,業務管理,宜蘭縣政府環境保護局主管,宜蘭縣政府環境保護局,一般行政,一般行政,宜蘭縣政府環境保護局主管,09.004.01.02,"本年度預算數：
02  業務費  1,251千元
"
2016,118004010300,711000,842000,車輛維護,宜蘭縣政府環境保護局主管,宜蘭縣政府環境保護局,一般行政,一般行政,宜蘭縣政府環境保護局主管,09.004.01.03,"本年度預算數：
02  業務費  711千元
"
2016,118004020100,3026000,2169000,環境保育,宜蘭縣政府環境保護局主管,宜蘭縣政府環境保護局,環保業務,環保業務,宜蘭縣政府環境保護局主管,09.004.02.01,"本年度預算數：
02  業務費  2,108千元
04  獎補助費  918千元
"
2016,118004020200,14196000,9958000,公害防治,宜蘭縣政府環境保護局主管,宜蘭縣政府環境保護局,環保業務,環保業務,宜蘭縣政府環境保護局主管,09.004.02.02,"本年度預算數：
02  業務費  11,263千元
04  獎補助費  2,933千元
"
2016,118004020300,408461000,373941000,廢棄物管理及環境衛生,宜蘭縣政府環境保護局主管,宜蘭縣政府環境保護局,環保業務,環保業務,宜蘭縣政府環境保護局主管,09.004.02.03,"本年度預算數：
01  人事費  350千元
02  業務費  201,242千元
04  獎補助費  206,869千元
"
2016,118004020600,445000,445000,環境檢驗,宜蘭縣政府環境保護局主管,宜蘭縣政府環境保護局,環保業務,環保業務,宜蘭縣政府環境保護局主管,09.004.02.06,"本年度預算數：
02  業務費  445千元
"
2016,218004030100,16166000,6866000,建築及設備,宜蘭縣政府環境保護局主管,宜蘭縣政府環境保護局,一般建築及設備,一般建築及設備,宜蘭縣政府環境保護局主管,09.004.03.01,
2016,103005010100,74296000,78436000,行政管理,地政處主管,宜蘭縣宜蘭地政事務所,一般行政,一般行政,地政處主管,10.005.01.01,"本年度預算數：
01  人事費  73,198千元
02  業務費  997千元
04  獎補助費  101千元
"
2016,103005010200,2297000,2482000,業務管理,地政處主管,宜蘭縣宜蘭地政事務所,一般行政,一般行政,地政處主管,10.005.01.02,"本年度預算數：
02  業務費  2,297千元
"
2016,103005010300,365000,453000,車輛維護,地政處主管,宜蘭縣宜蘭地政事務所,一般行政,一般行政,地政處主管,10.005.01.03,"本年度預算數：
02  業務費  365千元
"
2016,103005020100,9820000,9322000,地籍管理,地政處主管,宜蘭縣宜蘭地政事務所,地政業務,地政業務,地政處主管,10.005.02.01,"本年度預算數：
01  人事費  131千元
02  業務費  3,427千元
04  獎補助費  6,262千元
"
2016,103005020200,4917000,4594000,土地測量地目變更,地政處主管,宜蘭縣宜蘭地政事務所,地政業務,地政業務,地政處主管,10.005.02.02,"本年度預算數：
01  人事費  70千元
02  業務費  4,847千元
"
2016,103005020300,1563000,1600000,平均地權,地政處主管,宜蘭縣宜蘭地政事務所,地政業務,地政業務,地政處主管,10.005.02.03,"本年度預算數：
02  業務費  1,563千元
"
2016,103005020400,109000,121000,地權管理,地政處主管,宜蘭縣宜蘭地政事務所,地政業務,地政業務,地政處主管,10.005.02.04,"本年度預算數：
02  業務費  109千元
"
2016,203005030100,1163000,1486000,建築及設備,地政處主管,宜蘭縣宜蘭地政事務所,一般建築及設備,一般建築及設備,地政處主管,10.005.03.01,
2016,103006010100,86954000,90910000,行政管理,地政處主管,宜蘭縣羅東地政事務所,一般行政,一般行政,地政處主管,10.006.01.01,"本年度預算數：
01  人事費  86,278千元
02  業務費  522千元
04  獎補助費  154千元
"
2016,103006010200,2080000,2174000,業務管理,地政處主管,宜蘭縣羅東地政事務所,一般行政,一般行政,地政處主管,10.006.01.02,"本年度預算數：
02  業務費  2,080千元
"
2016,103006010300,512000,569000,車輛維護,地政處主管,宜蘭縣羅東地政事務所,一般行政,一般行政,地政處主管,10.006.01.03,"本年度預算數：
02  業務費  512千元
"
2016,103006020100,8233000,8121000,地籍管理,地政處主管,宜蘭縣羅東地政事務所,地政業務,地政業務,地政處主管,10.006.02.01,"本年度預算數：
01  人事費  66千元
02  業務費  2,683千元
04  獎補助費  5,484千元
"
2016,103006020200,5825000,5777000,土地測量地目變更,地政處主管,宜蘭縣羅東地政事務所,地政業務,地政業務,地政處主管,10.006.02.02,"本年度預算數：
01  人事費  40千元
02  業務費  5,785千元
"
2016,103006020300,1239000,1274000,平均地權,地政處主管,宜蘭縣羅東地政事務所,地政業務,地政業務,地政處主管,10.006.02.03,"本年度預算數：
02  業務費  1,239千元
"
2016,103006020400,456000,472000,地權管理,地政處主管,宜蘭縣羅東地政事務所,地政業務,地政業務,地政處主管,10.006.02.04,"本年度預算數：
02  業務費  456千元
"
2016,203006030100,456000,1532000,建築及設備,地政處主管,宜蘭縣羅東地政事務所,一般建築及設備,一般建築及設備,地政處主管,10.006.03.01,
2016,104009010100,143665000,145509000,行政管理,宜蘭縣政府地方稅務局主管,宜蘭縣政府地方稅務局,一般行政,一般行政,宜蘭縣政府地方稅務局主管,11.009.01.01,"本年度預算數：
01  人事費  136,993千元
02  業務費  6,216千元
04  獎補助費  456千元
"
2016,104009020400,1644000,1875000,稅務管理,宜蘭縣政府地方稅務局主管,宜蘭縣政府地方稅務局,稅捐稽徵業務,稅捐稽徵業務,宜蘭縣政府地方稅務局主管,11.009.02.04,"本年度預算數：
02  業務費  1,644千元
"
2016,104009021000,1170000,1326000,企劃服務,宜蘭縣政府地方稅務局主管,宜蘭縣政府地方稅務局,稅捐稽徵業務,稅捐稽徵業務,宜蘭縣政府地方稅務局主管,11.009.02.10,"本年度預算數：
02  業務費  1,170千元
"
2016,104009021900,16599000,15948000,財產稅稽徵,宜蘭縣政府地方稅務局主管,宜蘭縣政府地方稅務局,稅捐稽徵業務,稅捐稽徵業務,宜蘭縣政府地方稅務局主管,11.009.02.19,"本年度預算數：
02  業務費  16,599千元
"
2016,104009022000,6250000,5958000,土地稅稽徵,宜蘭縣政府地方稅務局主管,宜蘭縣政府地方稅務局,稅捐稽徵業務,稅捐稽徵業務,宜蘭縣政府地方稅務局主管,11.009.02.20,"本年度預算數：
02  業務費  6,250千元
"
2016,104009022100,1066000,1186000,印花稅及娛樂稅稽徵,宜蘭縣政府地方稅務局主管,宜蘭縣政府地方稅務局,稅捐稽徵業務,稅捐稽徵業務,宜蘭縣政府地方稅務局主管,11.009.02.21,"本年度預算數：
02  業務費  876千元
04  獎補助費  190千元
"
2016,104009022200,2377000,2515000,法務案件處理,宜蘭縣政府地方稅務局主管,宜蘭縣政府地方稅務局,稅捐稽徵業務,稅捐稽徵業務,宜蘭縣政府地方稅務局主管,11.009.02.22,"本年度預算數：
02  業務費  2,367千元
04  獎補助費  10千元
"
2016,104009022300,6198000,6459000,資訊處理,宜蘭縣政府地方稅務局主管,宜蘭縣政府地方稅務局,稅捐稽徵業務,稅捐稽徵業務,宜蘭縣政府地方稅務局主管,11.009.02.23,"本年度預算數：
02  業務費  6,198千元
"
2016,204009030100,1469000,15744000,建築及設備,宜蘭縣政府地方稅務局主管,宜蘭縣政府地方稅務局,一般建築及設備,一般建築及設備,宜蘭縣政府地方稅務局主管,11.009.03.01,
2016,121014010100,1603707000,1651163000,行政管理,宜蘭縣政府警察局主管,宜蘭縣政府警察局,一般行政,一般行政,宜蘭縣政府警察局主管,12.014.01.01,"本年度預算數：
01  人事費  1,517,960千元
02  業務費  84,537千元
04  獎補助費  1,210千元
"
2016,121014020100,330000,451000,警察行政工作,宜蘭縣政府警察局主管,宜蘭縣政府警察局,警政業務,警政業務,宜蘭縣政府警察局主管,12.014.02.01,"本年度預算數：
02  業務費  330千元
"
2016,121014020200,36479000,35773000,保安業務,宜蘭縣政府警察局主管,宜蘭縣政府警察局,警政業務,警政業務,宜蘭縣政府警察局主管,12.014.02.02,"本年度預算數：
02  業務費  33,479千元
04  獎補助費  3,000千元
"
2016,121014020300,362000,469000,保防業務,宜蘭縣政府警察局主管,宜蘭縣政府警察局,警政業務,警政業務,宜蘭縣政府警察局主管,12.014.02.03,"本年度預算數：
01  人事費  92千元
02  業務費  270千元
"
2016,121014020400,6967000,7177000,督察業務,宜蘭縣政府警察局主管,宜蘭縣政府警察局,警政業務,警政業務,宜蘭縣政府警察局主管,12.014.02.04,"本年度預算數：
01  人事費  641千元
02  業務費  6,326千元
"
2016,121014020500,1220000,1364000,防治業務,宜蘭縣政府警察局主管,宜蘭縣政府警察局,警政業務,警政業務,宜蘭縣政府警察局主管,12.014.02.05,"本年度預算數：
02  業務費  1,220千元
"
2016,121014020600,60368000,57314000,交通管理,宜蘭縣政府警察局主管,宜蘭縣政府警察局,警政業務,警政業務,宜蘭縣政府警察局主管,12.014.02.06,"本年度預算數：
01  人事費  5,187千元
02  業務費  55,181千元
"
2016,121014020700,11030000,11959000,刑事業務,宜蘭縣政府警察局主管,宜蘭縣政府警察局,警政業務,警政業務,宜蘭縣政府警察局主管,12.014.02.07,"本年度預算數：
01  人事費  2,353千元
02  業務費  8,677千元
"
2016,121014020900,200000,260000,外事業務,宜蘭縣政府警察局主管,宜蘭縣政府警察局,警政業務,警政業務,宜蘭縣政府警察局主管,12.014.02.09,"本年度預算數：
02  業務費  200千元
"
2016,121014021000,1143000,1427000,民防工作,宜蘭縣政府警察局主管,宜蘭縣政府警察局,警政業務,警政業務,宜蘭縣政府警察局主管,12.014.02.10,"本年度預算數：
01  人事費  183千元
02  業務費  960千元
"
2016,221014030100,54069000,45293000,建築及設備,宜蘭縣政府警察局主管,宜蘭縣政府警察局,一般建築及設備,一般建築及設備,宜蘭縣政府警察局主管,12.014.03.01,
2016,103018010100,290529000,283396000,行政管理,宜蘭縣政府消防局主管,宜蘭縣政府消防局,一般行政,一般行政,宜蘭縣政府消防局主管,13.018.01.01,"本年度預算數：
01  人事費  290,089千元
02  業務費  276千元
04  獎補助費  164千元
"
2016,103018010200,19295000,20559000,業務管理,宜蘭縣政府消防局主管,宜蘭縣政府消防局,一般行政,一般行政,宜蘭縣政府消防局主管,13.018.01.02,"本年度預算數：
02  業務費  19,295千元
"
2016,103018020200,1044000,1151000,災害預防,宜蘭縣政府消防局主管,宜蘭縣政府消防局,消防業務,消防業務,宜蘭縣政府消防局主管,13.018.02.02,"本年度預算數：
02  業務費  842千元
04  獎補助費  202千元
"
2016,103018020300,7083000,8352000,災害搶救,宜蘭縣政府消防局主管,宜蘭縣政府消防局,消防業務,消防業務,宜蘭縣政府消防局主管,13.018.02.03,"本年度預算數：
02  業務費  6,084千元
04  獎補助費  999千元
"
2016,103018020400,2529000,1870000,教育訓練,宜蘭縣政府消防局主管,宜蘭縣政府消防局,消防業務,消防業務,宜蘭縣政府消防局主管,13.018.02.04,"本年度預算數：
02  業務費  2,529千元
"
2016,103018020500,3903000,4205000,救災救護指揮,宜蘭縣政府消防局主管,宜蘭縣政府消防局,消防業務,消防業務,宜蘭縣政府消防局主管,13.018.02.05,"本年度預算數：
01  人事費  183千元
02  業務費  3,720千元
"
2016,103018020700,385000,428000,火災調查,宜蘭縣政府消防局主管,宜蘭縣政府消防局,消防業務,消防業務,宜蘭縣政府消防局主管,13.018.02.07,"本年度預算數：
02  業務費  385千元
"
2016,103018020900,5813000,6865000,災害管理,宜蘭縣政府消防局主管,宜蘭縣政府消防局,消防業務,消防業務,宜蘭縣政府消防局主管,13.018.02.09,"本年度預算數：
02  業務費  5,813千元
"
2016,203018030100,25187000,53118000,建築及設備,宜蘭縣政府消防局主管,宜蘭縣政府消防局,一般建築及設備,一般建築及設備,宜蘭縣政府消防局主管,13.018.03.01,
2016,116015010100,85724000,68522000,行政管理,宜蘭縣政府衛生局主管,宜蘭縣政府衛生局,一般行政,一般行政,宜蘭縣政府衛生局主管,15.015.01.01,"本年度預算數：
01  人事費  83,950千元
02  業務費  1,390千元
04  獎補助費  384千元
"
2016,116015010200,4573000,5401000,業務管理,宜蘭縣政府衛生局主管,宜蘭縣政府衛生局,一般行政,一般行政,宜蘭縣政府衛生局主管,15.015.01.02,"本年度預算數：
01  人事費  30千元
02  業務費  4,543千元
"
2016,116015010300,867000,929000,車輛維護,宜蘭縣政府衛生局主管,宜蘭縣政府衛生局,一般行政,一般行政,宜蘭縣政府衛生局主管,15.015.01.03,"本年度預算數：
02  業務費  867千元
"
2016,116015020100,14896000,12688000,疾病管制,宜蘭縣政府衛生局主管,宜蘭縣政府衛生局,衛生業務,衛生業務,宜蘭縣政府衛生局主管,15.015.02.01,"本年度預算數：
01  人事費  15千元
02  業務費  14,881千元
"
2016,116015020200,6741000,5717000,衛生企劃,宜蘭縣政府衛生局主管,宜蘭縣政府衛生局,衛生業務,衛生業務,宜蘭縣政府衛生局主管,15.015.02.02,"本年度預算數：
01  人事費  49千元
02  業務費  6,692千元
"
2016,116015020300,4818000,7469000,醫政管理,宜蘭縣政府衛生局主管,宜蘭縣政府衛生局,衛生業務,衛生業務,宜蘭縣政府衛生局主管,15.015.02.03,"本年度預算數：
01  人事費  60千元
02  業務費  1,607千元
04  獎補助費  3,151千元
"
2016,116015020500,20048000,17012000,社區保健,宜蘭縣政府衛生局主管,宜蘭縣政府衛生局,衛生業務,衛生業務,宜蘭縣政府衛生局主管,15.015.02.05,"本年度預算數：
01  人事費  139千元
02  業務費  19,459千元
04  獎補助費  450千元
"
2016,116015020600,0,2549000,衛生檢驗,宜蘭縣政府衛生局主管,宜蘭縣政府衛生局,衛生業務,衛生業務,宜蘭縣政府衛生局主管,15.015.02.06,"本年度預算數：
"
2016,116015020900,5547000,5963000,食品藥物管理,宜蘭縣政府衛生局主管,宜蘭縣政府衛生局,衛生業務,衛生業務,宜蘭縣政府衛生局主管,15.015.02.09,"本年度預算數：
01  人事費  11千元
02  業務費  5,526千元
04  獎補助費  10千元
"
2016,116015021000,0,21407000,健康照護,宜蘭縣政府衛生局主管,宜蘭縣政府衛生局,衛生業務,衛生業務,宜蘭縣政府衛生局主管,15.015.02.10,"本年度預算數：
"
2016,116015021100,14483000,0,心理衛生及毒品防制,宜蘭縣政府衛生局主管,宜蘭縣政府衛生局,衛生業務,衛生業務,宜蘭縣政府衛生局主管,15.015.02.11,"本年度預算數：
01  人事費  85千元
02  業務費  13,896千元
04  獎補助費  502千元
"
2016,116015021200,2553000,0,檢驗稽查,宜蘭縣政府衛生局主管,宜蘭縣政府衛生局,衛生業務,衛生業務,宜蘭縣政府衛生局主管,15.015.02.12,"本年度預算數：
01  人事費  22千元
02  業務費  2,531千元
"
2016,116015030100,166757000,179489000,行政管理,宜蘭縣政府衛生局主管,宜蘭縣政府衛生局,衛生所業務,衛生所業務,宜蘭縣政府衛生局主管,15.015.03.01,"本年度預算數：
01  人事費  165,426千元
02  業務費  1,331千元
"
2016,116015030200,772000,858000,公共衛生,宜蘭縣政府衛生局主管,宜蘭縣政府衛生局,衛生所業務,衛生所業務,宜蘭縣政府衛生局主管,15.015.03.02,"本年度預算數：
02  業務費  772千元
"
2016,216015040100,7530000,7428000,建築及設備,宜蘭縣政府衛生局主管,宜蘭縣政府衛生局,一般建築及設備,一般建築及設備,宜蘭縣政府衛生局主管,15.015.04.01,
2016,116016010100,0,4847000,行政管理,宜蘭縣政府衛生局主管,宜蘭縣慢性病防治所,一般行政,一般行政,宜蘭縣政府衛生局主管,15.016.01.01,"本年度預算數：
"
2016,116016010200,0,70000,車輛維護,宜蘭縣政府衛生局主管,宜蘭縣慢性病防治所,一般行政,一般行政,宜蘭縣政府衛生局主管,15.016.01.02,"本年度預算數：
"
2016,116016020100,0,82000,慢性病防治,宜蘭縣政府衛生局主管,宜蘭縣慢性病防治所,慢性病防治,慢性病防治,宜蘭縣政府衛生局主管,15.016.02.01,"本年度預算數：
"
2016,116056010100,14838000,0,行政管理,宜蘭縣政府衛生局主管,宜蘭縣長期照護服務管理所,一般行政,一般行政,宜蘭縣政府衛生局主管,15.056.01.01,"本年度預算數：
01  人事費  12,725千元
02  業務費  2,113千元
"
2016,116056020100,138569000,0,照護服務,宜蘭縣政府衛生局主管,宜蘭縣長期照護服務管理所,長期照護,長期照護,宜蘭縣政府衛生局主管,15.056.02.01,"本年度預算數：
02  業務費  7,363千元
04  獎補助費  131,206千元
"
2016,216056030100,1449000,0,建築及設備,宜蘭縣政府衛生局主管,宜蘭縣長期照護服務管理所,一般建築及設備,一般建築及設備,宜蘭縣政府衛生局主管,15.056.03.01,
2016,125991010101,10750000,12250000,對鄉(鎮、市)之各項補助,統籌支撥科目,對鄉(鎮、市)之各項補助,對鄉(鎮、市)之各項補助,對鄉(鎮、市)之各項補助,統籌支撥科目,16.991.01.01,"本年度預算數：
04  獎補助費  10,750千元
"
2016,119992010301,553640000,583158000,公務人員退休金,統籌支撥科目,公務人員退休給付,公務人員退休給付,公務人員退休給付,統籌支撥科目,16.992.01.03,"本年度預算數：
01  人事費  408,232千元
04  獎補助費  145,408千元
"
2016,119993020301,11964000,12380000,公務人員撫卹金,統籌支撥科目,公務人員撫卹給付,公務人員撫卹給付,公務人員撫卹給付,統籌支撥科目,16.993.02.03,"本年度預算數：
01  人事費  11,964千元
"
2016,129994010101,57000000,57000000,公務人員各項補助,統籌支撥科目,公務人員各項補助,公務人員各項補助,公務人員各項補助,統籌支撥科目,16.994.01.01,"本年度預算數：
01  人事費  57,000千元
"
2016,119995070101,100000,100000,公務人員因公致殘廢死亡慰問金,統籌支撥科目,公務人員因公致殘廢死亡慰問金,公務人員因公致殘廢死亡慰問金,公務人員因公致殘廢死亡慰問金,統籌支撥科目,16.995.07.01,"本年度預算數：
01  人事費  100千元
"
2016,229996030100,204448000,196448000,災害準備金,統籌支撥科目,災害準備金,災害準備金,災害準備金,統籌支撥科目,16.996.03.01,
2016,129999010101,145470000,155400000,各類員工待遇準備,統籌支撥科目,各類員工待遇準備,各類員工待遇準備,各類員工待遇準備,統籌支撥科目,16.999.01.01,"本年度預算數：
01  人事費  145,470千元
"
2016,128080010100,61500000,61500000,第二預備金,第二預備金,第二預備金,第二預備金,第二預備金,第二預備金,99.080.01.01,"本年度預算數：
06  預備金  61,500千元
"