year,code,amount,name,topname,depname,category,depcat,cat,ref
2015,1.1.1.1-110101,198487746,行政管理,市議會主管,市議會,一般行政,市議會,市議會主管,1.1.1.1
2015,1.1.2.1-110201,106143610,大會議事工作,市議會主管,市議會,議事業務,市議會,市議會主管,1.1.2.1
2015,1.1.2.2-110202,450403463,經常議事工作,市議會主管,市議會,議事業務,市議會,市議會主管,1.1.2.2
2015,1.1.3.1-113401,39863752,公共關係,市議會主管,市議會,公共關係業務,市議會,市議會主管,1.1.3.1
2015,1.1.4.1-117104,18822250,其他設備,市議會主管,市議會,建築及設備,市議會,市議會主管,1.1.4.1
2015,1.1.4.2-117102,10126000,營建工程,市議會主管,市議會,建築及設備,市議會,市議會主管,1.1.4.2
2015,1.1.5.1-114101,6680000,第一預備金,市議會主管,市議會,第一預備金,市議會,市議會主管,1.1.5.1
2015,2.1.1.1-120101,161712350,行政管理,市政府主管,秘書處,一般行政,秘書處,市政府主管,2.1.1.1
2015,2.1.2.1-120201,62600287,市政綜理,市政府主管,秘書處,市政綜理業務,秘書處,市政府主管,2.1.2.1
2015,2.1.3.1-120301,7577896,為民服務,市政府主管,秘書處,聯合服務,秘書處,市政府主管,2.1.3.1
2015,2.1.4.1-123401,22366383,公共關係,市政府主管,秘書處,公共關係業務,秘書處,市政府主管,2.1.4.1
2015,2.1.5.1-220501,18985811,發布市政新聞,市政府主管,秘書處,新聞發布,秘書處,市政府主管,2.1.5.1
2015,2.1.6.1-127102,0,營建工程,市政府主管,秘書處,建築及設備,秘書處,市政府主管,2.1.6.1
2015,2.1.6.2-127104,2134375,其他設備,市政府主管,秘書處,建築及設備,秘書處,市政府主管,2.1.6.2
2015,2.1.6.3-127103,2340000,交通及運輸設備,市政府主管,秘書處,建築及設備,秘書處,市政府主管,2.1.6.3
2015,2.1.7.1-124101,3900000,第一預備金,市政府主管,秘書處,第一預備金,秘書處,市政府主管,2.1.7.1
2015,2.2.1.1-120101,22273139,行政管理,市政府主管,市政大樓公共事務管理中,一般行政,市政大樓公共事務管理中,市政府主管,2.2.1.1
2015,2.2.2.1-120201,60168334,事務管理,市政府主管,市政大樓公共事務管理中,市政大樓公管業務,市政大樓公共事務管理中,市政府主管,2.2.2.1
2015,2.2.2.2-120202,156597569,機電設備管理,市政府主管,市政大樓公共事務管理中,市政大樓公管業務,市政大樓公共事務管理中,市政府主管,2.2.2.2
2015,2.2.2.3-120203,61552271,安全防護管理,市政府主管,市政大樓公共事務管理中,市政大樓公管業務,市政大樓公共事務管理中,市政府主管,2.2.2.3
2015,2.2.3.1-127102,31451981,營建工程,市政府主管,市政大樓公共事務管理中,建築及設備,市政大樓公共事務管理中,市政府主管,2.2.3.1
2015,2.2.3.2-127104,8285342,其他設備,市政府主管,市政大樓公共事務管理中,建築及設備,市政大樓公共事務管理中,市政府主管,2.2.3.2
2015,2.3.1.1-120101,53524027,行政管理,市政府主管,主計處,一般行政,主計處,市政府主管,2.3.1.1
2015,2.3.2.1-120201,23291440,總預算核編及督導執,市政府主管,主計處,歲計會計業務,主計處,市政府主管,2.3.2.1
2015,2.3.2.2-120202,14531116,附屬及特別預算核編,市政府主管,主計處,歲計會計業務,主計處,市政府主管,2.3.2.2
2015,2.3.2.3-120203,16030875,總會計事務處理及總,市政府主管,主計處,歲計會計業務,主計處,市政府主管,2.3.2.3
2015,2.3.3.1-120301,13719571,公務統計,市政府主管,主計處,統計業務,主計處,市政府主管,2.3.3.1
2015,2.3.3.2-120302,40140927,經濟統計,市政府主管,主計處,統計業務,主計處,市政府主管,2.3.3.2
2015,2.3.4.1-127104,1496800,其他設備,市政府主管,主計處,建築及設備,主計處,市政府主管,2.3.4.1
2015,2.3.4.2-127103,635000,交通及運輸設備,市政府主管,主計處,建築及設備,主計處,市政府主管,2.3.4.2
2015,2.3.5.1-124101,600000,第一預備金,市政府主管,主計處,第一預備金,主計處,市政府主管,2.3.5.1
2015,2.4.1.1-120101,41122294,行政管理,市政府主管,人事處,一般行政,人事處,市政府主管,2.4.1.1
2015,2.4.2.1-120201,13571881,組織及管理,市政府主管,人事處,組織及管理,人事處,市政府主管,2.4.2.1
2015,2.4.3.1-120301,15311196,任免考試,市政府主管,人事處,任免考試,人事處,市政府主管,2.4.3.1
2015,2.4.4.1-120401,16895952,考核訓練,市政府主管,人事處,考核訓練,人事處,市政府主管,2.4.4.1
2015,2.4.5.1-120501,21560201,待遇福利及退休撫卹,市政府主管,人事處,待遇福利退休撫卹業務,人事處,市政府主管,2.4.5.1
2015,2.4.6.1-120601,21966616,人事資訊管理,市政府主管,人事處,人事資訊業務,人事處,市政府主管,2.4.6.1
2015,2.4.7.1-127104,1664950,其他設備,市政府主管,人事處,建築及設備,人事處,市政府主管,2.4.7.1
2015,2.4.7.2-127102,0,營建工程,市政府主管,人事處,建築及設備,人事處,市政府主管,2.4.7.2
2015,2.4.8.1-124101,300000,第一預備金,市政府主管,人事處,第一預備金,人事處,市政府主管,2.4.8.1
2015,2.5.1.1-120101,25107549,行政管理,市政府主管,政風處,一般行政,政風處,市政府主管,2.5.1.1
2015,2.5.2.1-120201,9067993,政風組織及維護管理,市政府主管,政風處,政風組織及維護管理,政風處,市政府主管,2.5.2.1
2015,2.5.3.1-120301,16654820,政風查處,市政府主管,政風處,端正政風,政風處,市政府主管,2.5.3.1
2015,2.5.4.1-120401,17457288,貪瀆預防及法令宣導,市政府主管,政風處,貪瀆預防,政風處,市政府主管,2.5.4.1
2015,2.5.5.1-127103,550000,交通及運輸設備,市政府主管,政風處,建築及設備,政風處,市政府主管,2.5.5.1
2015,2.5.5.2-127104,524283,其他設備,市政府主管,政風處,建築及設備,政風處,市政府主管,2.5.5.2
2015,2.5.6.1-124101,200000,第一預備金,市政府主管,政風處,第一預備金,政風處,市政府主管,2.5.6.1
2015,2.6.1.1-210101,37169198,行政管理,市政府主管,公務人員訓練處,一般行政,公務人員訓練處,市政府主管,2.6.1.1
2015,2.6.2.1-212601,96705316,在職訓練,市政府主管,公務人員訓練處,訓練業務,公務人員訓練處,市政府主管,2.6.2.1
2015,2.6.3.1-217102,14313225,營建工程,市政府主管,公務人員訓練處,建築及設備,公務人員訓練處,市政府主管,2.6.3.1
2015,2.6.3.2-217104,3107725,其他設備,市政府主管,公務人員訓練處,建築及設備,公務人員訓練處,市政府主管,2.6.3.2
2015,2.6.4.1-214101,225000,第一預備金,市政府主管,公務人員訓練處,第一預備金,公務人員訓練處,市政府主管,2.6.4.1
2015,2.7.1.1-120101,27462479,行政管理,市政府主管,研究發展考核委員會,一般行政,研究發展考核委員會,市政府主管,2.7.1.1
2015,2.7.2.1-120201,20062868,市政研究發展及革新,市政府主管,研究發展考核委員會,研究發展,研究發展考核委員會,市政府主管,2.7.2.1
2015,2.7.3.1-120301,16429090,施政計畫管制考核,市政府主管,研究發展考核委員會,管制及考核,研究發展考核委員會,市政府主管,2.7.3.1
2015,2.7.4.1-120401,13008467,為民服務暨公文查核,市政府主管,研究發展考核委員會,為民服務,研究發展考核委員會,市政府主管,2.7.4.1
2015,2.7.5.1-120501,8802736,資料及資訊管理,市政府主管,研究發展考核委員會,市政資料管理,研究發展考核委員會,市政府主管,2.7.5.1
2015,2.7.6.1-120601,17991669,計畫評估及編審,市政府主管,研究發展考核委員會,計畫作業,研究發展考核委員會,市政府主管,2.7.6.1
2015,2.7.7.1-120701,94431894,話務管理,市政府主管,研究發展考核委員會,話務管理,研究發展考核委員會,市政府主管,2.7.7.1
2015,2.7.8.1-127104,761200,其他設備,市政府主管,研究發展考核委員會,建築及設備,研究發展考核委員會,市政府主管,2.7.8.1
2015,2.7.9.1-124101,800000,第一預備金,市政府主管,研究發展考核委員會,第一預備金,研究發展考核委員會,市政府主管,2.7.9.1
2015,2.8.1.1-340101,7373445,行政管理,市政府主管,都市計畫委員會,一般行政,都市計畫委員會,市政府主管,2.8.1.1
2015,2.8.2.1-340201,9930401,都市計畫審議,市政府主管,都市計畫委員會,都市計畫業務,都市計畫委員會,市政府主管,2.8.2.1
2015,2.8.3.1-347104,113488,其他設備,市政府主管,都市計畫委員會,建築及設備,都市計畫委員會,市政府主管,2.8.3.1
2015,2.8.4.1-344101,50000,第一預備金,市政府主管,都市計畫委員會,第一預備金,都市計畫委員會,市政府主管,2.8.4.1
2015,2.9.1.1-130101,12856287,行政管理,市政府主管,原住民族事務委員會,一般行政,原住民族事務委員會,市政府主管,2.9.1.1
2015,2.9.2.1-130201,20118787,綜合企劃業務,市政府主管,原住民族事務委員會,綜合企劃業務,原住民族事務委員會,市政府主管,2.9.2.1
2015,2.9.3.1-130301,72994607,原住民教育文化業務,市政府主管,原住民族事務委員會,原住民教育文化業務,原住民族事務委員會,市政府主管,2.9.3.1
2015,2.9.4.1-130401,28541030,原住民經濟建設業務,市政府主管,原住民族事務委員會,原住民經濟建設業務,原住民族事務委員會,市政府主管,2.9.4.1
2015,2.9.5.1-130501,73356073,原住民社會福利業務,市政府主管,原住民族事務委員會,原住民社會福利業務,原住民族事務委員會,市政府主管,2.9.5.1
2015,2.9.6.1-137102,5653095,營建工程,市政府主管,原住民族事務委員會,建築及設備,原住民族事務委員會,市政府主管,2.9.6.1
2015,2.9.6.2-137104,1386920,其他設備,市政府主管,原住民族事務委員會,建築及設備,原住民族事務委員會,市政府主管,2.9.6.2
2015,2.9.7.1-134101,500000,第一預備金,市政府主管,原住民族事務委員會,第一預備金,原住民族事務委員會,市政府主管,2.9.7.1
2015,2.10.1.1-220101,23118128,行政管理,市政府主管,客家事務委員會,一般行政,客家事務委員會,市政府主管,2.10.1.1
2015,2.10.2.1-220201,98817060,研究發展業務,市政府主管,客家事務委員會,客家政策研究發展,客家事務委員會,市政府主管,2.10.2.1
2015,2.10.3.1-220301,73209519,文教推廣業務,市政府主管,客家事務委員會,客家語言文化推廣,客家事務委員會,市政府主管,2.10.3.1
2015,2.10.4.1-227102,2639100,營建工程,市政府主管,客家事務委員會,建築及設備,客家事務委員會,市政府主管,2.10.4.1
2015,2.10.4.2-227104,555400,其他設備,市政府主管,客家事務委員會,建築及設備,客家事務委員會,市政府主管,2.10.4.2
2015,2.10.5.1-224101,600000,第一預備金,市政府主管,客家事務委員會,第一預備金,客家事務委員會,市政府主管,2.10.5.1
2015,2.11.1.1-130101,44734435,行政管理,市政府主管,松山區公所,一般行政,松山區公所,市政府主管,2.11.1.1
2015,2.11.2.1-132801,154641138,區政管理,市政府主管,松山區公所,區政業務,松山區公所,市政府主管,2.11.2.1
2015,2.11.3.1-133902,448500,接受中央各部會補助,市政府主管,松山區公所,接受補助業務支出,松山區公所,市政府主管,2.11.3.1
2015,2.11.4.1-137102,18222363,營建工程,市政府主管,松山區公所,建築及設備,松山區公所,市政府主管,2.11.4.1
2015,2.11.4.2-137103,0,交通及運輸設備,市政府主管,松山區公所,建築及設備,松山區公所,市政府主管,2.11.4.2
2015,2.11.4.3-137104,866880,其他設備,市政府主管,松山區公所,建築及設備,松山區公所,市政府主管,2.11.4.3
2015,2.11.5.1-134101,800000,第一預備金,市政府主管,松山區公所,第一預備金,松山區公所,市政府主管,2.11.5.1
2015,2.11.6.1-137501,29277651,道路及橋樑工程,市政府主管,松山區公所,道路橋樑工程,松山區公所,市政府主管,2.11.6.1
2015,2.11.7.1-517701,19640331,公園及綠化工程,市政府主管,松山區公所,公園綠化及風景區工程,松山區公所,市政府主管,2.11.7.1
2015,2.12.1.1-130101,49357420,行政管理,市政府主管,信義區公所,一般行政,信義區公所,市政府主管,2.12.1.1
2015,2.12.2.1-132801,167988416,區政管理,市政府主管,信義區公所,區政業務,信義區公所,市政府主管,2.12.2.1
2015,2.12.3.1-133902,448500,接受中央各部會補助,市政府主管,信義區公所,接受補助業務支出,信義區公所,市政府主管,2.12.3.1
2015,2.12.4.1-137102,1462835,營建工程,市政府主管,信義區公所,建築及設備,信義區公所,市政府主管,2.12.4.1
2015,2.12.4.2-137104,1326480,其他設備,市政府主管,信義區公所,建築及設備,信義區公所,市政府主管,2.12.4.2
2015,2.12.5.1-134101,800000,第一預備金,市政府主管,信義區公所,第一預備金,信義區公所,市政府主管,2.12.5.1
2015,2.12.6.1-137501,38233075,道路及橋樑工程,市政府主管,信義區公所,道路橋樑工程,信義區公所,市政府主管,2.12.6.1
2015,2.12.7.1-517701,14354653,公園及綠化工程,市政府主管,信義區公所,公園綠化及風景區工程,信義區公所,市政府主管,2.12.7.1
2015,2.13.1.1-130101,56007396,行政管理,市政府主管,大安區公所,一般行政,大安區公所,市政府主管,2.13.1.1
2015,2.13.2.1-132801,199134385,區政管理,市政府主管,大安區公所,區政業務,大安區公所,市政府主管,2.13.2.1
2015,2.13.3.1-133902,448500,接受中央各部會補助,市政府主管,大安區公所,接受補助業務支出,大安區公所,市政府主管,2.13.3.1
2015,2.13.4.1-137102,242550,營建工程,市政府主管,大安區公所,建築及設備,大安區公所,市政府主管,2.13.4.1
2015,2.13.4.2-137104,1726258,其他設備,市政府主管,大安區公所,建築及設備,大安區公所,市政府主管,2.13.4.2
2015,2.13.5.1-134101,800000,第一預備金,市政府主管,大安區公所,第一預備金,大安區公所,市政府主管,2.13.5.1
2015,2.13.6.1-137501,41026391,道路及橋樑工程,市政府主管,大安區公所,道路橋樑工程,大安區公所,市政府主管,2.13.6.1
2015,2.13.7.1-517701,27365423,公園及綠化工程,市政府主管,大安區公所,公園綠化及風景區工程,大安區公所,市政府主管,2.13.7.1
2015,2.14.1.1-130101,51917587,行政管理,市政府主管,中山區公所,一般行政,中山區公所,市政府主管,2.14.1.1
2015,2.14.2.1-132801,170414339,區政管理,市政府主管,中山區公所,區政業務,中山區公所,市政府主管,2.14.2.1
2015,2.14.3.1-133902,448500,接受中央各部會補助,市政府主管,中山區公所,接受補助業務支出,中山區公所,市政府主管,2.14.3.1
2015,2.14.4.1-137102,5111573,營建工程,市政府主管,中山區公所,建築及設備,中山區公所,市政府主管,2.14.4.1
2015,2.14.4.2-137104,2489089,其他設備,市政府主管,中山區公所,建築及設備,中山區公所,市政府主管,2.14.4.2
2015,2.14.5.1-134101,800000,第一預備金,市政府主管,中山區公所,第一預備金,中山區公所,市政府主管,2.14.5.1
2015,2.14.6.1-137501,29664461,道路及橋樑工程,市政府主管,中山區公所,道路橋樑工程,中山區公所,市政府主管,2.14.6.1
2015,2.14.7.1-517701,28921178,公園及綠化工程,市政府主管,中山區公所,公園綠化及風景區工程,中山區公所,市政府主管,2.14.7.1
2015,2.15.1.1-130101,42255809,行政管理,市政府主管,中正區公所,一般行政,中正區公所,市政府主管,2.15.1.1
2015,2.15.2.1-132801,126488759,區政管理,市政府主管,中正區公所,區政業務,中正區公所,市政府主管,2.15.2.1
2015,2.15.3.1-133902,448500,接受中央各部會補助,市政府主管,中正區公所,接受補助業務支出,中正區公所,市政府主管,2.15.3.1
2015,2.15.4.1-137102,8822511,營建工程,市政府主管,中正區公所,建築及設備,中正區公所,市政府主管,2.15.4.1
2015,2.15.4.2-137104,996067,其他設備,市政府主管,中正區公所,建築及設備,中正區公所,市政府主管,2.15.4.2
2015,2.15.5.1-134101,800000,第一預備金,市政府主管,中正區公所,第一預備金,中正區公所,市政府主管,2.15.5.1
2015,2.15.6.1-137501,29874761,道路及橋樑工程,市政府主管,中正區公所,道路橋樑工程,中正區公所,市政府主管,2.15.6.1
2015,2.15.7.1-517701,6965427,公園及綠化工程,市政府主管,中正區公所,公園綠化及風景區工程,中正區公所,市政府主管,2.15.7.1
2015,2.16.1.1-130101,47906275,行政管理,市政府主管,大同區公所,一般行政,大同區公所,市政府主管,2.16.1.1
2015,2.16.2.1-132801,102013387,區政管理,市政府主管,大同區公所,區政業務,大同區公所,市政府主管,2.16.2.1
2015,2.16.3.1-133902,448500,接受中央各部會補助,市政府主管,大同區公所,接受補助業務支出,大同區公所,市政府主管,2.16.3.1
2015,2.16.4.1-137102,10538200,營建工程,市政府主管,大同區公所,建築及設備,大同區公所,市政府主管,2.16.4.1
2015,2.16.4.2-137104,1307870,其他設備,市政府主管,大同區公所,建築及設備,大同區公所,市政府主管,2.16.4.2
2015,2.16.5.1-134101,800000,第一預備金,市政府主管,大同區公所,第一預備金,大同區公所,市政府主管,2.16.5.1
2015,2.16.6.1-137501,21109521,道路及橋樑工程,市政府主管,大同區公所,道路橋樑工程,大同區公所,市政府主管,2.16.6.1
2015,2.16.7.1-517701,11063019,公園及綠化工程,市政府主管,大同區公所,公園綠化及風景區工程,大同區公所,市政府主管,2.16.7.1
2015,2.17.1.1-130101,60133389,行政管理,市政府主管,萬華區公所,一般行政,萬華區公所,市政府主管,2.17.1.1
2015,2.17.2.1-132801,143594692,區政管理,市政府主管,萬華區公所,區政業務,萬華區公所,市政府主管,2.17.2.1
2015,2.17.3.1-133902,448500,接受中央各部會補助,市政府主管,萬華區公所,接受補助業務支出,萬華區公所,市政府主管,2.17.3.1
2015,2.17.4.1-137102,17718873,營建工程,市政府主管,萬華區公所,建築及設備,萬華區公所,市政府主管,2.17.4.1
2015,2.17.4.2-137104,1469472,其他設備,市政府主管,萬華區公所,建築及設備,萬華區公所,市政府主管,2.17.4.2
2015,2.17.5.1-134101,800000,第一預備金,市政府主管,萬華區公所,第一預備金,萬華區公所,市政府主管,2.17.5.1
2015,2.17.6.1-137501,27525102,道路及橋樑工程,市政府主管,萬華區公所,道路橋樑工程,萬華區公所,市政府主管,2.17.6.1
2015,2.17.7.1-517701,6741239,公園及綠化工程,市政府主管,萬華區公所,公園綠化及風景區工程,萬華區公所,市政府主管,2.17.7.1
2015,2.18.1.1-130101,52470826,行政管理,市政府主管,文山區公所,一般行政,文山區公所,市政府主管,2.18.1.1
2015,2.18.2.1-132801,176504407,區政管理,市政府主管,文山區公所,區政業務,文山區公所,市政府主管,2.18.2.1
2015,2.18.3.1-133902,448500,接受中央各部會補助,市政府主管,文山區公所,接受補助業務支出,文山區公所,市政府主管,2.18.3.1
2015,2.18.4.1-137102,33540702,營建工程,市政府主管,文山區公所,建築及設備,文山區公所,市政府主管,2.18.4.1
2015,2.18.4.2-137104,2772500,其他設備,市政府主管,文山區公所,建築及設備,文山區公所,市政府主管,2.18.4.2
2015,2.18.4.3-137103,550000,交通及運輸設備,市政府主管,文山區公所,建築及設備,文山區公所,市政府主管,2.18.4.3
2015,2.18.5.1-134101,800000,第一預備金,市政府主管,文山區公所,第一預備金,文山區公所,市政府主管,2.18.5.1
2015,2.18.6.1-137501,35585068,道路及橋樑工程,市政府主管,文山區公所,道路橋樑工程,文山區公所,市政府主管,2.18.6.1
2015,2.18.7.1-517701,40878768,公園及綠化工程,市政府主管,文山區公所,公園綠化及風景區工程,文山區公所,市政府主管,2.18.7.1
2015,2.19.1.1-130101,42093785,行政管理,市政府主管,南港區公所,一般行政,南港區公所,市政府主管,2.19.1.1
2015,2.19.2.1-132801,95027969,區政管理,市政府主管,南港區公所,區政業務,南港區公所,市政府主管,2.19.2.1
2015,2.19.3.1-133902,448500,接受中央各部會補助,市政府主管,南港區公所,接受補助業務支出,南港區公所,市政府主管,2.19.3.1
2015,2.19.4.1-137102,42640632,營建工程,市政府主管,南港區公所,建築及設備,南港區公所,市政府主管,2.19.4.1
2015,2.19.4.3-137104,1007236,其他設備,市政府主管,南港區公所,建築及設備,南港區公所,市政府主管,2.19.4.3
2015,2.19.5.1-134101,800000,第一預備金,市政府主管,南港區公所,第一預備金,南港區公所,市政府主管,2.19.5.1
2015,2.19.6.1-137501,18991939,道路及橋樑工程,市政府主管,南港區公所,道路橋樑工程,南港區公所,市政府主管,2.19.6.1
2015,2.19.7.1-517701,8119233,公園及綠化工程,市政府主管,南港區公所,公園綠化及風景區工程,南港區公所,市政府主管,2.19.7.1
2015,2.20.1.1-130101,48978633,行政管理,市政府主管,內湖區公所,一般行政,內湖區公所,市政府主管,2.20.1.1
2015,2.20.2.1-132801,168524254,區政管理,市政府主管,內湖區公所,區政業務,內湖區公所,市政府主管,2.20.2.1
2015,2.20.3.1-133902,448500,接受中央各部會補助,市政府主管,內湖區公所,接受補助業務支出,內湖區公所,市政府主管,2.20.3.1
2015,2.20.4.1-137102,10416464,營建工程,市政府主管,內湖區公所,建築及設備,內湖區公所,市政府主管,2.20.4.1
2015,2.20.4.2-137104,1045896,其他設備,市政府主管,內湖區公所,建築及設備,內湖區公所,市政府主管,2.20.4.2
2015,2.20.5.1-134101,800000,第一預備金,市政府主管,內湖區公所,第一預備金,內湖區公所,市政府主管,2.20.5.1
2015,2.20.6.1-137501,49021455,道路及橋樑工程,市政府主管,內湖區公所,道路橋樑工程,內湖區公所,市政府主管,2.20.6.1
2015,2.20.7.1-517701,25355321,公園及綠化工程,市政府主管,內湖區公所,公園綠化及風景區工程,內湖區公所,市政府主管,2.20.7.1
2015,2.21.1.1-130101,52795979,行政管理,市政府主管,士林區公所,一般行政,士林區公所,市政府主管,2.21.1.1
2015,2.21.2.1-132801,197697227,區政管理,市政府主管,士林區公所,區政業務,士林區公所,市政府主管,2.21.2.1
2015,2.21.3.1-133902,448500,接受中央各部會補助,市政府主管,士林區公所,接受補助業務支出,士林區公所,市政府主管,2.21.3.1
2015,2.21.4.1-137102,10249252,營建工程,市政府主管,士林區公所,建築及設備,士林區公所,市政府主管,2.21.4.1
2015,2.21.4.2-137104,1351509,其他設備,市政府主管,士林區公所,建築及設備,士林區公所,市政府主管,2.21.4.2
2015,2.21.5.1-134101,800000,第一預備金,市政府主管,士林區公所,第一預備金,士林區公所,市政府主管,2.21.5.1
2015,2.21.6.1-137501,56236880,道路及橋樑工程,市政府主管,士林區公所,道路橋樑工程,士林區公所,市政府主管,2.21.6.1
2015,2.21.7.1-517701,12526909,公園及綠化工程,市政府主管,士林區公所,公園綠化及風景區工程,士林區公所,市政府主管,2.21.7.1
2015,2.22.1.1-130101,51061048,行政管理,市政府主管,北投區公所,一般行政,北投區公所,市政府主管,2.22.1.1
2015,2.22.2.1-132801,165516785,區政管理,市政府主管,北投區公所,區政業務,北投區公所,市政府主管,2.22.2.1
2015,2.22.3.1-133902,448500,接受中央各部會補助,市政府主管,北投區公所,接受補助業務支出,北投區公所,市政府主管,2.22.3.1
2015,2.22.4.1-137102,12766318,營建工程,市政府主管,北投區公所,建築及設備,北投區公所,市政府主管,2.22.4.1
2015,2.22.4.2-137104,1370011,其他設備,市政府主管,北投區公所,建築及設備,北投區公所,市政府主管,2.22.4.2
2015,2.22.5.1-134101,800000,第一預備金,市政府主管,北投區公所,第一預備金,北投區公所,市政府主管,2.22.5.1
2015,2.22.6.1-137501,45684154,道路及橋樑工程,市政府主管,北投區公所,道路橋樑工程,北投區公所,市政府主管,2.22.6.1
2015,2.22.7.1-517701,12909855,公園及綠化工程,市政府主管,北投區公所,公園綠化及風景區工程,北投區公所,市政府主管,2.22.7.1
2015,3.1.1.1-130101,82192364,行政管理,民政局主管,民政局,一般行政,民政局,民政局主管,3.1.1.1
2015,3.1.2.1-130201,14008735,區政監督及區里組織,民政局主管,民政局,區里行政,民政局,民政局主管,3.1.2.1
2015,3.1.3.1-130301,144186194,推行自治行政暨基層,民政局主管,民政局,自治業務,民政局,民政局主管,3.1.3.1
2015,3.1.3.2-130302,14556758,民生社區中心管理,民政局主管,民政局,自治業務,民政局,民政局主管,3.1.3.2
2015,3.1.4.1-220401,108361470,禮俗宗教業務,民政局主管,民政局,禮俗宗教,民政局,民政局主管,3.1.4.1
2015,3.1.5.1-133201,61088088,戶籍業務,民政局主管,民政局,戶政業務,民政局,民政局主管,3.1.5.1
2015,3.1.6.1-130601,579122764,人口政策業務,民政局主管,民政局,人口行政,民政局,民政局主管,3.1.6.1
2015,3.1.7.1-137102,73295000,營建工程,民政局主管,民政局,建築及設備,民政局,民政局主管,3.1.7.1
2015,3.1.7.2-137104,1114320,其他設備,民政局主管,民政局,建築及設備,民政局,民政局主管,3.1.7.2
2015,3.1.7.3-137103,635000,交通及運輸設備,民政局主管,民政局,建築及設備,民政局,民政局主管,3.1.7.3
2015,3.1.8.1-134101,7000000,第一預備金,民政局主管,民政局,第一預備金,民政局,民政局主管,3.1.8.1
2015,3.2.1.1-220101,10235837,行政管理,民政局主管,孔廟管理委員會,一般行政,孔廟管理委員會,民政局主管,3.2.1.1
2015,3.2.2.1-220201,4724008,祭典工作,民政局主管,孔廟管理委員會,祭典及孔廟管理,孔廟管理委員會,民政局主管,3.2.2.1
2015,3.2.2.2-220202,18669773,孔廟管理,民政局主管,孔廟管理委員會,祭典及孔廟管理,孔廟管理委員會,民政局主管,3.2.2.2
2015,3.2.3.1-227102,323136,營建工程,民政局主管,孔廟管理委員會,建築及設備,孔廟管理委員會,民政局主管,3.2.3.1
2015,3.2.3.2-227104,275160,其他設備,民政局主管,孔廟管理委員會,建築及設備,孔廟管理委員會,民政局主管,3.2.3.2
2015,3.3.1.1-220101,81159298,行政管理,民政局主管,殯葬管理處,一般行政,殯葬管理處,民政局主管,3.3.1.1
2015,3.3.2.1-220201,187056313,殯殮管理,民政局主管,殯葬管理處,殯殮業務,殯葬管理處,民政局主管,3.3.2.1
2015,3.3.3.1-220301,46910247,埋葬管理,民政局主管,殯葬管理處,埋葬業務,殯葬管理處,民政局主管,3.3.3.1
2015,3.3.4.1-220401,58727194,火葬管理,民政局主管,殯葬管理處,火葬業務,殯葬管理處,民政局主管,3.3.4.1
2015,3.3.5.1-220501,9529850,設置規劃管理,民政局主管,殯葬管理處,公墓靈(納)骨堂(塔)業,殯葬管理處,民政局主管,3.3.5.1
2015,3.3.6.1-227102,386737098,營建工程,民政局主管,殯葬管理處,建築及設備,殯葬管理處,民政局主管,3.3.6.1
2015,3.3.6.2-227104,511830,其他設備,民政局主管,殯葬管理處,建築及設備,殯葬管理處,民政局主管,3.3.6.2
2015,3.4.1.1-130101,9203067,行政管理,民政局主管,松山區戶政事務所,一般行政,松山區戶政事務所,民政局主管,3.4.1.1
2015,3.4.2.1-133202,51598896,戶籍登記及管理,民政局主管,松山區戶政事務所,戶政業務,松山區戶政事務所,民政局主管,3.4.2.1
2015,3.4.3.1-137102,6614957,營建工程,民政局主管,松山區戶政事務所,建築及設備,松山區戶政事務所,民政局主管,3.4.3.1
2015,3.4.3.2-137104,505230,其他設備,民政局主管,松山區戶政事務所,建築及設備,松山區戶政事務所,民政局主管,3.4.3.2
2015,3.5.1.1-130101,8477562,行政管理,民政局主管,信義區戶政事務所,一般行政,信義區戶政事務所,民政局主管,3.5.1.1
2015,3.5.2.1-133202,58030598,戶籍登記及管理,民政局主管,信義區戶政事務所,戶政業務,信義區戶政事務所,民政局主管,3.5.2.1
2015,3.5.3.1-137102,0,營建工程,民政局主管,信義區戶政事務所,建築及設備,信義區戶政事務所,民政局主管,3.5.3.1
2015,3.5.3.2-137104,347076,其他設備,民政局主管,信義區戶政事務所,建築及設備,信義區戶政事務所,民政局主管,3.5.3.2
2015,3.6.1.1-130101,13000537,行政管理,民政局主管,大安區戶政事務所,一般行政,大安區戶政事務所,民政局主管,3.6.1.1
2015,3.6.2.1-133202,80327654,戶籍登記及管理,民政局主管,大安區戶政事務所,戶政業務,大安區戶政事務所,民政局主管,3.6.2.1
2015,3.6.3.1-137104,735390,其他設備,民政局主管,大安區戶政事務所,建築及設備,大安區戶政事務所,民政局主管,3.6.3.1
2015,3.7.1.1-130101,8683066,行政管理,民政局主管,中山區戶政事務所,一般行政,中山區戶政事務所,民政局主管,3.7.1.1
2015,3.7.2.1-133202,58540687,戶籍登記及管理,民政局主管,中山區戶政事務所,戶政業務,中山區戶政事務所,民政局主管,3.7.2.1
2015,3.7.3.1-137102,361540,營建工程,民政局主管,中山區戶政事務所,建築及設備,中山區戶政事務所,民政局主管,3.7.3.1
2015,3.7.3.2-137104,422141,其他設備,民政局主管,中山區戶政事務所,建築及設備,中山區戶政事務所,民政局主管,3.7.3.2
2015,3.8.1.1-130101,7417002,行政管理,民政局主管,中正區戶政事務所,一般行政,中正區戶政事務所,民政局主管,3.8.1.1
2015,3.8.2.1-133202,46931645,戶籍登記及管理,民政局主管,中正區戶政事務所,戶政業務,中正區戶政事務所,民政局主管,3.8.2.1
2015,3.8.3.1-137102,0,營建工程,民政局主管,中正區戶政事務所,建築及設備,中正區戶政事務所,民政局主管,3.8.3.1
2015,3.8.3.2-137104,703801,其他設備,民政局主管,中正區戶政事務所,建築及設備,中正區戶政事務所,民政局主管,3.8.3.2
2015,3.9.1.1-130101,7940733,行政管理,民政局主管,大同區戶政事務所,一般行政,大同區戶政事務所,民政局主管,3.9.1.1
2015,3.9.2.1-133202,35470789,戶籍登記及管理,民政局主管,大同區戶政事務所,戶政業務,大同區戶政事務所,民政局主管,3.9.2.1
2015,3.9.3.1-137104,1326735,其他設備,民政局主管,大同區戶政事務所,建築及設備,大同區戶政事務所,民政局主管,3.9.3.1
2015,3.9.3.2-137102,10357481,營建工程,民政局主管,大同區戶政事務所,建築及設備,大同區戶政事務所,民政局主管,3.9.3.2
2015,3.10.1.1-130101,6035106,行政管理,民政局主管,南港區戶政事務所,一般行政,南港區戶政事務所,民政局主管,3.10.1.1
2015,3.10.2.1-133202,31284266,戶籍登記及管理,民政局主管,南港區戶政事務所,戶政業務,南港區戶政事務所,民政局主管,3.10.2.1
2015,3.10.3.1-137104,362770,其他設備,民政局主管,南港區戶政事務所,建築及設備,南港區戶政事務所,民政局主管,3.10.3.1
2015,3.10.3.2-137102,770000,營建工程,民政局主管,南港區戶政事務所,建築及設備,南港區戶政事務所,民政局主管,3.10.3.2
2015,3.11.1.1-130101,8914325,行政管理,民政局主管,內湖區戶政事務所,一般行政,內湖區戶政事務所,民政局主管,3.11.1.1
2015,3.11.2.1-133202,52056412,戶籍登記及管理,民政局主管,內湖區戶政事務所,戶政業務,內湖區戶政事務所,民政局主管,3.11.2.1
2015,3.11.3.1-137102,0,營建工程,民政局主管,內湖區戶政事務所,建築及設備,內湖區戶政事務所,民政局主管,3.11.3.1
2015,3.11.3.2-137104,634410,其他設備,民政局主管,內湖區戶政事務所,建築及設備,內湖區戶政事務所,民政局主管,3.11.3.2
2015,3.12.1.1-130101,7657679,行政管理,民政局主管,士林區戶政事務所,一般行政,士林區戶政事務所,民政局主管,3.12.1.1
2015,3.12.2.1-133202,68920605,戶籍登記及管理,民政局主管,士林區戶政事務所,戶政業務,士林區戶政事務所,民政局主管,3.12.2.1
2015,3.12.3.1-137104,222750,其他設備,民政局主管,士林區戶政事務所,建築及設備,士林區戶政事務所,民政局主管,3.12.3.1
2015,3.13.1.1-130101,8236402,行政管理,民政局主管,北投區戶政事務所,一般行政,北投區戶政事務所,民政局主管,3.13.1.1
2015,3.13.2.1-133202,54426428,戶籍登記及管理,民政局主管,北投區戶政事務所,戶政業務,北投區戶政事務所,民政局主管,3.13.2.1
2015,3.13.3.1-137104,434907,其他設備,民政局主管,北投區戶政事務所,建築及設備,北投區戶政事務所,民政局主管,3.13.3.1
2015,3.14.1.1-130101,9764658,行政管理,民政局主管,萬華區戶政事務所,一般行政,萬華區戶政事務所,民政局主管,3.14.1.1
2015,3.14.2.1-133202,54196889,戶籍登記及管理,民政局主管,萬華區戶政事務所,戶政業務,萬華區戶政事務所,民政局主管,3.14.2.1
2015,3.14.3.1-137104,331940,其他設備,民政局主管,萬華區戶政事務所,建築及設備,萬華區戶政事務所,民政局主管,3.14.3.1
2015,3.14.3.2-137103,56000,交通及運輸設備,民政局主管,萬華區戶政事務所,建築及設備,萬華區戶政事務所,民政局主管,3.14.3.2
2015,3.15.1.1-130101,10925523,行政管理,民政局主管,文山區戶政事務所,一般行政,文山區戶政事務所,民政局主管,3.15.1.1
2015,3.15.2.1-133202,58737197,戶籍登記及管理,民政局主管,文山區戶政事務所,戶政業務,文山區戶政事務所,民政局主管,3.15.2.1
2015,3.15.3.1-137102,8868894,營建工程,民政局主管,文山區戶政事務所,建築及設備,文山區戶政事務所,民政局主管,3.15.3.1
2015,3.15.3.2-137104,2562770,其他設備,民政局主管,文山區戶政事務所,建築及設備,文山區戶政事務所,民政局主管,3.15.3.2
2015,4.1.1.1-140101,81431960,行政管理,財政局主管,財政局,一般行政,財政局,財政局主管,4.1.1.1
2015,4.1.2.1-140201,453012779,財政管理,財政局主管,財政局,財政行政,財政局,財政局主管,4.1.2.1
2015,4.1.2.2-140202,22046505,電子資料處理,財政局主管,財政局,財政行政,財政局,財政局主管,4.1.2.2
2015,4.1.3.1-813701,2078972608,債務付息,財政局主管,財政局,債務付息,財政局,財政局主管,4.1.3.1
2015,4.1.4.1-823801,3256000,債務管理,財政局主管,財政局,債務管理,財政局,財政局主管,4.1.4.1
2015,4.1.5.1-147101,0,土地購置,財政局主管,財政局,建築及設備,財政局,財政局主管,4.1.5.1
2015,4.1.5.2-147102,47118522,營建工程,財政局主管,財政局,建築及設備,財政局,財政局主管,4.1.5.2
2015,4.1.5.3-147103,0,交通及運輸設備,財政局主管,財政局,建築及設備,財政局,財政局主管,4.1.5.3
2015,4.1.5.4-147104,320000,其他設備,財政局主管,財政局,建築及設備,財政局,財政局主管,4.1.5.4
2015,4.1.6.1-144101,4000000,第一預備金,財政局主管,財政局,第一預備金,財政局,財政局主管,4.1.6.1
2015,4.2.1.1-140101,170113915,行政管理,財政局主管,稅捐稽徵處,一般行政,稅捐稽徵處,財政局主管,4.2.1.1
2015,4.2.2.1-140201,362273411,財產稅稽徵,財政局主管,稅捐稽徵處,稅捐稽徵業務,稅捐稽徵處,財政局主管,4.2.2.1
2015,4.2.2.2-140202,65967101,機會稅稽徵,財政局主管,稅捐稽徵處,稅捐稽徵業務,稅捐稽徵處,財政局主管,4.2.2.2
2015,4.2.2.3-140203,215210149,稅務管理,財政局主管,稅捐稽徵處,稅捐稽徵業務,稅捐稽徵處,財政局主管,4.2.2.3
2015,4.2.2.4-140204,16206613,違章及行政救濟,財政局主管,稅捐稽徵處,稅捐稽徵業務,稅捐稽徵處,財政局主管,4.2.2.4
2015,4.2.2.5-140205,86475494,電子資料處理,財政局主管,稅捐稽徵處,稅捐稽徵業務,稅捐稽徵處,財政局主管,4.2.2.5
2015,4.2.3.1-147101,100000,土地購置,財政局主管,稅捐稽徵處,建築及設備,稅捐稽徵處,財政局主管,4.2.3.1
2015,4.2.3.2-147102,42056866,營建工程,財政局主管,稅捐稽徵處,建築及設備,稅捐稽徵處,財政局主管,4.2.3.2
2015,4.2.3.3-147104,5861007,其他設備,財政局主管,稅捐稽徵處,建築及設備,稅捐稽徵處,財政局主管,4.2.3.3
2015,4.2.3.4-147103,1090000,交通及運輸設備,財政局主管,稅捐稽徵處,建築及設備,稅捐稽徵處,財政局主管,4.2.3.4
2015,5.1.1.1-210201,49293565532,各項教育業務,教育局主管,教育局,教育資源管理,教育局,教育局主管,5.1.1.1
2015,5.1.1.2-210202,4416596685,各項教育建設工程及,教育局主管,教育局,教育資源管理,教育局,教育局主管,5.1.1.2
2015,5.1.2.1-219113,112555573,校務發展基金,教育局主管,教育局,作業基金,教育局,教育局主管,5.1.2.1
2015,5.1.3.1-214101,10000000,第一預備金,教育局主管,教育局,第一預備金,教育局,教育局主管,5.1.3.1
2015,5.2.1.1-220101,68925325,行政管理,教育局主管,市立圖書館,一般行政,市立圖書館,教育局主管,5.2.1.1
2015,5.2.2.1-220201,38254298,圖書採編,教育局主管,市立圖書館,圖書總館業務,市立圖書館,教育局主管,5.2.2.1
2015,5.2.2.2-220202,42836373,閱覽典藏,教育局主管,市立圖書館,圖書總館業務,市立圖書館,教育局主管,5.2.2.2
2015,5.2.2.3-220203,9095889,諮詢服務,教育局主管,市立圖書館,圖書總館業務,市立圖書館,教育局主管,5.2.2.3
2015,5.2.2.4-220204,15180089,社教推廣,教育局主管,市立圖書館,圖書總館業務,市立圖書館,教育局主管,5.2.2.4
2015,5.2.2.5-220205,5790019,視聽業務,教育局主管,市立圖書館,圖書總館業務,市立圖書館,教育局主管,5.2.2.5
2015,5.2.2.6-220206,20009318,資訊業務,教育局主管,市立圖書館,圖書總館業務,市立圖書館,教育局主管,5.2.2.6
2015,5.2.3.1-220301,269386721,圖書分館工作,教育局主管,市立圖書館,圖書分館業務,市立圖書館,教育局主管,5.2.3.1
2015,5.2.4.1-227102,79366890,營建工程,教育局主管,市立圖書館,建築及設備,市立圖書館,教育局主管,5.2.4.1
2015,5.2.4.2-227104,120624093,其他設備,教育局主管,市立圖書館,建築及設備,市立圖書館,教育局主管,5.2.4.2
2015,5.3.1.1-220101,52480324,行政管理,教育局主管,市立動物園,一般行政,市立動物園,教育局主管,5.3.1.1
2015,5.3.2.1-220201,165453965,動物保育展示,教育局主管,市立動物園,動物園業務,市立動物園,教育局主管,5.3.2.1
2015,5.3.2.2-220202,59069442,環境生態保育,教育局主管,市立動物園,動物園業務,市立動物園,教育局主管,5.3.2.2
2015,5.3.2.3-220203,44439594,教育推廣,教育局主管,市立動物園,動物園業務,市立動物園,教育局主管,5.3.2.3
2015,5.3.2.4-220204,24508750,動物醫療保健,教育局主管,市立動物園,動物園業務,市立動物園,教育局主管,5.3.2.4
2015,5.3.2.5-220205,74209023,遊客服務,教育局主管,市立動物園,動物園業務,市立動物園,教育局主管,5.3.2.5
2015,5.3.2.6-220206,87488205,機械及設備維護,教育局主管,市立動物園,動物園業務,市立動物園,教育局主管,5.3.2.6
2015,5.3.3.1-227102,300968546,營建工程,教育局主管,市立動物園,建築及設備,市立動物園,教育局主管,5.3.3.1
2015,5.3.3.2-227103,10554550,交通及運輸設備,教育局主管,市立動物園,建築及設備,市立動物園,教育局主管,5.3.3.2
2015,5.3.3.3-227104,18255159,其他設備,教育局主管,市立動物園,建築及設備,市立動物園,教育局主管,5.3.3.3
2015,5.4.1.1-220101,72637950,行政管理,教育局主管,市立天文科學教育館,一般行政,市立天文科學教育館,教育局主管,5.4.1.1
2015,5.4.2.1-220201,8387094,研究教育,教育局主管,市立天文科學教育館,天文業務,市立天文科學教育館,教育局主管,5.4.2.1
2015,5.4.2.2-220202,15350889,推廣教育,教育局主管,市立天文科學教育館,天文業務,市立天文科學教育館,教育局主管,5.4.2.2
2015,5.4.2.3-220203,32897440,展示教育,教育局主管,市立天文科學教育館,天文業務,市立天文科學教育館,教育局主管,5.4.2.3
2015,5.4.2.4-220204,34076656,視聽教育,教育局主管,市立天文科學教育館,天文業務,市立天文科學教育館,教育局主管,5.4.2.4
2015,5.4.3.1-227102,73427325,營建工程,教育局主管,市立天文科學教育館,建築及設備,市立天文科學教育館,教育局主管,5.4.3.1
2015,5.4.3.2-227104,6072310,其他設備,教育局主管,市立天文科學教育館,建築及設備,市立天文科學教育館,教育局主管,5.4.3.2
2015,5.5.1.1-220101,4780141,行政管理,教育局主管,家庭教育中心,一般行政,家庭教育中心,教育局主管,5.5.1.1
2015,5.5.2.1-220201,23288910,推展家庭教育,教育局主管,家庭教育中心,推展家庭教育,家庭教育中心,教育局主管,5.5.2.1
2015,5.5.3.1-227104,290838,其他設備,教育局主管,家庭教育中心,建築及設備,家庭教育中心,教育局主管,5.5.3.1
2015,5.6.1.1-220101,99769058,行政管理,教育局主管,青少年發展處,一般行政,青少年發展處,教育局主管,5.6.1.1
2015,5.6.2.1-220301,5059792,綜合企劃,教育局主管,青少年發展處,發展處業務,青少年發展處,教育局主管,5.6.2.1
2015,5.6.2.2-220302,8245994,交流服務,教育局主管,青少年發展處,發展處業務,青少年發展處,教育局主管,5.6.2.2
2015,5.6.2.3-220303,11235852,推廣教育,教育局主管,青少年發展處,發展處業務,青少年發展處,教育局主管,5.6.2.3
2015,5.6.2.4-220304,9776448,場館營運,教育局主管,青少年發展處,發展處業務,青少年發展處,教育局主管,5.6.2.4
2015,5.6.3.1-227102,43559310,營建工程,教育局主管,青少年發展處,建築及設備,青少年發展處,教育局主管,5.6.3.1
2015,5.6.3.2-227104,5523709,其他設備,教育局主管,青少年發展處,建築及設備,青少年發展處,教育局主管,5.6.3.2
2015,6.1.1.1-310101,83753114,行政管理,產業發展局主管,產業發展局,一般行政,產業發展局,產業發展局主管,6.1.1.1
2015,6.1.2.1-320201,78722687,工商輔導及管理,產業發展局主管,產業發展局,工商科技產業管理,產業發展局,產業發展局主管,6.1.2.1
2015,6.1.2.2-320202,102968519,科技產業輔導及管理,產業發展局主管,產業發展局,工商科技產業管理,產業發展局,產業發展局主管,6.1.2.2
2015,6.1.3.1-320301,46692621,水電公用天然氣事業,產業發展局主管,產業發展局,公用事業,產業發展局,產業發展局主管,6.1.3.1
2015,6.1.4.1-310401,287192344,農業發展,產業發展局主管,產業發展局,農業發展,產業發展局,產業發展局主管,6.1.4.1
2015,6.1.5.1-430701,119830032,農民福利,產業發展局主管,產業發展局,農民福利業務,產業發展局,產業發展局主管,6.1.5.1
2015,6.1.6.1-410801,9680604,農民健保,產業發展局主管,產業發展局,農民健保業務,產業發展局,產業發展局主管,6.1.6.1
2015,6.1.7.1-323902,24406000,接受中央各部會補助,產業發展局主管,產業發展局,接受補助業務支出,產業發展局,產業發展局主管,6.1.7.1
2015,6.1.8.1-317102,22427000,營建工程,產業發展局主管,產業發展局,建築及設備,產業發展局,產業發展局主管,6.1.8.1
2015,6.1.8.2-317103,613000,交通及運輸設備,產業發展局主管,產業發展局,建築及設備,產業發展局,產業發展局主管,6.1.8.2
2015,6.1.8.3-317104,1941000,其他設備,產業發展局主管,產業發展局,建築及設備,產業發展局,產業發展局主管,6.1.8.3
2015,6.1.9.1-314101,9000000,第一預備金,產業發展局主管,產業發展局,第一預備金,產業發展局,產業發展局主管,6.1.9.1
2015,6.2.1.1-310101,25759830,行政管理,產業發展局主管,動物保護處,一般行政,動物保護處,產業發展局主管,6.2.1.1
2015,6.2.2.1-310201,16488574,動物防疫檢驗及藥物,產業發展局主管,動物保護處,動物防疫,動物保護處,產業發展局主管,6.2.2.1
2015,6.2.3.1-310301,99197286,動物保護與管理,產業發展局主管,動物保護處,動物保護,動物保護處,產業發展局主管,6.2.3.1
2015,6.2.4.1-310401,19808133,產業輔導與動物保育,產業發展局主管,動物保護處,產業保育,動物保護處,產業發展局主管,6.2.4.1
2015,6.2.5.1-317102,16607600,營建工程,產業發展局主管,動物保護處,建築及設備,動物保護處,產業發展局主管,6.2.5.1
2015,6.2.5.2-317104,2056170,其他設備,產業發展局主管,動物保護處,建築及設備,動物保護處,產業發展局主管,6.2.5.2
2015,6.2.5.3-317103,550000,交通及運輸設備,產業發展局主管,動物保護處,建築及設備,動物保護處,產業發展局主管,6.2.5.3
2015,6.3.1.1-310101,297016164,行政管理,產業發展局主管,市場處,一般行政,市場處,產業發展局主管,6.3.1.1
2015,6.3.2.1-310201,24591682,批發市場管理,產業發展局主管,市場處,批發市場管理與供銷,市場處,產業發展局主管,6.3.2.1
2015,6.3.3.1-317102,427158457,營建工程,產業發展局主管,市場處,建築及設備,市場處,產業發展局主管,6.3.3.1
2015,6.3.3.2-317103,1100000,交通及運輸設備,產業發展局主管,市場處,建築及設備,市場處,產業發展局主管,6.3.3.2
2015,6.3.3.3-317104,1298987,其他設備,產業發展局主管,市場處,建築及設備,市場處,產業發展局主管,6.3.3.3
2015,6.3.4.1-319110,100000000,市場發展基金,產業發展局主管,市場處,作業基金,市場處,產業發展局主管,6.3.4.1
2015,6.4.1.1-340101,42548750,行政管理,產業發展局主管,商業處,一般行政,商業處,產業發展局主管,6.4.1.1
2015,6.4.2.1-340201,18669245,商業登記管理,產業發展局主管,商業處,商業登記,商業處,產業發展局主管,6.4.2.1
2015,6.4.3.1-340301,11052292,公司管理,產業發展局主管,商業處,公司管理,商業處,產業發展局主管,6.4.3.1
2015,6.4.4.1-340401,20169871,商業管理,產業發展局主管,商業處,商業管理,商業處,產業發展局主管,6.4.4.1
2015,6.4.5.1-340501,110858536,商業行政及商業輔導,產業發展局主管,商業處,商業行政,商業處,產業發展局主管,6.4.5.1
2015,6.4.6.1-347104,1265190,其他設備,產業發展局主管,商業處,建築及設備,商業處,產業發展局主管,6.4.6.1
2015,6.4.6.2-347103,550000,交通及運輸設備,產業發展局主管,商業處,建築及設備,商業處,產業發展局主管,6.4.6.2
2015,7.1.1.1-320101,103697497,行政管理,工務局主管,工務局,一般行政,工務局,工務局主管,7.1.1.1
2015,7.1.2.1-320201,115852475,工務管理,工務局主管,工務局,工務行政,工務局,工務局主管,7.1.2.1
2015,7.1.3.1-327104,1614100,其他設備,工務局主管,工務局,建築及設備,工務局,工務局主管,7.1.3.1
2015,7.1.3.2-327102,550000,營建工程,工務局主管,工務局,建築及設備,工務局,工務局主管,7.1.3.2
2015,7.1.4.1-338201,544996126,公共用地補償,工務局主管,工務局,用地補償,工務局,工務局主管,7.1.4.1
2015,7.1.5.1-324101,10000000,第一預備金,工務局主管,工務局,第一預備金,工務局,工務局主管,7.1.5.1
2015,7.2.1.1-310101,231690400,行政管理,工務局主管,水利工程處,一般行政,水利工程處,工務局主管,7.2.1.1
2015,7.2.2.1-310201,794938619,水利管理及維護,工務局主管,水利工程處,水利行政,水利工程處,工務局主管,7.2.2.1
2015,7.2.3.1-317103,4242000,交通及運輸設備,工務局主管,水利工程處,建築及設備,水利工程處,工務局主管,7.2.3.1
2015,7.2.3.2-317104,4668652,其他設備,工務局主管,水利工程處,建築及設備,水利工程處,工務局主管,7.2.3.2
2015,7.2.3.3-317102,15343000,營建工程,工務局主管,水利工程處,建築及設備,水利工程處,工務局主管,7.2.3.3
2015,7.2.4.1-317602,1132284400,河川工程,工務局主管,水利工程處,環境衛生及河川工程,水利工程處,工務局主管,7.2.4.1
2015,7.2.4.2-317605,448115000,雨水下水道工程,工務局主管,水利工程處,環境衛生及河川工程,水利工程處,工務局主管,7.2.4.2
2015,7.3.1.1-330101,114969153,行政管理,工務局主管,新建工程處,一般行政,新建工程處,工務局主管,7.3.1.1
2015,7.3.2.1-330201,733848446,工程管理,工務局主管,新建工程處,工務行政,新建工程處,工務局主管,7.3.2.1
2015,7.3.3.1-337102,3500000,營建工程,工務局主管,新建工程處,建築及設備,新建工程處,工務局主管,7.3.3.1
2015,7.3.3.2-337103,7416000,交通及運輸設備,工務局主管,新建工程處,建築及設備,新建工程處,工務局主管,7.3.3.2
2015,7.3.3.3-337104,9499748,其他設備,工務局主管,新建工程處,建築及設備,新建工程處,工務局主管,7.3.3.3
2015,7.3.4.1-337501,3242516714,道路及橋樑工程,工務局主管,新建工程處,道路橋樑工程,新建工程處,工務局主管,7.3.4.1
2015,7.4.1.1-510101,130290363,行政管理,工務局主管,公園路燈工程管理處,一般行政,公園路燈工程管理處,工務局主管,7.4.1.1
2015,7.4.2.1-510201,1102593717,公園綠地及園藝維護,工務局主管,公園路燈工程管理處,公園綠地及園藝管理,公園路燈工程管理處,工務局主管,7.4.2.1
2015,7.4.3.1-330401,406706790,路燈維護,工務局主管,公園路燈工程管理處,路燈管理,公園路燈工程管理處,工務局主管,7.4.3.1
2015,7.4.4.1-517102,52843921,營建工程,工務局主管,公園路燈工程管理處,建築及設備,公園路燈工程管理處,工務局主管,7.4.4.1
2015,7.4.4.2-517103,14378000,交通及運輸設備,工務局主管,公園路燈工程管理處,建築及設備,公園路燈工程管理處,工務局主管,7.4.4.2
2015,7.4.4.3-517104,12398128,其他設備,工務局主管,公園路燈工程管理處,建築及設備,公園路燈工程管理處,工務局主管,7.4.4.3
2015,7.4.5.1-517701,629984650,公園及綠化工程,工務局主管,公園路燈工程管理處,公園綠化及風景區工程,公園路燈工程管理處,工務局主管,7.4.5.1
2015,7.4.6.1-337801,188924592,路燈整建及新設工程,工務局主管,公園路燈工程管理處,路燈工程,公園路燈工程管理處,工務局主管,7.4.6.1
2015,7.5.1.1-520101,93896051,行政管理,工務局主管,衛生下水道工程處,一般行政,衛生下水道工程處,工務局主管,7.5.1.1
2015,7.5.2.1-520201,153060765,衛生下水道營運及管,工務局主管,衛生下水道工程處,營運管理,衛生下水道工程處,工務局主管,7.5.2.1
2015,7.5.2.2-520202,113648957,管線維護,工務局主管,衛生下水道工程處,營運管理,衛生下水道工程處,工務局主管,7.5.2.2
2015,7.5.2.3-520203,604483551,污水處理,工務局主管,衛生下水道工程處,營運管理,衛生下水道工程處,工務局主管,7.5.2.3
2015,7.5.2.4-520204,226605309,淡水河系污水下水道,工務局主管,衛生下水道工程處,營運管理,衛生下水道工程處,工務局主管,7.5.2.4
2015,7.5.3.1-527101,111509000,土地購置,工務局主管,衛生下水道工程處,建築及設備,衛生下水道工程處,工務局主管,7.5.3.1
2015,7.5.3.2-527102,64856000,營建工程,工務局主管,衛生下水道工程處,建築及設備,衛生下水道工程處,工務局主管,7.5.3.2
2015,7.5.3.3-527103,2337000,交通及運輸設備,工務局主管,衛生下水道工程處,建築及設備,衛生下水道工程處,工務局主管,7.5.3.3
2015,7.5.3.4-527104,5845051,其他設備,工務局主管,衛生下水道工程處,建築及設備,衛生下水道工程處,工務局主管,7.5.3.4
2015,7.5.4.1-527601,1605234440,衛生下水道工程,工務局主管,衛生下水道工程處,環境衛生及河川工程,衛生下水道工程處,工務局主管,7.5.4.1
2015,7.6.1.1-310101,50296724,行政管理,工務局主管,大地工程處,一般行政,大地工程處,工務局主管,7.6.1.1
2015,7.6.2.1-310201,218611392,山坡地管理及維護,工務局主管,大地工程處,山坡地管理,大地工程處,工務局主管,7.6.2.1
2015,7.6.3.1-317102,1657763,營建工程,工務局主管,大地工程處,建築及設備,大地工程處,工務局主管,7.6.3.1
2015,7.6.3.2-317103,2008000,交通及運輸設備,工務局主管,大地工程處,建築及設備,大地工程處,工務局主管,7.6.3.2
2015,7.6.3.3-317104,2101250,其他設備,工務局主管,大地工程處,建築及設備,大地工程處,工務局主管,7.6.3.3
2015,7.6.4.1-317501,218603921,道路及橋樑工程,工務局主管,大地工程處,道路橋樑工程,大地工程處,工務局主管,7.6.4.1
2015,7.6.5.1-317604,288903000,水土保持工程,工務局主管,大地工程處,環境衛生及河川工程,大地工程處,工務局主管,7.6.5.1
2015,7.6.6.1-317704,143172862,山坡地遊憩設施工程,工務局主管,大地工程處,公園綠化及風景區工程,大地工程處,工務局主管,7.6.6.1
2015,8.1.1.1-330101,68676794,行政管理,交通局主管,交通局,一般行政,交通局,交通局主管,8.1.1.1
2015,8.1.2.1-330201,18678939,綜合規劃,交通局主管,交通局,運輸規劃與交通管理,交通局,交通局主管,8.1.2.1
2015,8.1.2.2-330202,20310274,交通治理,交通局主管,交通局,運輸規劃與交通管理,交通局,交通局主管,8.1.2.2
2015,8.1.2.3-330203,18641127,運輸資訊業務,交通局主管,交通局,運輸規劃與交通管理,交通局,交通局主管,8.1.2.3
2015,8.1.3.1-330301,235068448,運輸管理,交通局主管,交通局,運輸管理,交通局,交通局主管,8.1.3.1
2015,8.1.3.2-330302,22904140,交通安全,交通局主管,交通局,運輸管理,交通局,交通局主管,8.1.3.2
2015,8.1.4.1-337102,65654,營建工程,交通局主管,交通局,建築及設備,交通局,交通局主管,8.1.4.1
2015,8.1.4.2-337104,2238563,其他設備,交通局主管,交通局,建築及設備,交通局,交通局主管,8.1.4.2
2015,8.1.4.3-337103,1270000,交通及運輸設備,交通局主管,交通局,建築及設備,交通局,交通局主管,8.1.4.3
2015,8.1.5.1-334101,10000000,第一預備金,交通局主管,交通局,第一預備金,交通局,交通局主管,8.1.5.1
2015,8.1.6.1-333902,474120,接受中央各部會補助,交通局主管,交通局,接受補助業務支出,交通局,交通局主管,8.1.6.1
2015,8.2.1.1-330101,29210098,行政管理,交通局主管,停車管理工程處,一般行政,停車管理工程處,交通局主管,8.2.1.1
2015,8.2.2.1-330201,30819321,企劃與設施業務,交通局主管,停車管理工程處,停車管理業務,停車管理工程處,交通局主管,8.2.2.1
2015,8.2.2.2-330202,35327626,營運與管理業務,交通局主管,停車管理工程處,停車管理業務,停車管理工程處,交通局主管,8.2.2.2
2015,8.2.3.1-337102,3463249,營建工程,交通局主管,停車管理工程處,建築及設備,停車管理工程處,交通局主管,8.2.3.1
2015,8.2.3.2-337104,627316,其他設備,交通局主管,停車管理工程處,建築及設備,停車管理工程處,交通局主管,8.2.3.2
2015,8.3.1.1-330101,48578439,行政管理,交通局主管,交通管制工程處,一般行政,交通管制工程處,交通局主管,8.3.1.1
2015,8.3.2.1-330201,20501916,交通管理規劃,交通局主管,交通管制工程處,交通規劃,交通管制工程處,交通局主管,8.3.2.1
2015,8.3.3.1-330301,168758713,管制設施設計與維護,交通局主管,交通管制工程處,交通管制設施設置,交通管制工程處,交通局主管,8.3.3.1
2015,8.3.4.1-330401,77604857,交通控制管理,交通局主管,交通管制工程處,交通控制管理,交通管制工程處,交通局主管,8.3.4.1
2015,8.3.5.1-337102,2342303,營建工程,交通局主管,交通管制工程處,建築及設備,交通管制工程處,交通局主管,8.3.5.1
2015,8.3.5.2-337103,3905000,交通及運輸設備,交通局主管,交通管制工程處,建築及設備,交通管制工程處,交通局主管,8.3.5.2
2015,8.3.5.3-337104,3146290,其他設備,交通局主管,交通管制工程處,建築及設備,交通管制工程處,交通局主管,8.3.5.3
2015,8.3.6.1-337201,228316768,交通改善工程,交通局主管,交通管制工程處,交通改善工程,交通管制工程處,交通局主管,8.3.6.1
2015,8.4.1.1-330101,49432816,行政管理,交通局主管,公共運輸處,一般行政,公共運輸處,交通局主管,8.4.1.1
2015,8.4.2.1-330201,287518875,綜合規劃,交通局主管,公共運輸處,運輸業管理,公共運輸處,交通局主管,8.4.2.1
2015,8.4.2.2-330202,2314725559,大眾運輸管理,交通局主管,公共運輸處,運輸業管理,公共運輸處,交通局主管,8.4.2.2
2015,8.4.2.3-330203,153492661,一般運輸業管理,交通局主管,公共運輸處,運輸業管理,公共運輸處,交通局主管,8.4.2.3
2015,8.4.2.4-330204,24115307,稽查業務,交通局主管,公共運輸處,運輸業管理,公共運輸處,交通局主管,8.4.2.4
2015,8.4.2.5-330205,1200000000,公車處資產負債清理,交通局主管,公共運輸處,運輸業管理,公共運輸處,交通局主管,8.4.2.5
2015,8.4.2.6-330206,45815567,智慧運輸管理,交通局主管,公共運輸處,運輸業管理,公共運輸處,交通局主管,8.4.2.6
2015,8.4.3.1-430601,168163954,身心障礙者交通福利,交通局主管,公共運輸處,交通福利業務,公共運輸處,交通局主管,8.4.3.1
2015,8.4.4.1-337101,193181970,土地購置,交通局主管,公共運輸處,建築及設備,公共運輸處,交通局主管,8.4.4.1
2015,8.4.4.2-337102,38964448,營建工程,交通局主管,公共運輸處,建築及設備,公共運輸處,交通局主管,8.4.4.2
2015,8.4.4.3-337104,68390204,其他設備,交通局主管,公共運輸處,建築及設備,公共運輸處,交通局主管,8.4.4.3
2015,8.4.4.4-337103,550000,交通及運輸設備,交通局主管,公共運輸處,建築及設備,公共運輸處,交通局主管,8.4.4.4
2015,8.4.5.1-333902,0,接受中央各部會補助,交通局主管,公共運輸處,接受補助業務支出,公共運輸處,交通局主管,8.4.5.1
2015,8.5.1.1-330101,59100070,行政管理,交通局主管,交通事件裁決所,一般行政,交通事件裁決所,交通局主管,8.5.1.1
2015,8.5.2.1-330201,27215003,案件管理,交通局主管,交通事件裁決所,交通裁罰業務,交通事件裁決所,交通局主管,8.5.2.1
2015,8.5.2.2-330202,27838098,違規裁罰,交通局主管,交通事件裁決所,交通裁罰業務,交通事件裁決所,交通局主管,8.5.2.2
2015,8.5.2.3-330203,20455916,違規申訴,交通局主管,交通事件裁決所,交通裁罰業務,交通事件裁決所,交通局主管,8.5.2.3
2015,8.5.2.4-330204,43129253,積案催收,交通局主管,交通事件裁決所,交通裁罰業務,交通事件裁決所,交通局主管,8.5.2.4
2015,8.5.2.5-330205,9074218,肇事鑑定,交通局主管,交通事件裁決所,交通裁罰業務,交通事件裁決所,交通局主管,8.5.2.5
2015,8.5.2.6-330206,19543629,電子處理資料業務,交通局主管,交通事件裁決所,交通裁罰業務,交通事件裁決所,交通局主管,8.5.2.6
2015,8.5.3.1-337102,12519695,營建工程,交通局主管,交通事件裁決所,建築及設備,交通事件裁決所,交通局主管,8.5.3.1
2015,8.5.3.2-337104,4864326,其他設備,交通局主管,交通事件裁決所,建築及設備,交通事件裁決所,交通局主管,8.5.3.2
2015,8.5.3.3-337103,550000,交通及運輸設備,交通局主管,交通事件裁決所,建築及設備,交通事件裁決所,交通局主管,8.5.3.3
2015,9.1.1.1-430101,149859636,行政管理,社會局主管,社會局,一般行政,社會局,社會局主管,9.1.1.1
2015,9.1.2.1-430201,28343247,人民團體輔導,社會局主管,社會局,人民團體輔導,社會局,社會局主管,9.1.2.1
2015,9.1.3.1-420301,8131056128,經濟安全,社會局主管,社會局,經濟安全及平宅服務業,社會局,社會局主管,9.1.3.1
2015,9.1.3.2-420302,32633093,平價住宅服務,社會局主管,社會局,經濟安全及平宅服務業,社會局,社會局主管,9.1.3.2
2015,9.1.4.1-430401,1169498428,身心障礙福利,社會局主管,社會局,身心障礙福利業務,社會局,社會局主管,9.1.4.1
2015,9.1.5.1-430501,2712960447,老人福利,社會局主管,社會局,老人福利業務,社會局,社會局主管,9.1.5.1
2015,9.1.6.1-430601,51202101,兒童托育,社會局主管,社會局,婦女福利及兒童托育業,社會局,社會局主管,9.1.6.1
2015,9.1.6.2-430602,35597178,婦女福利,社會局主管,社會局,婦女福利及兒童托育業,社會局,社會局主管,9.1.6.2
2015,9.1.7.1-430701,123260553,兒童及少年福利,社會局主管,社會局,兒童及少年福利業務,社會局,社會局主管,9.1.7.1
2015,9.1.8.1-430801,16650758,綜合企劃業務,社會局主管,社會局,綜合企劃業務,社會局,社會局主管,9.1.8.1
2015,9.1.9.1-430901,158972507,社會工作專業服務,社會局主管,社會局,社會工作業務,社會局,社會局主管,9.1.9.1
2015,9.1.10.1-431001,45555733,老人安養服務,社會局主管,社會局,老人自費安養業務,社會局,社會局主管,9.1.10.1
2015,9.1.11.1-411101,650557600,社會保險,社會局主管,社會局,社會保險業務,社會局,社會局主管,9.1.11.1
2015,9.1.12.1-437102,145393938,營建工程,社會局主管,社會局,建築及設備,社會局,社會局主管,9.1.12.1
2015,9.1.12.2-437103,1095000,交通及運輸設備,社會局主管,社會局,建築及設備,社會局,社會局主管,9.1.12.2
2015,9.1.12.3-437104,11325218,其他設備,社會局主管,社會局,建築及設備,社會局,社會局主管,9.1.12.3
2015,9.1.13.1-439112,27035431,臺北市社會福利發展,社會局主管,社會局,作業基金,社會局,社會局主管,9.1.13.1
2015,9.1.14.1-434101,7000000,第一預備金,社會局主管,社會局,第一預備金,社會局,社會局主管,9.1.14.1
2015,9.2.1.1-430101,74050877,行政管理,社會局主管,陽明教養院,一般行政,陽明教養院,社會局主管,9.2.1.1
2015,9.2.2.1-433501,241068043,院民社會工作,社會局主管,陽明教養院,院民教養,陽明教養院,社會局主管,9.2.2.1
2015,9.2.3.1-433601,27424463,保健醫療,社會局主管,陽明教養院,保健醫療業務,陽明教養院,社會局主管,9.2.3.1
2015,9.2.4.1-437104,5483000,其他設備,社會局主管,陽明教養院,建築及設備,陽明教養院,社會局主管,9.2.4.1
2015,9.2.4.2-437102,21695073,營建工程,社會局主管,陽明教養院,建築及設備,陽明教養院,社會局主管,9.2.4.2
2015,9.3.1.1-430101,51527021,行政管理,社會局主管,浩然敬老院,一般行政,浩然敬老院,社會局主管,9.3.1.1
2015,9.3.2.1-433501,15033669,院民社會工作,社會局主管,浩然敬老院,院民教養,浩然敬老院,社會局主管,9.3.2.1
2015,9.3.2.2-433504,129030264,院民安養服務,社會局主管,浩然敬老院,院民教養,浩然敬老院,社會局主管,9.3.2.2
2015,9.3.3.1-433601,46120340,保健醫療,社會局主管,浩然敬老院,保健醫療業務,浩然敬老院,社會局主管,9.3.3.1
2015,9.3.4.1-437102,8960771,營建工程,社會局主管,浩然敬老院,建築及設備,浩然敬老院,社會局主管,9.3.4.1
2015,9.3.4.2-437104,933213,其他設備,社會局主管,浩然敬老院,建築及設備,浩然敬老院,社會局主管,9.3.4.2
2015,9.3.4.3-437103,545000,交通及運輸設備,社會局主管,浩然敬老院,建築及設備,浩然敬老院,社會局主管,9.3.4.3
2015,9.4.1.1-430101,19043431,行政管理,社會局主管,家庭暴力暨性侵害防治中,一般行政,家庭暴力暨性侵害防治中,社會局主管,9.4.1.1
2015,9.4.2.1-430201,177897458,家庭暴力暨性侵害防,社會局主管,家庭暴力暨性侵害防治中,家庭暴力暨性侵害防治,家庭暴力暨性侵害防治中,社會局主管,9.4.2.1
2015,9.4.3.1-437102,57739028,營建工程,社會局主管,家庭暴力暨性侵害防治中,建築及設備,家庭暴力暨性侵害防治中,社會局主管,9.4.3.1
2015,9.4.3.2-437104,1049666,其他設備,社會局主管,家庭暴力暨性侵害防治中,建築及設備,家庭暴力暨性侵害防治中,社會局主管,9.4.3.2
2015,10.1.1.1-430101,80527008,行政管理,勞動局主管,勞動局,一般行政,勞動局,勞動局主管,10.1.1.1
2015,10.1.2.1-430201,129911572,工會組織及勞動權益,勞動局主管,勞動局,和諧勞資關係,勞動局,勞動局主管,10.1.2.1
2015,10.1.3.1-410301,3534045775,勞健保勞工保險費補,勞動局主管,勞動局,勞工保險業務,勞動局,勞動局主管,10.1.3.1
2015,10.1.4.1-440401,15795933,就業安全,勞動局主管,勞動局,就業促進措施,勞動局,勞動局主管,10.1.4.1
2015,10.1.5.1-430501,45373894,勞動教育文化,勞動局主管,勞動局,勞動教育文化,勞動局,勞動局主管,10.1.5.1
2015,10.1.6.1-433902,0,接受中央各部會補助,勞動局主管,勞動局,接受補助業務支出,勞動局,勞動局主管,10.1.6.1
2015,10.1.7.1-437102,558524,營建工程,勞動局主管,勞動局,建築及設備,勞動局,勞動局主管,10.1.7.1
2015,10.1.7.2-437104,1400869,其他設備,勞動局主管,勞動局,建築及設備,勞動局,勞動局主管,10.1.7.2
2015,10.1.8.1-434101,2550000,第一預備金,勞動局主管,勞動局,第一預備金,勞動局,勞動局主管,10.1.8.1
2015,10.2.1.1-440101,30390191,行政管理,勞動局主管,就業服務處,一般行政,就業服務處,勞動局主管,10.2.1.1
2015,10.2.2.1-440201,51065907,就業輔導,勞動局主管,就業服務處,就業服務,就業服務處,勞動局主管,10.2.2.1
2015,10.2.2.2-440202,23039257,就業促進,勞動局主管,就業服務處,就業服務,就業服務處,勞動局主管,10.2.2.2
2015,10.2.2.3-440203,12704956,就業情報蒐集、整理,勞動局主管,就業服務處,就業服務,就業服務處,勞動局主管,10.2.2.3
2015,10.2.2.4-440204,18490566,雇主服務,勞動局主管,就業服務處,就業服務,就業服務處,勞動局主管,10.2.2.4
2015,10.2.3.1-447102,1213383,營建工程,勞動局主管,就業服務處,建築及設備,就業服務處,勞動局主管,10.2.3.1
2015,10.2.3.2-447104,1019531,其他設備,勞動局主管,就業服務處,建築及設備,就業服務處,勞動局主管,10.2.3.2
2015,10.3.1.1-440101,70226409,行政管理,勞動局主管,職能發展學院,一般行政,職能發展學院,勞動局主管,10.3.1.1
2015,10.3.2.1-440201,105764247,職能培育,勞動局主管,職能發展學院,職能發展,職能發展學院,勞動局主管,10.3.2.1
2015,10.3.2.2-440202,12626075,職能評量,勞動局主管,職能發展學院,職能發展,職能發展學院,勞動局主管,10.3.2.2
2015,10.3.3.1-447102,6042578,營建工程,勞動局主管,職能發展學院,建築及設備,職能發展學院,勞動局主管,10.3.3.1
2015,10.3.3.2-447104,10693065,其他設備,勞動局主管,職能發展學院,建築及設備,職能發展學院,勞動局主管,10.3.3.2
2015,10.4.1.1-430101,29996377,行政管理,勞動局主管,勞動檢查處,一般行政,勞動檢查處,勞動局主管,10.4.1.1
2015,10.4.2.1-430201,75130756,職業安全衛生,勞動局主管,勞動檢查處,勞動檢查業務,勞動檢查處,勞動局主管,10.4.2.1
2015,10.4.2.2-430202,7989223,勞動條件,勞動局主管,勞動檢查處,勞動檢查業務,勞動檢查處,勞動局主管,10.4.2.2
2015,10.4.3.1-437102,20398441,營建工程,勞動局主管,勞動檢查處,建築及設備,勞動檢查處,勞動局主管,10.4.3.1
2015,10.4.3.2-437104,742377,其他設備,勞動局主管,勞動檢查處,建築及設備,勞動檢查處,勞動局主管,10.4.3.2
2015,10.4.3.3-437103,550000,交通及運輸設備,勞動局主管,勞動檢查處,建築及設備,勞動檢查處,勞動局主管,10.4.3.3
2015,10.5.1.1-440101,18862697,行政管理,勞動局主管,勞動力重建運用處,一般行政,勞動力重建運用處,勞動局主管,10.5.1.1
2015,10.5.2.1-440201,21271602,身障就業促進業務,勞動局主管,勞動力重建運用處,身障就業重建業務,勞動力重建運用處,勞動局主管,10.5.2.1
2015,10.5.3.1-440301,6537487,外勞諮詢及檢查業務,勞動局主管,勞動力重建運用處,外勞事務管理,勞動力重建運用處,勞動局主管,10.5.3.1
2015,10.5.4.1-447102,15485958,營建工程,勞動局主管,勞動力重建運用處,建築及設備,勞動力重建運用處,勞動局主管,10.5.4.1
2015,10.5.4.2-447104,210857,其他設備,勞動局主管,勞動力重建運用處,建築及設備,勞動力重建運用處,勞動局主管,10.5.4.2
2015,11.1.1.1-710101,1955400186,行政管理,警察局主管,警察局,一般行政,警察局,警察局主管,11.1.1.1
2015,11.1.2.1-710201,893582901,警察勤務,警察局主管,警察局,警政業務,警察局,警察局主管,11.1.2.1
2015,11.1.2.2-710202,6386728730,分局業務,警察局主管,警察局,警政業務,警察局,警察局主管,11.1.2.2
2015,11.1.2.3-710203,2856709642,大隊業務,警察局主管,警察局,警政業務,警察局,警察局主管,11.1.2.3
2015,11.1.2.4-710204,551135910,警隊業務,警察局主管,警察局,警政業務,警察局,警察局主管,11.1.2.4
2015,11.1.3.1-710301,38270847,補助義勇警察大隊,警察局主管,警察局,團隊補助,警察局,警察局主管,11.1.3.1
2015,11.1.3.2-710302,23647293,補助民防團隊,警察局主管,警察局,團隊補助,警察局,警察局主管,11.1.3.2
2015,11.1.3.3-710303,89278164,補助交通義勇警察大,警察局主管,警察局,團隊補助,警察局,警察局主管,11.1.3.3
2015,11.1.4.1-717101,36000000,土地購置,警察局主管,警察局,建築及設備,警察局,警察局主管,11.1.4.1
2015,11.1.4.2-717102,562006545,營建工程,警察局主管,警察局,建築及設備,警察局,警察局主管,11.1.4.2
2015,11.1.4.3-717103,98220000,交通及運輸設備,警察局主管,警察局,建築及設備,警察局,警察局主管,11.1.4.3
2015,11.1.4.4-717104,100254969,其他設備,警察局主管,警察局,建築及設備,警察局,警察局主管,11.1.4.4
2015,11.1.5.1-714101,28500000,第一預備金,警察局主管,警察局,第一預備金,警察局,警察局主管,11.1.5.1
2015,12.1.1.1-450101,129301966,行政管理,衛生局主管,衛生局,一般行政,衛生局,衛生局主管,12.1.1.1
2015,12.1.2.1-450201,237649962,疾病管制工作,衛生局主管,衛生局,疾病管制業務,衛生局,衛生局主管,12.1.2.1
2015,12.1.3.1-450301,99391451,醫護管理工作,衛生局主管,衛生局,醫護管理業務,衛生局,衛生局主管,12.1.3.1
2015,12.1.4.1-450401,105282300,食品藥物管理工作,衛生局主管,衛生局,食品藥物管理業務,衛生局,衛生局主管,12.1.4.1
2015,12.1.5.1-450501,160904141,健康管理工作,衛生局主管,衛生局,健康管理業務,衛生局,衛生局主管,12.1.5.1
2015,12.1.6.1-450601,3347681918,研究發展考核工作,衛生局主管,衛生局,研究發展考核業務,衛生局,衛生局主管,12.1.6.1
2015,12.1.7.1-450701,23994863,衛生檢驗,衛生局主管,衛生局,檢驗業務,衛生局,衛生局主管,12.1.7.1
2015,12.1.8.1-430801,312311171,醫療福利計畫,衛生局主管,衛生局,醫療保健福利業務,衛生局,衛生局主管,12.1.8.1
2015,12.1.9.1-457102,21204489,營建工程,衛生局主管,衛生局,建築及設備,衛生局,衛生局主管,12.1.9.1
2015,12.1.9.2-457103,1735000,交通及運輸設備,衛生局主管,衛生局,建築及設備,衛生局,衛生局主管,12.1.9.2
2015,12.1.9.3-457104,18076099,其他設備,衛生局主管,衛生局,建築及設備,衛生局,衛生局主管,12.1.9.3
2015,12.1.10.1-454101,14000000,第一預備金,衛生局主管,衛生局,第一預備金,衛生局,衛生局主管,12.1.10.1
2015,12.2.1.1-450101,8726226,行政管理,衛生局主管,松山區健康服務中心,一般行政,松山區健康服務中心,衛生局主管,12.2.1.1
2015,12.2.2.1-452501,24546720,公共衛生,衛生局主管,松山區健康服務中心,衛生業務,松山區健康服務中心,衛生局主管,12.2.2.1
2015,12.2.3.1-457102,5606193,營建工程,衛生局主管,松山區健康服務中心,建築及設備,松山區健康服務中心,衛生局主管,12.2.3.1
2015,12.2.3.2-457104,231383,其他設備,衛生局主管,松山區健康服務中心,建築及設備,松山區健康服務中心,衛生局主管,12.2.3.2
2015,12.3.1.1-450101,12683574,行政管理,衛生局主管,信義區健康服務中心,一般行政,信義區健康服務中心,衛生局主管,12.3.1.1
2015,12.3.2.1-452501,25827673,公共衛生,衛生局主管,信義區健康服務中心,衛生業務,信義區健康服務中心,衛生局主管,12.3.2.1
2015,12.3.3.1-457102,0,營建工程,衛生局主管,信義區健康服務中心,建築及設備,信義區健康服務中心,衛生局主管,12.3.3.1
2015,12.3.3.2-457104,253300,其他設備,衛生局主管,信義區健康服務中心,建築及設備,信義區健康服務中心,衛生局主管,12.3.3.2
2015,12.4.1.1-450101,11443360,行政管理,衛生局主管,大安區健康服務中心,一般行政,大安區健康服務中心,衛生局主管,12.4.1.1
2015,12.4.2.1-452501,33503555,公共衛生,衛生局主管,大安區健康服務中心,衛生業務,大安區健康服務中心,衛生局主管,12.4.2.1
2015,12.4.3.1-457102,0,營建工程,衛生局主管,大安區健康服務中心,建築及設備,大安區健康服務中心,衛生局主管,12.4.3.1
2015,12.4.3.2-457104,293987,其他設備,衛生局主管,大安區健康服務中心,建築及設備,大安區健康服務中心,衛生局主管,12.4.3.2
2015,12.5.1.1-450101,10396222,行政管理,衛生局主管,中山區健康服務中心,一般行政,中山區健康服務中心,衛生局主管,12.5.1.1
2015,12.5.2.1-452501,25860384,公共衛生,衛生局主管,中山區健康服務中心,衛生業務,中山區健康服務中心,衛生局主管,12.5.2.1
2015,12.5.3.1-457102,9061197,營建工程,衛生局主管,中山區健康服務中心,建築及設備,中山區健康服務中心,衛生局主管,12.5.3.1
2015,12.5.3.2-457104,614400,其他設備,衛生局主管,中山區健康服務中心,建築及設備,中山區健康服務中心,衛生局主管,12.5.3.2
2015,12.6.1.1-450101,9767041,行政管理,衛生局主管,中正區健康服務中心,一般行政,中正區健康服務中心,衛生局主管,12.6.1.1
2015,12.6.2.1-452501,20145428,公共衛生,衛生局主管,中正區健康服務中心,衛生業務,中正區健康服務中心,衛生局主管,12.6.2.1
2015,12.6.3.1-457104,293000,其他設備,衛生局主管,中正區健康服務中心,建築及設備,中正區健康服務中心,衛生局主管,12.6.3.1
2015,12.6.3.2-457102,496400,營建工程,衛生局主管,中正區健康服務中心,建築及設備,中正區健康服務中心,衛生局主管,12.6.3.2
2015,12.7.1.1-450101,8373113,行政管理,衛生局主管,大同區健康服務中心,一般行政,大同區健康服務中心,衛生局主管,12.7.1.1
2015,12.7.2.1-452501,19594637,公共衛生,衛生局主管,大同區健康服務中心,衛生業務,大同區健康服務中心,衛生局主管,12.7.2.1
2015,12.7.3.1-457104,152319,其他設備,衛生局主管,大同區健康服務中心,建築及設備,大同區健康服務中心,衛生局主管,12.7.3.1
2015,12.8.1.1-450101,10656207,行政管理,衛生局主管,萬華區健康服務中心,一般行政,萬華區健康服務中心,衛生局主管,12.8.1.1
2015,12.8.2.1-452501,23235258,公共衛生,衛生局主管,萬華區健康服務中心,衛生業務,萬華區健康服務中心,衛生局主管,12.8.2.1
2015,12.8.3.1-457102,4033000,營建工程,衛生局主管,萬華區健康服務中心,建築及設備,萬華區健康服務中心,衛生局主管,12.8.3.1
2015,12.8.3.2-457104,1384044,其他設備,衛生局主管,萬華區健康服務中心,建築及設備,萬華區健康服務中心,衛生局主管,12.8.3.2
2015,12.9.1.1-450101,10336394,行政管理,衛生局主管,文山區健康服務中心,一般行政,文山區健康服務中心,衛生局主管,12.9.1.1
2015,12.9.2.1-452501,28206057,公共衛生,衛生局主管,文山區健康服務中心,衛生業務,文山區健康服務中心,衛生局主管,12.9.2.1
2015,12.9.3.1-457102,8804011,營建工程,衛生局主管,文山區健康服務中心,建築及設備,文山區健康服務中心,衛生局主管,12.9.3.1
2015,12.9.3.2-457104,201300,其他設備,衛生局主管,文山區健康服務中心,建築及設備,文山區健康服務中心,衛生局主管,12.9.3.2
2015,12.10.1.1-450101,8163464,行政管理,衛生局主管,南港區健康服務中心,一般行政,南港區健康服務中心,衛生局主管,12.10.1.1
2015,12.10.2.1-452501,17680228,公共衛生,衛生局主管,南港區健康服務中心,衛生業務,南港區健康服務中心,衛生局主管,12.10.2.1
2015,12.10.3.1-457104,178510,其他設備,衛生局主管,南港區健康服務中心,建築及設備,南港區健康服務中心,衛生局主管,12.10.3.1
2015,12.11.1.1-450101,10519704,行政管理,衛生局主管,內湖區健康服務中心,一般行政,內湖區健康服務中心,衛生局主管,12.11.1.1
2015,12.11.2.1-452501,27106008,公共衛生,衛生局主管,內湖區健康服務中心,衛生業務,內湖區健康服務中心,衛生局主管,12.11.2.1
2015,12.11.3.1-457102,0,營建工程,衛生局主管,內湖區健康服務中心,建築及設備,內湖區健康服務中心,衛生局主管,12.11.3.1
2015,12.11.3.2-457104,220900,其他設備,衛生局主管,內湖區健康服務中心,建築及設備,內湖區健康服務中心,衛生局主管,12.11.3.2
2015,12.12.1.1-450101,11233813,行政管理,衛生局主管,士林區健康服務中心,一般行政,士林區健康服務中心,衛生局主管,12.12.1.1
2015,12.12.2.1-452501,30524372,公共衛生,衛生局主管,士林區健康服務中心,衛生業務,士林區健康服務中心,衛生局主管,12.12.2.1
2015,12.12.3.1-457104,271398,其他設備,衛生局主管,士林區健康服務中心,建築及設備,士林區健康服務中心,衛生局主管,12.12.3.1
2015,12.13.1.1-450101,8741232,行政管理,衛生局主管,北投區健康服務中心,一般行政,北投區健康服務中心,衛生局主管,12.13.1.1
2015,12.13.2.1-452501,27759639,公共衛生,衛生局主管,北投區健康服務中心,衛生業務,北投區健康服務中心,衛生局主管,12.13.2.1
2015,12.13.3.1-457104,236000,其他設備,衛生局主管,北投區健康服務中心,建築及設備,北投區健康服務中心,衛生局主管,12.13.3.1
2015,12.13.3.2-457102,24000,營建工程,衛生局主管,北投區健康服務中心,建築及設備,北投區健康服務中心,衛生局主管,12.13.3.2
2015,13.1.1.1-520101,185876799,行政管理,環境保護局主管,環境保護局,一般行政,環境保護局,環境保護局主管,13.1.1.1
2015,13.1.2.1-520201,18684443,空氣噪音振動管制,環境保護局主管,環境保護局,公害防治,環境保護局,環境保護局主管,13.1.2.1
2015,13.1.2.2-520202,82440023,水污染防治及病媒環,環境保護局主管,環境保護局,公害防治,環境保護局,環境保護局主管,13.1.2.2
2015,13.1.2.3-520203,31454581,環境檢驗監測暨環評,環境保護局主管,環境保護局,公害防治,環境保護局,環境保護局主管,13.1.2.3
2015,13.1.3.1-520301,4066234074,垃圾清運暨環境清潔,環境保護局主管,環境保護局,垃圾處理與清潔維持,環境保護局,環境保護局主管,13.1.3.1
2015,13.1.3.2-520302,399265476,垃圾處理,環境保護局主管,環境保護局,垃圾處理與清潔維持,環境保護局,環境保護局主管,13.1.3.2
2015,13.1.4.1-520401,74797062,資源垃圾回收與列管,環境保護局主管,環境保護局,資源回收與列管公廁,環境保護局,環境保護局主管,13.1.4.1
2015,13.1.4.2-520402,61164327,公廁管理與整建,環境保護局主管,環境保護局,資源回收與列管公廁,環境保護局,環境保護局主管,13.1.4.2
2015,13.1.5.1-520501,19244103,督導考核與訓練宣導,環境保護局主管,環境保護局,環境衛生指導,環境保護局,環境保護局主管,13.1.5.1
2015,13.1.6.1-520601,160622192,汽車修護保養,環境保護局主管,環境保護局,修車廠業務,環境保護局,環境保護局主管,13.1.6.1
2015,13.1.7.1-520701,160151104,垃圾處理回饋,環境保護局主管,環境保護局,環境保護回饋,環境保護局,環境保護局主管,13.1.7.1
2015,13.1.8.1-527101,60320100,土地購置,環境保護局主管,環境保護局,建築及設備,環境保護局,環境保護局主管,13.1.8.1
2015,13.1.8.2-527102,42249284,營建工程,環境保護局主管,環境保護局,建築及設備,環境保護局,環境保護局主管,13.1.8.2
2015,13.1.8.3-527103,26276000,交通及運輸設備,環境保護局主管,環境保護局,建築及設備,環境保護局,環境保護局主管,13.1.8.3
2015,13.1.8.4-527104,43499456,其他設備,環境保護局主管,環境保護局,建築及設備,環境保護局,環境保護局主管,13.1.8.4
2015,13.1.9.1-524101,8100000,第一預備金,環境保護局主管,環境保護局,第一預備金,環境保護局,環境保護局主管,13.1.9.1
2015,13.2.1.1-520101,39680809,行政管理,環境保護局主管,衛生稽查大隊,一般行政,衛生稽查大隊,環境保護局主管,13.2.1.1
2015,13.2.2.1-520201,160622004,公害案件取締告發,環境保護局主管,衛生稽查大隊,衛生稽查業務,衛生稽查大隊,環境保護局主管,13.2.2.1
2015,13.2.3.1-527102,0,營建工程,環境保護局主管,衛生稽查大隊,建築及設備,衛生稽查大隊,環境保護局主管,13.2.3.1
2015,13.2.3.2-527103,2263000,交通及運輸設備,環境保護局主管,衛生稽查大隊,建築及設備,衛生稽查大隊,環境保護局主管,13.2.3.2
2015,13.2.3.3-527104,1041999,其他設備,環境保護局主管,衛生稽查大隊,建築及設備,衛生稽查大隊,環境保護局主管,13.2.3.3
2015,13.3.1.1-520101,47910033,行政管理,環境保護局主管,內湖垃圾焚化廠,一般行政,內湖垃圾焚化廠,環境保護局主管,13.3.1.1
2015,13.3.2.1-523301,144781358,焚化規劃及操作,環境保護局主管,內湖垃圾焚化廠,垃圾焚化業務,內湖垃圾焚化廠,環境保護局主管,13.3.2.1
2015,13.3.3.1-527104,3401995,其他設備,環境保護局主管,內湖垃圾焚化廠,建築及設備,內湖垃圾焚化廠,環境保護局主管,13.3.3.1
2015,13.3.3.2-527103,69300,交通及運輸設備,環境保護局主管,內湖垃圾焚化廠,建築及設備,內湖垃圾焚化廠,環境保護局主管,13.3.3.2
2015,13.3.4.1-527603,33680000,垃圾處理工程,環境保護局主管,內湖垃圾焚化廠,環境衛生及河川工程,內湖垃圾焚化廠,環境保護局主管,13.3.4.1
2015,13.4.1.1-520101,45981116,行政管理,環境保護局主管,木柵垃圾焚化廠,一般行政,木柵垃圾焚化廠,環境保護局主管,13.4.1.1
2015,13.4.2.1-523301,169281681,焚化規劃及操作,環境保護局主管,木柵垃圾焚化廠,垃圾焚化業務,木柵垃圾焚化廠,環境保護局主管,13.4.2.1
2015,13.4.3.1-527104,2662770,其他設備,環境保護局主管,木柵垃圾焚化廠,建築及設備,木柵垃圾焚化廠,環境保護局主管,13.4.3.1
2015,13.4.4.1-527603,36680000,垃圾處理工程,環境保護局主管,木柵垃圾焚化廠,環境衛生及河川工程,木柵垃圾焚化廠,環境保護局主管,13.4.4.1
2015,13.5.1.1-520101,61292920,行政管理,環境保護局主管,北投垃圾焚化廠,一般行政,北投垃圾焚化廠,環境保護局主管,13.5.1.1
2015,13.5.2.1-523301,272396164,焚化規劃及操作,環境保護局主管,北投垃圾焚化廠,垃圾焚化業務,北投垃圾焚化廠,環境保護局主管,13.5.2.1
2015,13.5.3.1-527104,1916820,其他設備,環境保護局主管,北投垃圾焚化廠,建築及設備,北投垃圾焚化廠,環境保護局主管,13.5.3.1
2015,13.5.3.2-527103,550000,交通及運輸設備,環境保護局主管,北投垃圾焚化廠,建築及設備,北投垃圾焚化廠,環境保護局主管,13.5.3.2
2015,13.5.4.1-527603,36680000,垃圾處理工程,環境保護局主管,北投垃圾焚化廠,環境衛生及河川工程,北投垃圾焚化廠,環境保護局主管,13.5.4.1
2015,14.1.1.1-340101,176385927,行政管理,都市發展局主管,都市發展局,一般行政,都市發展局,都市發展局主管,14.1.1.1
2015,14.1.2.1-340201,131932968,都市發展規劃,都市發展局主管,都市發展局,都市發展,都市發展局,都市發展局主管,14.1.2.1
2015,14.1.3.1-320301,21407787,建築管理審核及督導,都市發展局主管,都市發展局,建築管理,都市發展局,都市發展局主管,14.1.3.1
2015,14.1.4.1-347104,15179424,其他設備,都市發展局主管,都市發展局,建築及設備,都市發展局,都市發展局主管,14.1.4.1
2015,14.1.4.2-347102,2858080,營建工程,都市發展局主管,都市發展局,建築及設備,都市發展局,都市發展局主管,14.1.4.2
2015,14.1.5.1-430401,339605333,住宅業務補貼,都市發展局主管,都市發展局,住宅補貼,都市發展局,都市發展局主管,14.1.5.1
2015,14.1.6.1-519106,500000000,住宅基金,都市發展局主管,都市發展局,作業基金,都市發展局,都市發展局主管,14.1.6.1
2015,14.1.7.1-343902,0,接受中央各部會補助,都市發展局主管,都市發展局,接受補助業務支出,都市發展局,都市發展局主管,14.1.7.1
2015,14.1.8.1-344101,2300000,第一預備金,都市發展局主管,都市發展局,第一預備金,都市發展局,都市發展局主管,14.1.8.1
2015,14.2.1.1-340101,41985578,行政管理,都市發展局主管,都市更新處,一般行政,都市更新處,都市發展局主管,14.2.1.1
2015,14.2.2.1-340201,67436947,都市更新,都市發展局主管,都市更新處,都市發展,都市更新處,都市發展局主管,14.2.2.1
2015,14.2.3.1-347104,4771470,其他設備,都市發展局主管,都市更新處,建築及設備,都市更新處,都市發展局主管,14.2.3.1
2015,14.2.3.2-347102,6372600,營建工程,都市發展局主管,都市更新處,建築及設備,都市更新處,都市發展局主管,14.2.3.2
2015,14.2.3.3-347103,550000,交通及運輸設備,都市發展局主管,都市更新處,建築及設備,都市更新處,都市發展局主管,14.2.3.3
2015,14.3.1.1-320101,75533638,行政管理,都市發展局主管,建築管理工程處,一般行政,建築管理工程處,都市發展局主管,14.3.1.1
2015,14.3.2.1-320201,544255781,建築管理及違建處理,都市發展局主管,建築管理工程處,建管業務,建築管理工程處,都市發展局主管,14.3.2.1
2015,14.3.3.1-327102,24248859,營建工程,都市發展局主管,建築管理工程處,建築及設備,建築管理工程處,都市發展局主管,14.3.3.1
2015,14.3.3.2-327103,1054000,交通及運輸設備,都市發展局主管,建築管理工程處,建築及設備,建築管理工程處,都市發展局主管,14.3.3.2
2015,14.3.3.3-327104,3344993,其他設備,都市發展局主管,建築管理工程處,建築及設備,建築管理工程處,都市發展局主管,14.3.3.3
2015,15.1.1.1-220101,65846317,行政管理,文化局主管,文化局,一般行政,文化局,文化局主管,15.1.1.1
2015,15.1.2.1-220201,476089286,文化環境之規劃,文化局主管,文化局,綜合計畫,文化局,文化局主管,15.1.2.1
2015,15.1.3.1-220301,96964085,文化資產之維護與活,文化局主管,文化局,文化資產之保存,文化局,文化局主管,15.1.3.1
2015,15.1.4.1-220401,445527103,藝文工作之策劃與推,文化局主管,文化局,藝文工作之推動,文化局,文化局主管,15.1.4.1
2015,15.1.5.1-220501,63077820,社區文化生活之推動,文化局主管,文化局,社區文化之推動,文化局,文化局主管,15.1.5.1
2015,15.1.6.1-220701,17322970,文化設施興建及文化,文化局主管,文化局,文化設施之整建,文化局,文化局主管,15.1.6.1
2015,15.1.7.1-227102,2454573016,營建工程,文化局主管,文化局,建築及設備,文化局,文化局主管,15.1.7.1
2015,15.1.7.2-227104,22973538,其他設備,文化局主管,文化局,建築及設備,文化局,文化局主管,15.1.7.2
2015,15.1.7.3-227103,1185000,交通及運輸設備,文化局主管,文化局,建築及設備,文化局,文化局主管,15.1.7.3
2015,15.1.8.1-229111,200000000,臺北市文化設施發展,文化局主管,文化局,作業基金,文化局,文化局主管,15.1.8.1
2015,15.1.9.1-224101,8250000,第一預備金,文化局主管,文化局,第一預備金,文化局,文化局主管,15.1.9.1
2015,15.1.10.1-220601,47041780,臺北文化藝術設施籌,文化局主管,文化局,臺北文化藝術設施之推,文化局,文化局主管,15.1.10.1
2015,15.2.1.1-220101,17643077,行政管理,文化局主管,中山堂管理所,一般行政,中山堂管理所,文化局主管,15.2.1.1
2015,15.2.2.1-220201,50629801,會場管理,文化局主管,中山堂管理所,會場業務,中山堂管理所,文化局主管,15.2.2.1
2015,15.2.3.1-227102,3807140,營建工程,文化局主管,中山堂管理所,建築及設備,中山堂管理所,文化局主管,15.2.3.1
2015,15.2.3.2-227104,4105187,其他設備,文化局主管,中山堂管理所,建築及設備,中山堂管理所,文化局主管,15.2.3.2
2015,15.3.1.1-220101,16539484,行政管理,文化局主管,文獻委員會,一般行政,文獻委員會,文化局主管,15.3.1.1
2015,15.3.2.1-220201,4796936,文獻編印,文化局主管,文獻委員會,文獻編纂,文獻委員會,文化局主管,15.3.2.1
2015,15.3.2.2-220202,12379162,文獻整理運用,文化局主管,文獻委員會,文獻編纂,文獻委員會,文化局主管,15.3.2.2
2015,15.3.2.3-220203,8056616,史蹟教育及推廣,文化局主管,文獻委員會,文獻編纂,文獻委員會,文化局主管,15.3.2.3
2015,15.3.3.1-227104,3865800,其他設備,文化局主管,文獻委員會,建築及設備,文獻委員會,文化局主管,15.3.3.1
2015,15.3.3.2-227102,354280,營建工程,文化局主管,文獻委員會,建築及設備,文獻委員會,文化局主管,15.3.3.2
2015,15.3.3.3-227103,635000,交通及運輸設備,文化局主管,文獻委員會,建築及設備,文獻委員會,文化局主管,15.3.3.3
2015,15.4.1.1-220101,78027397,行政管理,文化局主管,市立美術館,一般行政,市立美術館,文化局主管,15.4.1.1
2015,15.4.2.1-220201,134502394,美術展覽,文化局主管,市立美術館,美術館業務,市立美術館,文化局主管,15.4.2.1
2015,15.4.2.2-220202,15338304,美術品典藏及維護,文化局主管,市立美術館,美術館業務,市立美術館,文化局主管,15.4.2.2
2015,15.4.2.3-220203,59033209,推廣美術教育,文化局主管,市立美術館,美術館業務,市立美術館,文化局主管,15.4.2.3
2015,15.4.2.4-220204,16126077,研究美術學術,文化局主管,市立美術館,美術館業務,市立美術館,文化局主管,15.4.2.4
2015,15.4.2.5-220205,29292000,機械及設備維護,文化局主管,市立美術館,美術館業務,市立美術館,文化局主管,15.4.2.5
2015,15.4.3.1-227104,41295423,其他設備,文化局主管,市立美術館,建築及設備,市立美術館,文化局主管,15.4.3.1
2015,15.4.3.2-227102,1050000,營建工程,文化局主管,市立美術館,建築及設備,市立美術館,文化局主管,15.4.3.2
2015,15.4.3.3-227103,545000,交通及運輸設備,文化局主管,市立美術館,建築及設備,市立美術館,文化局主管,15.4.3.3
2015,15.5.1.1-220101,24845108,行政管理,文化局主管,市立交響樂團,一般行政,市立交響樂團,文化局主管,15.5.1.1
2015,15.5.2.1-220201,184538233,演奏業務,文化局主管,市立交響樂團,交響樂團業務,市立交響樂團,文化局主管,15.5.2.1
2015,15.5.2.2-220202,20960200,研究與推廣,文化局主管,市立交響樂團,交響樂團業務,市立交響樂團,文化局主管,15.5.2.2
2015,15.5.3.1-227104,1456453,其他設備,文化局主管,市立交響樂團,建築及設備,市立交響樂團,文化局主管,15.5.3.1
2015,15.5.3.2-227102,4904925,營建工程,文化局主管,市立交響樂團,建築及設備,市立交響樂團,文化局主管,15.5.3.2
2015,15.6.1.1-220101,19732945,行政管理,文化局主管,市立國樂團,一般行政,市立國樂團,文化局主管,15.6.1.1
2015,15.6.2.1-220201,143354675,國樂發展,文化局主管,市立國樂團,國樂團業務,市立國樂團,文化局主管,15.6.2.1
2015,15.6.3.1-227104,4579600,其他設備,文化局主管,市立國樂團,建築及設備,市立國樂團,文化局主管,15.6.3.1
2015,15.6.3.2-227103,550000,交通及運輸設備,文化局主管,市立國樂團,建築及設備,市立國樂團,文化局主管,15.6.3.2
2015,15.7.1.1-220101,26869957,行政管理,文化局主管,市立社會教育館,一般行政,市立社會教育館,文化局主管,15.7.1.1
2015,15.7.2.1-220201,142927938,社教業務,文化局主管,市立社會教育館,社教館業務,市立社會教育館,文化局主管,15.7.2.1
2015,15.7.2.2-220202,40866503,活動中心管理,文化局主管,市立社會教育館,社教館業務,市立社會教育館,文化局主管,15.7.2.2
2015,15.7.3.1-227102,9988558,營建工程,文化局主管,市立社會教育館,建築及設備,市立社會教育館,文化局主管,15.7.3.1
2015,15.7.3.2-227104,1372600,其他設備,文化局主管,市立社會教育館,建築及設備,市立社會教育館,文化局主管,15.7.3.2
2015,16.1.1.1-130101,315887735,行政管理,消防局主管,消防局,一般行政,消防局,消防局主管,16.1.1.1
2015,16.1.2.1-130201,116092287,災害防救業務,消防局主管,消防局,消防業務,消防局,消防局主管,16.1.2.1
2015,16.1.2.2-130202,491012400,消防工作,消防局主管,消防局,消防業務,消防局,消防局主管,16.1.2.2
2015,16.1.2.3-130203,1586995495,大隊救災救護業務,消防局主管,消防局,消防業務,消防局,消防局主管,16.1.2.3
2015,16.1.3.1-133902,3104000,接受中央各部會補助,消防局主管,消防局,接受補助業務支出,消防局,消防局主管,16.1.3.1
2015,16.1.4.1-137101,22863000,土地購置,消防局主管,消防局,建築及設備,消防局,消防局主管,16.1.4.1
2015,16.1.4.2-137102,170674834,營建工程,消防局主管,消防局,建築及設備,消防局,消防局主管,16.1.4.2
2015,16.1.4.3-137103,79437000,交通及運輸設備,消防局主管,消防局,建築及設備,消防局,消防局主管,16.1.4.3
2015,16.1.4.4-137104,71195366,其他設備,消防局主管,消防局,建築及設備,消防局,消防局主管,16.1.4.4
2015,16.1.5.1-138302,1033000,接受中央各部會補助,消防局主管,消防局,接受補助建設支出,消防局,消防局主管,16.1.5.1
2015,16.1.6.1-134101,4300000,第一預備金,消防局主管,消防局,第一預備金,消防局,消防局主管,16.1.6.1
2015,17.1.1.1-320101,65919234,行政管理,臺北翡翠水庫管理局主管,臺北翡翠水庫管理局,一般行政,臺北翡翠水庫管理局,臺北翡翠水庫管理局主管,17.1.1.1
2015,17.1.2.1-320201,177180284,水庫管理,臺北翡翠水庫管理局主管,臺北翡翠水庫管理局,水庫管理,臺北翡翠水庫管理局,臺北翡翠水庫管理局主管,17.1.2.1
2015,17.1.3.1-327102,74178599,營建工程,臺北翡翠水庫管理局主管,臺北翡翠水庫管理局,建築及設備,臺北翡翠水庫管理局,臺北翡翠水庫管理局主管,17.1.3.1
2015,17.1.3.2-327103,4550000,交通及運輸設備,臺北翡翠水庫管理局主管,臺北翡翠水庫管理局,建築及設備,臺北翡翠水庫管理局,臺北翡翠水庫管理局主管,17.1.3.2
2015,17.1.3.3-327104,42180860,其他設備,臺北翡翠水庫管理局主管,臺北翡翠水庫管理局,建築及設備,臺北翡翠水庫管理局,臺北翡翠水庫管理局主管,17.1.3.3
2015,17.1.4.1-327901,54749000,臺北水源特定區設施,臺北翡翠水庫管理局主管,臺北翡翠水庫管理局,臺北水源特定區設施,臺北翡翠水庫管理局,臺北翡翠水庫管理局主管,17.1.4.1
2015,17.1.5.1-324101,600000,第一預備金,臺北翡翠水庫管理局主管,臺北翡翠水庫管理局,第一預備金,臺北翡翠水庫管理局,臺北翡翠水庫管理局主管,17.1.5.1
2015,18.1.1.1-340101,45179128,行政管理,觀光傳播局主管,觀光傳播局,一般行政,觀光傳播局,觀光傳播局主管,18.1.1.1
2015,18.1.2.1-340201,81759073,市政及觀光綜合行銷,觀光傳播局主管,觀光傳播局,綜合行銷,觀光傳播局,觀光傳播局主管,18.1.2.1
2015,18.1.3.1-340301,89984549,觀光政策發展及規劃,觀光傳播局主管,觀光傳播局,觀光旅遊規劃與管理,觀光傳播局,觀光傳播局主管,18.1.3.1
2015,18.1.3.2-340302,41238363,觀光產業管理業務,觀光傳播局主管,觀光傳播局,觀光旅遊規劃與管理,觀光傳播局,觀光傳播局主管,18.1.3.2
2015,18.1.3.3-340303,73005279,城市旅遊規劃與推廣,觀光傳播局主管,觀光傳播局,觀光旅遊規劃與管理,觀光傳播局,觀光傳播局主管,18.1.3.3
2015,18.1.4.1-220401,66824888,行銷出版暨媒體服務,觀光傳播局主管,觀光傳播局,出版及媒體輔導管理,觀光傳播局,觀光傳播局主管,18.1.4.1
2015,18.1.4.2-220402,29101635,傳播事業輔導及管理,觀光傳播局主管,觀光傳播局,出版及媒體輔導管理,觀光傳播局,觀光傳播局主管,18.1.4.2
2015,18.1.5.1-340501,11545313,視聽製作及資訊業務,觀光傳播局主管,觀光傳播局,視聽資訊業務,觀光傳播局,觀光傳播局主管,18.1.5.1
2015,18.1.6.1-347102,3938131,營建工程,觀光傳播局主管,觀光傳播局,建築及設備,觀光傳播局,觀光傳播局主管,18.1.6.1
2015,18.1.6.2-347104,3044154,其他設備,觀光傳播局主管,觀光傳播局,建築及設備,觀光傳播局,觀光傳播局主管,18.1.6.2
2015,18.1.6.3-347103,545000,交通及運輸設備,觀光傳播局主管,觀光傳播局,建築及設備,觀光傳播局,觀光傳播局主管,18.1.6.3
2015,18.1.7.1-344101,1800000,第一預備金,觀光傳播局主管,觀光傳播局,第一預備金,觀光傳播局,觀光傳播局主管,18.1.7.1
2015,18.2.1.1-220101,13825660,行政管理,觀光傳播局主管,臺北廣播電臺,一般行政,臺北廣播電臺,觀光傳播局主管,18.2.1.1
2015,18.2.2.1-220201,34307912,節目及工務管理,觀光傳播局主管,臺北廣播電臺,廣播業務,臺北廣播電臺,觀光傳播局主管,18.2.2.1
2015,18.2.3.1-227104,1090514,其他設備,觀光傳播局主管,臺北廣播電臺,建築及設備,臺北廣播電臺,觀光傳播局主管,18.2.3.1
2015,18.2.3.2-227102,165452,營建工程,觀光傳播局主管,臺北廣播電臺,建築及設備,臺北廣播電臺,觀光傳播局主管,18.2.3.2
2015,19.1.1.1-130101,82209537,行政管理,地政局主管,地政局,一般行政,地政局,地政局主管,19.1.1.1
2015,19.1.2.1-130901,271242266,實施平均地權與不動,地政局主管,地政局,地政業務,地政局,地政局主管,19.1.2.1
2015,19.1.3.1-137104,3064741,其他設備,地政局主管,地政局,建築及設備,地政局,地政局主管,19.1.3.1
2015,19.1.3.2-137102,4579237,營建工程,地政局主管,地政局,建築及設備,地政局,地政局主管,19.1.3.2
2015,19.1.4.1-134101,2000000,第一預備金,地政局主管,地政局,第一預備金,地政局,地政局主管,19.1.4.1
2015,19.2.1.1-130101,44729607,行政管理,地政局主管,土地開發總隊,一般行政,土地開發總隊,地政局主管,19.2.1.1
2015,19.2.2.1-130802,38428954,土地開發,地政局主管,土地開發總隊,促進土地利用,土地開發總隊,地政局主管,19.2.2.1
2015,19.2.3.1-132303,65346482,地籍測量,地政局主管,土地開發總隊,地籍管理,土地開發總隊,地政局主管,19.2.3.1
2015,19.2.4.1-137104,2541750,其他設備,地政局主管,土地開發總隊,建築及設備,土地開發總隊,地政局主管,19.2.4.1
2015,19.2.4.2-137103,550000,交通及運輸設備,地政局主管,土地開發總隊,建築及設備,土地開發總隊,地政局主管,19.2.4.2
2015,19.3.1.1-130101,37170544,行政管理,地政局主管,松山地政事務所,一般行政,松山地政事務所,地政局主管,19.3.1.1
2015,19.3.2.1-132302,84291222,地籍登記測量及管理,地政局主管,松山地政事務所,地籍管理,松山地政事務所,地政局主管,19.3.2.1
2015,19.3.3.1-137103,0,交通及運輸設備,地政局主管,松山地政事務所,建築及設備,松山地政事務所,地政局主管,19.3.3.1
2015,19.3.3.2-137104,1262318,其他設備,地政局主管,松山地政事務所,建築及設備,松山地政事務所,地政局主管,19.3.3.2
2015,19.4.1.1-130101,31234964,行政管理,地政局主管,大安地政事務所,一般行政,大安地政事務所,地政局主管,19.4.1.1
2015,19.4.2.1-132302,64759455,地籍登記測量及管理,地政局主管,大安地政事務所,地籍管理,大安地政事務所,地政局主管,19.4.2.1
2015,19.4.3.1-137102,0,營建工程,地政局主管,大安地政事務所,建築及設備,大安地政事務所,地政局主管,19.4.3.1
2015,19.4.3.2-137103,0,交通及運輸設備,地政局主管,大安地政事務所,建築及設備,大安地政事務所,地政局主管,19.4.3.2
2015,19.4.3.3-137104,1661222,其他設備,地政局主管,大安地政事務所,建築及設備,大安地政事務所,地政局主管,19.4.3.3
2015,19.5.1.1-130101,33612029,行政管理,地政局主管,中山地政事務所,一般行政,中山地政事務所,地政局主管,19.5.1.1
2015,19.5.2.1-132302,82519236,地籍登記測量及管理,地政局主管,中山地政事務所,地籍管理,中山地政事務所,地政局主管,19.5.2.1
2015,19.5.3.1-137102,0,營建工程,地政局主管,中山地政事務所,建築及設備,中山地政事務所,地政局主管,19.5.3.1
2015,19.5.3.2-137103,0,交通及運輸設備,地政局主管,中山地政事務所,建築及設備,中山地政事務所,地政局主管,19.5.3.2
2015,19.5.3.3-137104,1824954,其他設備,地政局主管,中山地政事務所,建築及設備,中山地政事務所,地政局主管,19.5.3.3
2015,19.6.1.1-130101,33076618,行政管理,地政局主管,古亭地政事務所,一般行政,古亭地政事務所,地政局主管,19.6.1.1
2015,19.6.2.1-132302,61116581,地籍登記測量及管理,地政局主管,古亭地政事務所,地籍管理,古亭地政事務所,地政局主管,19.6.2.1
2015,19.6.3.1-137102,0,營建工程,地政局主管,古亭地政事務所,建築及設備,古亭地政事務所,地政局主管,19.6.3.1
2015,19.6.3.2-137103,0,交通及運輸設備,地政局主管,古亭地政事務所,建築及設備,古亭地政事務所,地政局主管,19.6.3.2
2015,19.6.3.3-137104,1452900,其他設備,地政局主管,古亭地政事務所,建築及設備,古亭地政事務所,地政局主管,19.6.3.3
2015,19.7.1.1-130101,31212726,行政管理,地政局主管,建成地政事務所,一般行政,建成地政事務所,地政局主管,19.7.1.1
2015,19.7.2.1-132302,60307382,地籍登記測量及管理,地政局主管,建成地政事務所,地籍管理,建成地政事務所,地政局主管,19.7.2.1
2015,19.7.3.1-137104,867247,其他設備,地政局主管,建成地政事務所,建築及設備,建成地政事務所,地政局主管,19.7.3.1
2015,19.7.3.2-137103,550000,交通及運輸設備,地政局主管,建成地政事務所,建築及設備,建成地政事務所,地政局主管,19.7.3.2
2015,19.8.1.1-130101,34628886,行政管理,地政局主管,士林地政事務所,一般行政,士林地政事務所,地政局主管,19.8.1.1
2015,19.8.2.1-132302,91245271,地籍登記測量及管理,地政局主管,士林地政事務所,地籍管理,士林地政事務所,地政局主管,19.8.2.1
2015,19.8.3.1-137103,0,交通及運輸設備,地政局主管,士林地政事務所,建築及設備,士林地政事務所,地政局主管,19.8.3.1
2015,19.8.3.2-137104,1226934,其他設備,地政局主管,士林地政事務所,建築及設備,士林地政事務所,地政局主管,19.8.3.2
2015,20.1.1.1-130101,69773048,行政管理,兵役局主管,兵役局,一般行政,兵役局,兵役局主管,20.1.1.1
2015,20.1.2.1-130201,14095395,兵調體檢業務,兵役局主管,兵役局,役政業務,兵役局,兵役局主管,20.1.2.1
2015,20.1.2.2-130202,28517700,徵集勤務業務,兵役局主管,兵役局,役政業務,兵役局,兵役局主管,20.1.2.2
2015,20.1.2.3-130203,52518991,權益編管業務,兵役局主管,兵役局,役政業務,兵役局,兵役局主管,20.1.2.3
2015,20.1.2.4-130204,12503822,替代役業務,兵役局主管,兵役局,役政業務,兵役局,兵役局主管,20.1.2.4
2015,20.1.3.1-137102,23029634,營建工程,兵役局主管,兵役局,建築及設備,兵役局,兵役局主管,20.1.3.1
2015,20.1.3.2-137103,0,交通及運輸設備,兵役局主管,兵役局,建築及設備,兵役局,兵役局主管,20.1.3.2
2015,20.1.3.3-137104,1729976,其他設備,兵役局主管,兵役局,建築及設備,兵役局,兵役局主管,20.1.3.3
2015,20.1.4.1-134101,1000000,第一預備金,兵役局主管,兵役局,第一預備金,兵役局,兵役局主管,20.1.4.1
2015,21.1.1.1-320101,1000000,行政管理,臺北自來水事業處主管,臺北自來水事業處,一般行政,臺北自來水事業處,臺北自來水事業處主管,21.1.1.1
2015,21.1.2.1-327102,31050000,營建工程,臺北自來水事業處主管,臺北自來水事業處,建築及設備,臺北自來水事業處,臺北自來水事業處主管,21.1.2.1
2015,21.1.3.1-329004,158083325,臺北自來水事業處資,臺北自來水事業處主管,臺北自來水事業處,營業基金,臺北自來水事業處,臺北自來水事業處主管,21.1.3.1
2015,22.1.1.1-220101,166056644,行政管理,體育局主管,體育局,一般行政,體育局,體育局主管,22.1.1.1
2015,22.1.2.1-220201,42976550,體育發展,體育局主管,體育局,體育業務,體育局,體育局主管,22.1.2.1
2015,22.1.2.2-220202,140544864,運動設施管理維謢,體育局主管,體育局,體育業務,體育局,體育局主管,22.1.2.2
2015,22.1.2.3-220203,406024401,體育活動推展,體育局主管,體育局,體育業務,體育局,體育局主管,22.1.2.3
2015,22.1.2.4-220204,3089561921,2017世大運籌備,體育局主管,體育局,體育業務,體育局,體育局主管,22.1.2.4
2015,22.1.3.1-227102,26568292,營建工程,體育局主管,體育局,建築及設備,體育局,體育局主管,22.1.3.1
2015,22.1.3.2-227104,18249950,其他設備,體育局主管,體育局,建築及設備,體育局,體育局主管,22.1.3.2
2015,22.1.4.1-224101,9757000,第一預備金,體育局主管,體育局,第一預備金,體育局,體育局主管,22.1.4.1
2015,22.1.6.1-228302,0,接受中央各部會補助,體育局主管,體育局,接受補助建設支出,體育局,體育局主管,22.1.6.1
2015,23.1.1.1-120101,29011760,行政管理,資訊局主管,資訊局,一般行政,資訊局,資訊局主管,23.1.1.1
2015,23.1.2.1-120201,428031785,資訊管理、推動及應,資訊局主管,資訊局,資訊管理業務,資訊局,資訊局主管,23.1.2.1
2015,23.1.3.1-127102,0,營建工程,資訊局主管,資訊局,建築及設備,資訊局,資訊局主管,23.1.3.1
2015,23.1.3.2-127104,60354088,其他設備,資訊局主管,資訊局,建築及設備,資訊局,資訊局主管,23.1.3.2
2015,23.1.3.3-127103,550000,交通及運輸設備,資訊局主管,資訊局,建築及設備,資訊局,資訊局主管,23.1.3.3
2015,23.1.4.1-124101,600000,第一預備金,資訊局主管,資訊局,第一預備金,資訊局,資訊局主管,23.1.4.1
2015,24.1.1.1-120101,35673343,行政管理,法務局主管,法務局,一般行政,法務局,法務局主管,24.1.1.1
2015,24.1.2.1-120201,44778633,辦理人民訴願,法務局主管,法務局,訴願審議業務,法務局,法務局主管,24.1.2.1
2015,24.1.3.1-120301,33967339,法規整編及法令研究,法務局主管,法務局,法規業務,法務局,法務局主管,24.1.3.1
2015,24.1.4.1-120401,2073535,賠償審議,法務局主管,法務局,國家賠償業務,法務局,法務局主管,24.1.4.1
2015,24.1.5.1-120501,25409580,消保爭議及綜合業務,法務局主管,法務局,消保業務,法務局,法務局主管,24.1.5.1
2015,24.1.6.1-120601,10050497,採購爭議處理,法務局主管,法務局,採購爭議處理,法務局,法務局主管,24.1.6.1
2015,24.1.7.1-127102,116137,營建工程,法務局主管,法務局,建築及設備,法務局,法務局主管,24.1.7.1
2015,24.1.7.2-127104,952400,其他設備,法務局主管,法務局,建築及設備,法務局,法務局主管,24.1.7.2
2015,24.1.8.1-124101,820000,第一預備金,法務局主管,法務局,第一預備金,法務局,法務局主管,24.1.8.1
2015,29.1.1.1-330101,0,行政管理,捷運工程局主管,捷運工程局,一般行政,捷運工程局,捷運工程局主管,29.1.1.1
2015,29.1.2.1-338001,119049189,捷運系統工程,捷運工程局主管,捷運工程局,捷運系統工程,捷運工程局,捷運工程局主管,29.1.2.1
2015,41.1.1.1-614201,5225115967,公務人員退休及撫卹,其他支出,公務人員退休及撫卹給付,公務人員退休及撫卹給,公務人員退休及撫卹給付,其他支出,41.1.1.1
2015,41.2.1.1-914301,690909169,公務人員福利互助補,其他支出,公務人員福利互助補助,公務人員福利互助補助,公務人員福利互助補助,其他支出,41.2.1.1
2015,41.3.1.1-914401,35000000,國家賠償金,其他支出,國家賠償金,國家賠償金,國家賠償金,其他支出,41.3.1.1
2015,41.4.1.1-914501,300000000,公務人員(工)待遇準,其他支出,公務人員(工)待遇準備,公務人員(工)待遇準備,公務人員(工)待遇準備,其他支出,41.4.1.1
2015,41.5.1.1-425001,700000000,災害準備金,其他支出,災害準備金,災害準備金,災害準備金,其他支出,41.5.1.1
2015,42.1.1.1-925601,950000000,第二預備金,第二預備金,第二預備金,第二預備金,第二預備金,第二預備金,42.1.1.1